id,name,type,attribute,level,atk,def,img_url
2511,Labrynth Cooclock,Fiend,DARK,1.0,0.0,0.0,https://images.ygoprodeck.com/images/cards_cropped/2511.jpg
10000,Ten Thousand Dragon,Dragon,DARK,10.0,-1.0,-1.0,https://images.ygoprodeck.com/images/cards_cropped/10000.jpg
32864,The 13th Grave,Zombie,DARK,3.0,1200.0,900.0,https://images.ygoprodeck.com/images/cards_cropped/32864.jpg
35699,SPYRAL Sleeper,Fiend,LIGHT,8.0,2800.0,1200.0,https://images.ygoprodeck.com/images/cards_cropped/35699.jpg
39015,Assault Sentinel,Beast-Warrior,EARTH,4.0,1600.0,800.0,https://images.ygoprodeck.com/images/cards_cropped/39015.jpg
41546,D/D Savant Thomas,Fiend,DARK,8.0,1800.0,2600.0,https://images.ygoprodeck.com/images/cards_cropped/41546.jpg
44818,Starry Knight Orbitael,Fairy,LIGHT,4.0,400.0,2100.0,https://images.ygoprodeck.com/images/cards_cropped/44818.jpg
62121,Castle of Dark Illusions,Fiend,DARK,4.0,920.0,1930.0,https://images.ygoprodeck.com/images/cards_cropped/62121.jpg
64865,Cyberse Code Magician,Cyberse,DARK,7.0,2500.0,2000.0,https://images.ygoprodeck.com/images/cards_cropped/64865.jpg
102380,Lava Golem,Fiend,FIRE,8.0,3000.0,2500.0,https://images.ygoprodeck.com/images/cards_cropped/102380.jpg
114932,Seismic Crasher,Rock,EARTH,3.0,1400.0,300.0,https://images.ygoprodeck.com/images/cards_cropped/114932.jpg
122520,Performapal Sky Pupil,Spellcaster,LIGHT,3.0,800.0,800.0,https://images.ygoprodeck.com/images/cards_cropped/122520.jpg
123709,Laval Lancelord,Warrior,FIRE,6.0,2100.0,200.0,https://images.ygoprodeck.com/images/cards_cropped/123709.jpg
128454,Performapal Springoose,Winged Beast,WIND,5.0,1100.0,2400.0,https://images.ygoprodeck.com/images/cards_cropped/128454.jpg
131182,Miracle Flipper,Spellcaster,LIGHT,2.0,300.0,500.0,https://images.ygoprodeck.com/images/cards_cropped/131182.jpg
132308,Rikka Princess,Plant,WATER,4.0,0.0,0.0,https://images.ygoprodeck.com/images/cards_cropped/132308.jpg
135598,Key Mouse,Beast,EARTH,1.0,100.0,100.0,https://images.ygoprodeck.com/images/cards_cropped/135598.jpg
168917,Vylon Hept,Fairy,LIGHT,4.0,1800.0,800.0,https://images.ygoprodeck.com/images/cards_cropped/168917.jpg
176392,Koa'ki Meiru Prototype,Rock,EARTH,4.0,1800.0,1800.0,https://images.ygoprodeck.com/images/cards_cropped/176392.jpg
209710,Flick Clown,Cyberse,DARK,4.0,1000.0,1400.0,https://images.ygoprodeck.com/images/cards_cropped/209710.jpg
218704,Fenrir,Beast,WATER,4.0,1400.0,1200.0,https://images.ygoprodeck.com/images/cards_cropped/218704.jpg
220414,Performapal Turn Trooper,Warrior,LIGHT,4.0,1200.0,1200.0,https://images.ygoprodeck.com/images/cards_cropped/220414.jpg
255998,Rapid Warrior,Warrior,WIND,4.0,1200.0,200.0,https://images.ygoprodeck.com/images/cards_cropped/255998.jpg
263926,Bonze Alone,Fairy,EARTH,1.0,100.0,100.0,https://images.ygoprodeck.com/images/cards_cropped/263926.jpg
282886,Mermail Abyssnose,Fish,WATER,4.0,1500.0,1500.0,https://images.ygoprodeck.com/images/cards_cropped/282886.jpg
291414,Converging Wills Dragon,Dragon,LIGHT,1.0,0.0,0.0,https://images.ygoprodeck.com/images/cards_cropped/291414.jpg
293542,T.G. Warwolf,Beast-Warrior,DARK,3.0,1200.0,0.0,https://images.ygoprodeck.com/images/cards_cropped/293542.jpg
336369,Gusto Squirro,Thunder,WIND,2.0,0.0,1800.0,https://images.ygoprodeck.com/images/cards_cropped/336369.jpg
336601,Moon Gardna,Spellcaster,LIGHT,4.0,100.0,2000.0,https://images.ygoprodeck.com/images/cards_cropped/336601.jpg
340002,Performapal Elephammer,Beast,EARTH,6.0,2600.0,1800.0,https://images.ygoprodeck.com/images/cards_cropped/340002.jpg
342673,Dark Magician the Magician of Black Magic,Spellcaster,DARK,7.0,2500.0,2100.0,https://images.ygoprodeck.com/images/cards_cropped/342673.jpg
368382,Dinomist Brachion,Machine,WATER,5.0,2000.0,800.0,https://images.ygoprodeck.com/images/cards_cropped/368382.jpg
373085,Firebrand Hymnist,Pyro,FIRE,3.0,800.0,200.0,https://images.ygoprodeck.com/images/cards_cropped/373085.jpg
387282,Gagaga Sister,Spellcaster,DARK,2.0,200.0,800.0,https://images.ygoprodeck.com/images/cards_cropped/387282.jpg
402568,Wattgiraffe,Thunder,LIGHT,4.0,1200.0,100.0,https://images.ygoprodeck.com/images/cards_cropped/402568.jpg
410904,Awakening of the Possessed - Rasenryu,Dragon,WIND,5.0,2000.0,200.0,https://images.ygoprodeck.com/images/cards_cropped/410904.jpg
423585,Summoner Monk,Spellcaster,DARK,4.0,800.0,1600.0,https://images.ygoprodeck.com/images/cards_cropped/423585.jpg
423705,Gearfried the Iron Knight,Warrior,EARTH,4.0,1800.0,1600.0,https://images.ygoprodeck.com/images/cards_cropped/423705.jpg
425934,Goblin of Greed,Fiend,EARTH,4.0,1000.0,1800.0,https://images.ygoprodeck.com/images/cards_cropped/425934.jpg
487395,Water Spirit,Aqua,WATER,1.0,400.0,1200.0,https://images.ygoprodeck.com/images/cards_cropped/487395.jpg
525110,Cherry Inmato,Plant,DARK,2.0,700.0,400.0,https://images.ygoprodeck.com/images/cards_cropped/525110.jpg
545781,Mahaama the Fairy Dragon,Dragon,LIGHT,5.0,0.0,2500.0,https://images.ygoprodeck.com/images/cards_cropped/545781.jpg
549481,Prevent Rat,Beast,EARTH,4.0,500.0,2000.0,https://images.ygoprodeck.com/images/cards_cropped/549481.jpg
561300,Poisonous Viper,Reptile,EARTH,1.0,100.0,200.0,https://images.ygoprodeck.com/images/cards_cropped/561300.jpg
564541,Totem Dragon,Dragon,EARTH,2.0,400.0,200.0,https://images.ygoprodeck.com/images/cards_cropped/564541.jpg
572850,Tearlaments Scheiren,Aqua,DARK,4.0,1800.0,1300.0,https://images.ygoprodeck.com/images/cards_cropped/572850.jpg
595626,Ankuriboh,Fiend,DARK,1.0,300.0,200.0,https://images.ygoprodeck.com/images/cards_cropped/595626.jpg
598988,Malefic Rainbow Dragon,Dragon,DARK,10.0,4000.0,0.0,https://images.ygoprodeck.com/images/cards_cropped/598988.jpg
612115,Gladiator Beast Retiari,Aqua,WATER,3.0,1200.0,800.0,https://images.ygoprodeck.com/images/cards_cropped/612115.jpg
613013,Veiss Shark,Fish,WATER,4.0,1800.0,1100.0,https://images.ygoprodeck.com/images/cards_cropped/613013.jpg
637216,Monster Express,Machine,EARTH,4.0,1500.0,1200.0,https://images.ygoprodeck.com/images/cards_cropped/637216.jpg
645087,Cyberse Gadget,Cyberse,LIGHT,4.0,1400.0,300.0,https://images.ygoprodeck.com/images/cards_cropped/645087.jpg
645794,Majespecter Toad - Ogama,Spellcaster,WIND,4.0,1300.0,500.0,https://images.ygoprodeck.com/images/cards_cropped/645794.jpg
652362,Alien Ammonite,Reptile,LIGHT,1.0,500.0,200.0,https://images.ygoprodeck.com/images/cards_cropped/652362.jpg
706925,Atlantean Marksman,Sea Serpent,WATER,3.0,1400.0,0.0,https://images.ygoprodeck.com/images/cards_cropped/706925.jpg
732302,Temple of Skulls,Zombie,DARK,4.0,900.0,1300.0,https://images.ygoprodeck.com/images/cards_cropped/732302.jpg
734741,"Rubic, Malebranche of the Burning Abyss",Fiend,DARK,3.0,100.0,2100.0,https://images.ygoprodeck.com/images/cards_cropped/734741.jpg
744887,"Utgarda, Generaider Boss of Delusion",Rock,LIGHT,9.0,2200.0,2700.0,https://images.ygoprodeck.com/images/cards_cropped/744887.jpg
756652,Doron,Warrior,EARTH,2.0,900.0,500.0,https://images.ygoprodeck.com/images/cards_cropped/756652.jpg
759393,Hiita the Fire Charmer,Spellcaster,FIRE,3.0,500.0,1500.0,https://images.ygoprodeck.com/images/cards_cropped/759393.jpg
816427,Neo Flamvell Lady,Pyro,FIRE,4.0,1600.0,200.0,https://images.ygoprodeck.com/images/cards_cropped/816427.jpg
863795,Galaxy Summoner,Spellcaster,LIGHT,4.0,1600.0,1400.0,https://images.ygoprodeck.com/images/cards_cropped/863795.jpg
875572,"Crowley, the Gifted Magistus",Spellcaster,DARK,4.0,1800.0,1000.0,https://images.ygoprodeck.com/images/cards_cropped/875572.jpg
876330,Dragunity Arma Mystletainn,Dragon,WIND,6.0,2100.0,1500.0,https://images.ygoprodeck.com/images/cards_cropped/876330.jpg
899287,Glife the Phantom Bird,Winged Beast,WIND,4.0,1500.0,1500.0,https://images.ygoprodeck.com/images/cards_cropped/899287.jpg
923596,Geargiarmor,Machine,EARTH,4.0,1100.0,1900.0,https://images.ygoprodeck.com/images/cards_cropped/923596.jpg
938717,Boot-Up Corporal - Command Dynamo,Machine,EARTH,4.0,0.0,2000.0,https://images.ygoprodeck.com/images/cards_cropped/938717.jpg
980973,Armed Dragon LV3,Dragon,WIND,3.0,1200.0,900.0,https://images.ygoprodeck.com/images/cards_cropped/980973.jpg
984114,Expressroid,Machine,EARTH,4.0,400.0,1600.0,https://images.ygoprodeck.com/images/cards_cropped/984114.jpg
1003028,Doggy Diver,Warrior,DARK,4.0,1000.0,1000.0,https://images.ygoprodeck.com/images/cards_cropped/1003028.jpg
1006081,Junk Changer,Warrior,EARTH,3.0,1500.0,900.0,https://images.ygoprodeck.com/images/cards_cropped/1006081.jpg
1035143,Darkuriboh,Fiend,DARK,1.0,300.0,200.0,https://images.ygoprodeck.com/images/cards_cropped/1035143.jpg
1045143,Geargiano Mk-II,Machine,EARTH,3.0,1000.0,500.0,https://images.ygoprodeck.com/images/cards_cropped/1045143.jpg
1047075,Fighting Flame Swordsman,Warrior,FIRE,4.0,1800.0,1600.0,https://images.ygoprodeck.com/images/cards_cropped/1047075.jpg
1050186,Satellarknight Unukalhai,Warrior,LIGHT,4.0,1800.0,1000.0,https://images.ygoprodeck.com/images/cards_cropped/1050186.jpg
1102515,Dark Mimic LV3,Fiend,DARK,3.0,1000.0,1000.0,https://images.ygoprodeck.com/images/cards_cropped/1102515.jpg
1142880,Cyber Dragon Nachster,Machine,LIGHT,1.0,200.0,200.0,https://images.ygoprodeck.com/images/cards_cropped/1142880.jpg
1151281,Subterror Behemoth Phospheroglacier,Aqua,EARTH,8.0,2600.0,2500.0,https://images.ygoprodeck.com/images/cards_cropped/1151281.jpg
1164211,Shield of the Millennium Dynasty,Warrior,EARTH,5.0,0.0,3000.0,https://images.ygoprodeck.com/images/cards_cropped/1164211.jpg
1184620,Kojikocy,Warrior,EARTH,4.0,1500.0,1200.0,https://images.ygoprodeck.com/images/cards_cropped/1184620.jpg
1186447,"Horoscope Sorcerer, the Stargazer Magician",Spellcaster,DARK,5.0,1200.0,2400.0,https://images.ygoprodeck.com/images/cards_cropped/1186447.jpg
1225009,Arianna the Labrynth Servant,Fiend,DARK,4.0,1600.0,2100.0,https://images.ygoprodeck.com/images/cards_cropped/1225009.jpg
1274455,Kozmo Soartroopers,Psychic,DARK,3.0,1000.0,1000.0,https://images.ygoprodeck.com/images/cards_cropped/1274455.jpg
1278431,Ancient Gear Frame,Machine,EARTH,4.0,1600.0,500.0,https://images.ygoprodeck.com/images/cards_cropped/1278431.jpg
1281505,Vylon Tetra,Machine,LIGHT,2.0,900.0,900.0,https://images.ygoprodeck.com/images/cards_cropped/1281505.jpg
1287123,Prime Material Falcon,Winged Beast,WIND,5.0,2200.0,800.0,https://images.ygoprodeck.com/images/cards_cropped/1287123.jpg
1295442,Icejade Creation Aegirocassis,Aqua,WATER,7.0,2000.0,2000.0,https://images.ygoprodeck.com/images/cards_cropped/1295442.jpg
1315120,T.G. Striker,Warrior,EARTH,2.0,800.0,0.0,https://images.ygoprodeck.com/images/cards_cropped/1315120.jpg
1347977,Mysterious Guard,Spellcaster,EARTH,3.0,800.0,1200.0,https://images.ygoprodeck.com/images/cards_cropped/1347977.jpg
1357146,Ronintoadin,Aqua,WATER,2.0,100.0,2000.0,https://images.ygoprodeck.com/images/cards_cropped/1357146.jpg
1362589,Photon Crusher,Warrior,LIGHT,4.0,2000.0,0.0,https://images.ygoprodeck.com/images/cards_cropped/1362589.jpg
1371589,Vampiric Koala,Beast,EARTH,4.0,1800.0,1500.0,https://images.ygoprodeck.com/images/cards_cropped/1371589.jpg
1409474,Hazy Flame Sphynx,Beast-Warrior,FIRE,6.0,1900.0,1900.0,https://images.ygoprodeck.com/images/cards_cropped/1409474.jpg
1410324,Trickstar Hoody,Fairy,LIGHT,2.0,600.0,1800.0,https://images.ygoprodeck.com/images/cards_cropped/1410324.jpg
1434352,Chaos Necromancer,Fiend,DARK,1.0,0.0,0.0,https://images.ygoprodeck.com/images/cards_cropped/1434352.jpg
1474910,Bee List Soldier,Insect,WIND,1.0,500.0,400.0,https://images.ygoprodeck.com/images/cards_cropped/1474910.jpg
1498130,Kagemusha of the Six Samurai,Warrior,EARTH,2.0,400.0,1800.0,https://images.ygoprodeck.com/images/cards_cropped/1498130.jpg
1498449,Dracotail Faimena,Spellcaster,WATER,5.0,1300.0,2500.0,https://images.ygoprodeck.com/images/cards_cropped/1498449.jpg
1525329,The Hunter with 7 Weapons,Warrior,EARTH,3.0,1000.0,600.0,https://images.ygoprodeck.com/images/cards_cropped/1525329.jpg
1527418,"Wiz, Sage Fur Hire",Spellcaster,WATER,7.0,1600.0,2800.0,https://images.ygoprodeck.com/images/cards_cropped/1527418.jpg
1533292,R-Genex Magma,Pyro,FIRE,3.0,1000.0,200.0,https://images.ygoprodeck.com/images/cards_cropped/1533292.jpg
1557341,"Rose, Warrior of Revenge",Warrior,FIRE,4.0,1600.0,600.0,https://images.ygoprodeck.com/images/cards_cropped/1557341.jpg
1566817,Cupid Serve,Fairy,LIGHT,2.0,1000.0,600.0,https://images.ygoprodeck.com/images/cards_cropped/1566817.jpg
1571945,White Ninja,Warrior,LIGHT,4.0,1500.0,800.0,https://images.ygoprodeck.com/images/cards_cropped/1571945.jpg
1580833,Dinomist Stegosaur,Machine,WATER,4.0,1600.0,1800.0,https://images.ygoprodeck.com/images/cards_cropped/1580833.jpg
1586457,Deep-Space Cruiser IX,Machine,LIGHT,9.0,900.0,900.0,https://images.ygoprodeck.com/images/cards_cropped/1586457.jpg
1596508,Dimension Fortress Weapon,Machine,DARK,4.0,1700.0,200.0,https://images.ygoprodeck.com/images/cards_cropped/1596508.jpg
1662004,Brotherhood of the Fire Fist - Spirit,Beast-Warrior,FIRE,3.0,500.0,200.0,https://images.ygoprodeck.com/images/cards_cropped/1662004.jpg
1665819,Replicard LAD,Cyberse,DARK,7.0,2500.0,2500.0,https://images.ygoprodeck.com/images/cards_cropped/1665819.jpg
1697104,PSY-Framegear Epsilon,Psychic,LIGHT,2.0,1500.0,0.0,https://images.ygoprodeck.com/images/cards_cropped/1697104.jpg
1710476,Malefic Cyber End Dragon,Machine,DARK,10.0,4000.0,2800.0,https://images.ygoprodeck.com/images/cards_cropped/1710476.jpg
1710647,Yoa the Plague Deity Ashtra,Spellcaster,WIND,7.0,2400.0,1500.0,https://images.ygoprodeck.com/images/cards_cropped/1710647.jpg
1761063,Nekogal #1,Beast,EARTH,3.0,1100.0,900.0,https://images.ygoprodeck.com/images/cards_cropped/1761063.jpg
1764972,Doomkaiser Dragon/Assault Mode,Zombie,FIRE,8.0,2900.0,2000.0,https://images.ygoprodeck.com/images/cards_cropped/1764972.jpg
1784619,Uraby,Dinosaur,EARTH,4.0,1500.0,800.0,https://images.ygoprodeck.com/images/cards_cropped/1784619.jpg
1799464,Transcicada,Insect,EARTH,3.0,800.0,1000.0,https://images.ygoprodeck.com/images/cards_cropped/1799464.jpg
1826676,Toy Knight,Machine,EARTH,4.0,200.0,1200.0,https://images.ygoprodeck.com/images/cards_cropped/1826676.jpg
1833916,Heroic Challenger - Thousand Blades,Warrior,EARTH,4.0,1300.0,1100.0,https://images.ygoprodeck.com/images/cards_cropped/1833916.jpg
1834753,Overdrive Teleporter,Psychic,LIGHT,6.0,2100.0,1200.0,https://images.ygoprodeck.com/images/cards_cropped/1834753.jpg
1855886,Scar of the Vendread,Zombie,DARK,6.0,2300.0,0.0,https://images.ygoprodeck.com/images/cards_cropped/1855886.jpg
1872843,"Morpheus, the Dream Mirror White Knight",Warrior,LIGHT,8.0,1000.0,2800.0,https://images.ygoprodeck.com/images/cards_cropped/1872843.jpg
1876841,Morphtronic Scannen,Machine,EARTH,6.0,1500.0,600.0,https://images.ygoprodeck.com/images/cards_cropped/1876841.jpg
1929294,Key Mace,Fairy,LIGHT,1.0,400.0,300.0,https://images.ygoprodeck.com/images/cards_cropped/1929294.jpg
1953925,Ancient Gear Engineer,Machine,EARTH,5.0,1500.0,1500.0,https://images.ygoprodeck.com/images/cards_cropped/1953925.jpg
1966438,Abominable Unchained Soul,Fiend,DARK,8.0,3000.0,1500.0,https://images.ygoprodeck.com/images/cards_cropped/1966438.jpg
1980574,Hop Ear Squadron,Beast,WIND,2.0,300.0,600.0,https://images.ygoprodeck.com/images/cards_cropped/1980574.jpg
1995985,Silent Swordsman LV3,Warrior,LIGHT,3.0,1000.0,1000.0,https://images.ygoprodeck.com/images/cards_cropped/1995985.jpg
2009101,Blackwing - Gale the Whirlwind,Winged Beast,DARK,3.0,1300.0,400.0,https://images.ygoprodeck.com/images/cards_cropped/2009101.jpg
2067935,Gladiator Beast Lanista,Winged Beast,WIND,4.0,1800.0,1200.0,https://images.ygoprodeck.com/images/cards_cropped/2067935.jpg
2088870,Worm Victory,Reptile,LIGHT,7.0,0.0,2500.0,https://images.ygoprodeck.com/images/cards_cropped/2088870.jpg
2089016,Chronomaly Tuspa Rocket,Rock,EARTH,4.0,1000.0,1000.0,https://images.ygoprodeck.com/images/cards_cropped/2089016.jpg
2095764,"Bixi, Water of the Yang Zing",Wyrm,WATER,2.0,0.0,2000.0,https://images.ygoprodeck.com/images/cards_cropped/2095764.jpg
2102065,Brinegir,Sea Serpent,WATER,7.0,1000.0,2600.0,https://images.ygoprodeck.com/images/cards_cropped/2102065.jpg
2118022,Hyosube,Aqua,WATER,4.0,1500.0,900.0,https://images.ygoprodeck.com/images/cards_cropped/2118022.jpg
2134346,Asura Priest,Fairy,LIGHT,4.0,1700.0,1200.0,https://images.ygoprodeck.com/images/cards_cropped/2134346.jpg
2137678,Meklord Army of Granel,Machine,EARTH,4.0,1600.0,1200.0,https://images.ygoprodeck.com/images/cards_cropped/2137678.jpg
2139640,Amabie,Fairy,WATER,3.0,0.0,0.0,https://images.ygoprodeck.com/images/cards_cropped/2139640.jpg
2158562,Cyber Prima,Warrior,LIGHT,6.0,2300.0,1600.0,https://images.ygoprodeck.com/images/cards_cropped/2158562.jpg
2196767,Gambler of Legend,Spellcaster,DARK,4.0,500.0,1400.0,https://images.ygoprodeck.com/images/cards_cropped/2196767.jpg
2204038,Valkyrie Brunhilde,Fairy,LIGHT,7.0,1800.0,2000.0,https://images.ygoprodeck.com/images/cards_cropped/2204038.jpg
2250266,Morphtronic Staplen,Machine,EARTH,4.0,1400.0,1000.0,https://images.ygoprodeck.com/images/cards_cropped/2250266.jpg
2254222,Speedroid Wing Synchron,Machine,WIND,5.0,1500.0,1000.0,https://images.ygoprodeck.com/images/cards_cropped/2254222.jpg
2273734,Satellarknight Altair,Warrior,LIGHT,4.0,1700.0,1300.0,https://images.ygoprodeck.com/images/cards_cropped/2273734.jpg
2311090,Spright Carrot,Thunder,FIRE,2.0,1000.0,1900.0,https://images.ygoprodeck.com/images/cards_cropped/2311090.jpg
2311603,Overdrive,Machine,EARTH,4.0,1600.0,1500.0,https://images.ygoprodeck.com/images/cards_cropped/2311603.jpg
2316186,Princess Curran,Spellcaster,DARK,4.0,2000.0,0.0,https://images.ygoprodeck.com/images/cards_cropped/2316186.jpg
2326738,Des Lacooda,Zombie,EARTH,3.0,500.0,600.0,https://images.ygoprodeck.com/images/cards_cropped/2326738.jpg
2333365,Tyr of the Nordic Champions,Warrior,LIGHT,4.0,2000.0,2000.0,https://images.ygoprodeck.com/images/cards_cropped/2333365.jpg
2333466,Gandora-G the Dragon of Destruction,Dragon,DARK,8.0,0.0,0.0,https://images.ygoprodeck.com/images/cards_cropped/2333466.jpg
2347477,Micro Coder,Cyberse,DARK,1.0,300.0,0.0,https://images.ygoprodeck.com/images/cards_cropped/2347477.jpg
2347656,Lovely Labrynth of the Silver Castle,Fiend,DARK,8.0,2900.0,1900.0,https://images.ygoprodeck.com/images/cards_cropped/2347656.jpg
2356994,Great Long Nose,Beast-Warrior,DARK,5.0,1900.0,1700.0,https://images.ygoprodeck.com/images/cards_cropped/2356994.jpg
2377034,Neo Flamvell Hedgehog,Pyro,FIRE,3.0,800.0,200.0,https://images.ygoprodeck.com/images/cards_cropped/2377034.jpg
2396042,Steel Cavalry of Dinon,Dinosaur,EARTH,4.0,1600.0,2600.0,https://images.ygoprodeck.com/images/cards_cropped/2396042.jpg
2407147,Laval Volcano Handmaiden,Pyro,FIRE,1.0,100.0,200.0,https://images.ygoprodeck.com/images/cards_cropped/2407147.jpg
2414168,Interrupt Resistor,Cyberse,LIGHT,6.0,0.0,2100.0,https://images.ygoprodeck.com/images/cards_cropped/2414168.jpg
2420921,"Shire, Lightsworn Spirit",Fairy,LIGHT,3.0,400.0,1400.0,https://images.ygoprodeck.com/images/cards_cropped/2420921.jpg
2460565,Marauding Captain,Warrior,EARTH,3.0,1200.0,400.0,https://images.ygoprodeck.com/images/cards_cropped/2460565.jpg
2461031,Inzektor Ladybug,Insect,DARK,2.0,500.0,100.0,https://images.ygoprodeck.com/images/cards_cropped/2461031.jpg
2468169,Sealmaster Meisei,Spellcaster,DARK,3.0,1100.0,900.0,https://images.ygoprodeck.com/images/cards_cropped/2468169.jpg
2483611,Water Omotics,Aqua,WATER,4.0,1400.0,1200.0,https://images.ygoprodeck.com/images/cards_cropped/2483611.jpg
2501624,Dark Magician Girl the Magician's Apprentice,Spellcaster,DARK,6.0,2000.0,1700.0,https://images.ygoprodeck.com/images/cards_cropped/2501624.jpg
2511717,Legendary Six Samurai - Kageki,Warrior,WIND,3.0,200.0,2000.0,https://images.ygoprodeck.com/images/cards_cropped/2511717.jpg
2521011,Brotherhood of the Fire Fist - Swallow,Beast-Warrior,FIRE,5.0,2000.0,800.0,https://images.ygoprodeck.com/images/cards_cropped/2521011.jpg
2525268,"Defender, the Magical Knight",Spellcaster,LIGHT,4.0,1600.0,2000.0,https://images.ygoprodeck.com/images/cards_cropped/2525268.jpg
2526224,Fire King High Avatar Kirin,Beast,FIRE,8.0,2400.0,200.0,https://images.ygoprodeck.com/images/cards_cropped/2526224.jpg
2563463,Wandering Gryphon Rider,Winged Beast,WIND,7.0,2000.0,2800.0,https://images.ygoprodeck.com/images/cards_cropped/2563463.jpg
2584136,Shocktopus,Fish,WATER,4.0,1600.0,800.0,https://images.ygoprodeck.com/images/cards_cropped/2584136.jpg
2602411,Wizard Buster Destruction Sword,Spellcaster,DARK,3.0,1200.0,900.0,https://images.ygoprodeck.com/images/cards_cropped/2602411.jpg
2618045,Photon Chargeman,Warrior,LIGHT,4.0,1000.0,1000.0,https://images.ygoprodeck.com/images/cards_cropped/2618045.jpg
2618725,GMX Partner Selandea,Warrior,FIRE,5.0,1500.0,1900.0,https://images.ygoprodeck.com/images/cards_cropped/2618725.jpg
2619149,Gladiator Beast Samnite,Beast,EARTH,3.0,1600.0,1200.0,https://images.ygoprodeck.com/images/cards_cropped/2619149.jpg
2648201,ZW - Sleipnir Mail,Beast,LIGHT,4.0,1000.0,1000.0,https://images.ygoprodeck.com/images/cards_cropped/2648201.jpg
2656842,Beetrooper Scout Buggy,Insect,WIND,3.0,1000.0,300.0,https://images.ygoprodeck.com/images/cards_cropped/2656842.jpg
2671330,Hyper Hammerhead,Dinosaur,EARTH,4.0,1500.0,1200.0,https://images.ygoprodeck.com/images/cards_cropped/2671330.jpg
2694423,Medusa Worm,Rock,EARTH,2.0,500.0,600.0,https://images.ygoprodeck.com/images/cards_cropped/2694423.jpg
2729285,Fluffal Cat,Fairy,EARTH,1.0,700.0,300.0,https://images.ygoprodeck.com/images/cards_cropped/2729285.jpg
2732323,Decoy Dragon,Dragon,FIRE,2.0,300.0,200.0,https://images.ygoprodeck.com/images/cards_cropped/2732323.jpg
2752099,Rose Shaman,Warrior,EARTH,4.0,1700.0,200.0,https://images.ygoprodeck.com/images/cards_cropped/2752099.jpg
2792265,Servant of Catabolism,Aqua,LIGHT,3.0,700.0,500.0,https://images.ygoprodeck.com/images/cards_cropped/2792265.jpg
2801664,Ancient Warriors - Valiant Zhang De,Beast-Warrior,WIND,7.0,2700.0,900.0,https://images.ygoprodeck.com/images/cards_cropped/2801664.jpg
2810642,PSY-Framegear Beta,Psychic,LIGHT,1.0,700.0,0.0,https://images.ygoprodeck.com/images/cards_cropped/2810642.jpg
2830619,Flame Viper,Pyro,EARTH,2.0,400.0,450.0,https://images.ygoprodeck.com/images/cards_cropped/2830619.jpg
2830693,Rainbow Kuriboh,Fiend,LIGHT,1.0,100.0,100.0,https://images.ygoprodeck.com/images/cards_cropped/2830693.jpg
2843014,Nimble Sunfish,Fish,WATER,2.0,1000.0,100.0,https://images.ygoprodeck.com/images/cards_cropped/2843014.jpg
2851070,Reflect Bounder,Machine,LIGHT,4.0,1700.0,1000.0,https://images.ygoprodeck.com/images/cards_cropped/2851070.jpg
2863439,Fiend Reflection #2,Winged Beast,LIGHT,4.0,1100.0,1400.0,https://images.ygoprodeck.com/images/cards_cropped/2863439.jpg
2881864,"Naglfar, Generaider Boss of Fire",Beast-Warrior,FIRE,9.0,3100.0,200.0,https://images.ygoprodeck.com/images/cards_cropped/2881864.jpg
2906250,Grappler,Reptile,WATER,4.0,1300.0,1200.0,https://images.ygoprodeck.com/images/cards_cropped/2906250.jpg
2932235,Thousand Umbral Horror,Fiend,DARK,4.0,0.0,0.0,https://images.ygoprodeck.com/images/cards_cropped/2932235.jpg
2948263,Gogogo Golem - Golden Form,Rock,EARTH,4.0,-1.0,1500.0,https://images.ygoprodeck.com/images/cards_cropped/2948263.jpg
2957055,Wicked Dragon with the Ersatz Head,Dragon,WIND,3.0,900.0,900.0,https://images.ygoprodeck.com/images/cards_cropped/2957055.jpg
2964201,Ryu-Ran,Dragon,FIRE,7.0,2200.0,2600.0,https://images.ygoprodeck.com/images/cards_cropped/2964201.jpg
2971090,Orion the Battle King,Fairy,LIGHT,5.0,1800.0,1500.0,https://images.ygoprodeck.com/images/cards_cropped/2971090.jpg
2980764,Consecrated Light,Fairy,LIGHT,1.0,0.0,0.0,https://images.ygoprodeck.com/images/cards_cropped/2980764.jpg
2986553,Twilight Rose Knight,Warrior,DARK,3.0,1000.0,1000.0,https://images.ygoprodeck.com/images/cards_cropped/2986553.jpg
2992467,Click & Echo,Sea Serpent,WATER,2.0,300.0,2100.0,https://images.ygoprodeck.com/images/cards_cropped/2992467.jpg
3019642,Cyberdark Keel,Machine,DARK,4.0,800.0,800.0,https://images.ygoprodeck.com/images/cards_cropped/3019642.jpg
3026686,Valkyrie Dritte,Fairy,LIGHT,4.0,1000.0,1600.0,https://images.ygoprodeck.com/images/cards_cropped/3026686.jpg
3030892,Test Ape,Beast,EARTH,2.0,700.0,300.0,https://images.ygoprodeck.com/images/cards_cropped/3030892.jpg
3048768,Angello Vaalmonica,Fairy,DARK,4.0,1200.0,2100.0,https://images.ygoprodeck.com/images/cards_cropped/3048768.jpg
3056267,Invader of the Throne,Warrior,EARTH,4.0,1350.0,1700.0,https://images.ygoprodeck.com/images/cards_cropped/3056267.jpg
3064425,Superheavy Samurai Soulbang Cannon,Machine,EARTH,3.0,1000.0,1000.0,https://images.ygoprodeck.com/images/cards_cropped/3064425.jpg
3064783,Shining Umbral Horror,Fiend,LIGHT,4.0,0.0,2000.0,https://images.ygoprodeck.com/images/cards_cropped/3064783.jpg
3070049,Snow Dragon,Dragon,WATER,4.0,1400.0,900.0,https://images.ygoprodeck.com/images/cards_cropped/3070049.jpg
3072077,Return Zombie,Zombie,DARK,4.0,1000.0,1600.0,https://images.ygoprodeck.com/images/cards_cropped/3072077.jpg
3072808,Blackwing - Hillen the Tengu-wind,Winged Beast,DARK,5.0,0.0,2300.0,https://images.ygoprodeck.com/images/cards_cropped/3072808.jpg
3078380,Timaeus the United Dragon,Dragon,LIGHT,8.0,2800.0,1800.0,https://images.ygoprodeck.com/images/cards_cropped/3078380.jpg
3078576,Yata-Garasu,Fiend,WIND,2.0,200.0,100.0,https://images.ygoprodeck.com/images/cards_cropped/3078576.jpg
3084730,Bio-Insect Armor,Insect,EARTH,5.0,1500.0,2000.0,https://images.ygoprodeck.com/images/cards_cropped/3084730.jpg
3096468,Tatsunecro,Zombie,DARK,3.0,500.0,1700.0,https://images.ygoprodeck.com/images/cards_cropped/3096468.jpg
3111207,Lappis Dragon,Sea Serpent,WATER,5.0,0.0,2600.0,https://images.ygoprodeck.com/images/cards_cropped/3111207.jpg
3117804,Superheavy Samurai Big Benkei,Machine,EARTH,8.0,1000.0,3500.0,https://images.ygoprodeck.com/images/cards_cropped/3117804.jpg
3121655,Junk Dragonlet,Machine,EARTH,5.0,2100.0,1800.0,https://images.ygoprodeck.com/images/cards_cropped/3121655.jpg
3134241,Flying Kamakiri #2,Insect,WIND,4.0,1500.0,800.0,https://images.ygoprodeck.com/images/cards_cropped/3134241.jpg
3137279,"Ixeep, Omen of the Ghoti",Fish,WATER,4.0,1500.0,0.0,https://images.ygoprodeck.com/images/cards_cropped/3137279.jpg
3167573,Puppet King,Warrior,EARTH,7.0,2800.0,2600.0,https://images.ygoprodeck.com/images/cards_cropped/3167573.jpg
3170832,Takuhee,Winged Beast,WIND,4.0,1450.0,1000.0,https://images.ygoprodeck.com/images/cards_cropped/3170832.jpg
3204467,Worm Solid,Reptile,LIGHT,4.0,1000.0,1600.0,https://images.ygoprodeck.com/images/cards_cropped/3204467.jpg
3233859,Psychic Wheeleder,Psychic,EARTH,3.0,600.0,0.0,https://images.ygoprodeck.com/images/cards_cropped/3233859.jpg
3248469,Wannabee!,Insect,LIGHT,2.0,0.0,0.0,https://images.ygoprodeck.com/images/cards_cropped/3248469.jpg
3283679,Evoltile Lagosucho,Reptile,FIRE,3.0,1200.0,500.0,https://images.ygoprodeck.com/images/cards_cropped/3283679.jpg
3289027,"Parl, Hermit of Dark World",Fiend,DARK,1.0,300.0,100.0,https://images.ygoprodeck.com/images/cards_cropped/3289027.jpg
3300267,Hieratic Dragon of Su,Dragon,LIGHT,6.0,2200.0,1000.0,https://images.ygoprodeck.com/images/cards_cropped/3300267.jpg
3355732,Icejade Kosmochlor,Aqua,WATER,10.0,1500.0,3000.0,https://images.ygoprodeck.com/images/cards_cropped/3355732.jpg
3361010,Kitsuni Kitsunebi,Warrior,FIRE,3.0,200.0,1900.0,https://images.ygoprodeck.com/images/cards_cropped/3361010.jpg
3370104,Cyber Phoenix,Machine,FIRE,4.0,1200.0,1600.0,https://images.ygoprodeck.com/images/cards_cropped/3370104.jpg
3376703,Arcana Force V - The Hierophant,Fairy,LIGHT,4.0,1500.0,1500.0,https://images.ygoprodeck.com/images/cards_cropped/3376703.jpg
3381441,Gravekeeper's Priestess,Spellcaster,DARK,3.0,1000.0,1500.0,https://images.ygoprodeck.com/images/cards_cropped/3381441.jpg
3395226,Mozarta the Melodious Maestra,Fairy,LIGHT,8.0,2600.0,2000.0,https://images.ygoprodeck.com/images/cards_cropped/3395226.jpg
3405259,C-Crush Wyvern,Machine,LIGHT,4.0,1200.0,2000.0,https://images.ygoprodeck.com/images/cards_cropped/3405259.jpg
3422200,Crystron Sulfefnir,Machine,WATER,5.0,2000.0,1500.0,https://images.ygoprodeck.com/images/cards_cropped/3422200.jpg
3428069,"Buster Blader, the Destruction Swordmaster",Warrior,EARTH,7.0,2600.0,2300.0,https://images.ygoprodeck.com/images/cards_cropped/3428069.jpg
3431737,Assault Beast,Beast-Warrior,EARTH,4.0,1900.0,1200.0,https://images.ygoprodeck.com/images/cards_cropped/3431737.jpg
3434362,Rustin Mammoth,Machine,EARTH,5.0,2100.0,2100.0,https://images.ygoprodeck.com/images/cards_cropped/3434362.jpg
3493978,Don Turtle,Reptile,WATER,3.0,1100.0,1200.0,https://images.ygoprodeck.com/images/cards_cropped/3493978.jpg
3510565,Stealth Bird,Winged Beast,DARK,3.0,700.0,1700.0,https://images.ygoprodeck.com/images/cards_cropped/3510565.jpg
3534077,Coach Soldier Wolfbark,Beast-Warrior,FIRE,4.0,1600.0,1200.0,https://images.ygoprodeck.com/images/cards_cropped/3534077.jpg
3536537,Evilswarm Zahak,Dragon,DARK,4.0,1850.0,850.0,https://images.ygoprodeck.com/images/cards_cropped/3536537.jpg
3549275,Dice Jar,Rock,LIGHT,3.0,200.0,300.0,https://images.ygoprodeck.com/images/cards_cropped/3549275.jpg
3557275,White Duston,Fiend,LIGHT,1.0,0.0,1000.0,https://images.ygoprodeck.com/images/cards_cropped/3557275.jpg
3560069,Latency,Cyberse,LIGHT,1.0,0.0,0.0,https://images.ygoprodeck.com/images/cards_cropped/3560069.jpg
3573512,Swordsman of Landstar,Warrior,EARTH,3.0,500.0,1200.0,https://images.ygoprodeck.com/images/cards_cropped/3573512.jpg
3580032,Merlin,Spellcaster,DARK,3.0,1400.0,500.0,https://images.ygoprodeck.com/images/cards_cropped/3580032.jpg
3598351,Evil HERO Toxic Bubble,Fiend,WATER,4.0,800.0,1200.0,https://images.ygoprodeck.com/images/cards_cropped/3598351.jpg
3603242,Shreddder,Machine,EARTH,4.0,1600.0,1000.0,https://images.ygoprodeck.com/images/cards_cropped/3603242.jpg
3606209,One Who Hunts Souls,Beast-Warrior,EARTH,4.0,1100.0,1000.0,https://images.ygoprodeck.com/images/cards_cropped/3606209.jpg
3606728,Gagaga Girl,Spellcaster,DARK,3.0,1000.0,800.0,https://images.ygoprodeck.com/images/cards_cropped/3606728.jpg
3611830,"Endymion, the Mighty Master of Magic",Spellcaster,DARK,7.0,2800.0,1700.0,https://images.ygoprodeck.com/images/cards_cropped/3611830.jpg
3627449,Skull Guardian,Warrior,LIGHT,7.0,2050.0,2500.0,https://images.ygoprodeck.com/images/cards_cropped/3627449.jpg
3629090,Cyber Angel Idaten,Fairy,LIGHT,6.0,1600.0,2000.0,https://images.ygoprodeck.com/images/cards_cropped/3629090.jpg
3635138,Emissaries from Darkness,Fiend,DARK,7.0,2700.0,2500.0,https://images.ygoprodeck.com/images/cards_cropped/3635138.jpg
3643300,The Legendary Fisherman,Warrior,WATER,5.0,1850.0,1600.0,https://images.ygoprodeck.com/images/cards_cropped/3643300.jpg
3648368,Ally of Justice Searcher,Machine,DARK,3.0,1400.0,100.0,https://images.ygoprodeck.com/images/cards_cropped/3648368.jpg
3657444,Cyber Valley,Machine,LIGHT,1.0,0.0,0.0,https://images.ygoprodeck.com/images/cards_cropped/3657444.jpg
3715284,Meklord Army Deployer Obbligato,Machine,LIGHT,4.0,1200.0,1800.0,https://images.ygoprodeck.com/images/cards_cropped/3715284.jpg
3717252,Shaddoll Beast,Spellcaster,DARK,5.0,2200.0,1700.0,https://images.ygoprodeck.com/images/cards_cropped/3717252.jpg
3723262,Wizard @Ignister,Cyberse,DARK,4.0,1800.0,800.0,https://images.ygoprodeck.com/images/cards_cropped/3723262.jpg
3732747,Water Element,Aqua,WATER,3.0,900.0,700.0,https://images.ygoprodeck.com/images/cards_cropped/3732747.jpg
3739500,Ruler of the End of the World,Fiend,DARK,10.0,3000.0,2900.0,https://images.ygoprodeck.com/images/cards_cropped/3739500.jpg
3752422,Performapal Lebellman,Fairy,LIGHT,6.0,100.0,2600.0,https://images.ygoprodeck.com/images/cards_cropped/3752422.jpg
3773196,D.D. Scout Plane,Machine,DARK,2.0,800.0,1200.0,https://images.ygoprodeck.com/images/cards_cropped/3773196.jpg
3775068,Indiora Doom Volt the Cubic Emperor,Fairy,LIGHT,4.0,0.0,0.0,https://images.ygoprodeck.com/images/cards_cropped/3775068.jpg
3784434,Rampaging Rhynos,Beast-Warrior,EARTH,3.0,1500.0,1500.0,https://images.ygoprodeck.com/images/cards_cropped/3784434.jpg
3797883,Slot Machine,Machine,DARK,7.0,2000.0,2300.0,https://images.ygoprodeck.com/images/cards_cropped/3797883.jpg
3806388,Core of Chaos,Thunder,LIGHT,2.0,0.0,1600.0,https://images.ygoprodeck.com/images/cards_cropped/3806388.jpg
3810071,Monk Fighter,Rock,EARTH,3.0,1300.0,1000.0,https://images.ygoprodeck.com/images/cards_cropped/3810071.jpg
3825890,Gravekeeper's Visionary,Spellcaster,DARK,8.0,2000.0,1800.0,https://images.ygoprodeck.com/images/cards_cropped/3825890.jpg
3837261,Dragonic Warrior,Dragon,FIRE,4.0,1500.0,1000.0,https://images.ygoprodeck.com/images/cards_cropped/3837261.jpg
3841833,Fluffal Bear,Fairy,EARTH,3.0,1200.0,800.0,https://images.ygoprodeck.com/images/cards_cropped/3841833.jpg
3846170,"Karakuri Soldier mdl 236 ""Nisamu""",Machine,EARTH,4.0,1400.0,200.0,https://images.ygoprodeck.com/images/cards_cropped/3846170.jpg
3859859,Performapal Sky Magician Girl,Spellcaster,WIND,5.0,2000.0,1500.0,https://images.ygoprodeck.com/images/cards_cropped/3859859.jpg
3900605,Absorbing Jar,Rock,EARTH,3.0,600.0,500.0,https://images.ygoprodeck.com/images/cards_cropped/3900605.jpg
3909436,Vendread Battlelord,Zombie,DARK,7.0,2700.0,0.0,https://images.ygoprodeck.com/images/cards_cropped/3909436.jpg
3912064,The Tripper Mercury,Aqua,WATER,8.0,2000.0,2000.0,https://images.ygoprodeck.com/images/cards_cropped/3912064.jpg
3918345,Magical Reflect Slime,Aqua,WATER,3.0,700.0,1200.0,https://images.ygoprodeck.com/images/cards_cropped/3918345.jpg
3954901,Felgrand Dragon,Dragon,LIGHT,8.0,2800.0,2800.0,https://images.ygoprodeck.com/images/cards_cropped/3954901.jpg
3985011,Lucky Trinket,Spellcaster,LIGHT,2.0,600.0,800.0,https://images.ygoprodeck.com/images/cards_cropped/3985011.jpg
4022819,Hieratic Dragon of Eset,Dragon,LIGHT,5.0,1900.0,1200.0,https://images.ygoprodeck.com/images/cards_cropped/4022819.jpg
4035199,Shapesnatch,Machine,DARK,5.0,1200.0,1700.0,https://images.ygoprodeck.com/images/cards_cropped/4035199.jpg
4041838,Ninja Grandmaster Sasuke,Warrior,LIGHT,4.0,1800.0,1000.0,https://images.ygoprodeck.com/images/cards_cropped/4041838.jpg
4042268,Island Turtle,Aqua,WATER,4.0,1100.0,2000.0,https://images.ygoprodeck.com/images/cards_cropped/4042268.jpg
4055337,Orcust Knightmare,Machine,DARK,7.0,100.0,2000.0,https://images.ygoprodeck.com/images/cards_cropped/4055337.jpg
4058065,Evilswarm Salamandra,Dinosaur,DARK,4.0,1850.0,950.0,https://images.ygoprodeck.com/images/cards_cropped/4058065.jpg
4068622,Blackwing - Aurora the Northern Lights,Winged Beast,LIGHT,10.0,-1.0,0.0,https://images.ygoprodeck.com/images/cards_cropped/4068622.jpg
4081665,Performage Stilts Launcher,Spellcaster,EARTH,6.0,2200.0,0.0,https://images.ygoprodeck.com/images/cards_cropped/4081665.jpg
4130270,G.B. Hunter,Warrior,EARTH,4.0,1200.0,2000.0,https://images.ygoprodeck.com/images/cards_cropped/4130270.jpg
4141820,Djinn Prognosticator of Rituals,Fiend,DARK,3.0,400.0,300.0,https://images.ygoprodeck.com/images/cards_cropped/4141820.jpg
4145852,Zoodiac Ramram,Beast-Warrior,EARTH,4.0,400.0,2000.0,https://images.ygoprodeck.com/images/cards_cropped/4145852.jpg
4145915,Gimmick Puppet Fiendish Knight,Machine,DARK,4.0,1800.0,500.0,https://images.ygoprodeck.com/images/cards_cropped/4145915.jpg
4148264,"Shiny Black ""C"" Squadder",Insect,EARTH,4.0,2000.0,0.0,https://images.ygoprodeck.com/images/cards_cropped/4148264.jpg
4162088,Cyber Laser Dragon,Machine,LIGHT,7.0,2400.0,1800.0,https://images.ygoprodeck.com/images/cards_cropped/4162088.jpg
4179849,Queen of Autumn Leaves,Plant,EARTH,5.0,1800.0,1500.0,https://images.ygoprodeck.com/images/cards_cropped/4179849.jpg
4192696,"Eco, Mystical Spirit of the Forest",Plant,EARTH,4.0,1700.0,1000.0,https://images.ygoprodeck.com/images/cards_cropped/4192696.jpg
4215180,Lollipo☆Yummy,Beast,LIGHT,1.0,600.0,1200.0,https://images.ygoprodeck.com/images/cards_cropped/4215180.jpg
4239451,Performapal Turn Toad,Aqua,WATER,2.0,0.0,800.0,https://images.ygoprodeck.com/images/cards_cropped/4239451.jpg
4252828,Mermaid Archer,Sea Serpent,WATER,3.0,1200.0,200.0,https://images.ygoprodeck.com/images/cards_cropped/4252828.jpg
4253484,Gladiator Beast Hoplomus,Rock,EARTH,4.0,700.0,2100.0,https://images.ygoprodeck.com/images/cards_cropped/4253484.jpg
4266839,Kiseitai,Fiend,DARK,2.0,300.0,800.0,https://images.ygoprodeck.com/images/cards_cropped/4266839.jpg
4271596,King of the Ashened City,Pyro,DARK,8.0,1400.0,2700.0,https://images.ygoprodeck.com/images/cards_cropped/4271596.jpg
4334811,Scrap Recycler,Machine,EARTH,3.0,900.0,1200.0,https://images.ygoprodeck.com/images/cards_cropped/4334811.jpg
4335427,"Sophia, Goddess of Rebirth",Fairy,DARK,11.0,3600.0,3400.0,https://images.ygoprodeck.com/images/cards_cropped/4335427.jpg
4335645,Newdoria,Fiend,DARK,4.0,1200.0,800.0,https://images.ygoprodeck.com/images/cards_cropped/4335645.jpg
4367330,Zoodiac Bunnyblast,Beast-Warrior,EARTH,4.0,800.0,800.0,https://images.ygoprodeck.com/images/cards_cropped/4367330.jpg
4376658,Familiar-Possessed - Hiita,Spellcaster,FIRE,4.0,1850.0,1500.0,https://images.ygoprodeck.com/images/cards_cropped/4376658.jpg
4388680,Revendread Slayer,Zombie,DARK,6.0,2400.0,0.0,https://images.ygoprodeck.com/images/cards_cropped/4388680.jpg
4392470,Leo Wizard,Spellcaster,EARTH,5.0,1350.0,1200.0,https://images.ygoprodeck.com/images/cards_cropped/4392470.jpg
4404099,The Dragon Dwelling in the Deep,Sea Serpent,WATER,4.0,1700.0,1400.0,https://images.ygoprodeck.com/images/cards_cropped/4404099.jpg
4417407,Mecha Phantom Beast Blackfalcon,Machine,WIND,4.0,1200.0,1700.0,https://images.ygoprodeck.com/images/cards_cropped/4417407.jpg
4472318,Bayerock Dragon,Dinosaur,EARTH,6.0,2300.0,1800.0,https://images.ygoprodeck.com/images/cards_cropped/4472318.jpg
4474060,SPYRAL GEAR - Drone,Machine,WIND,1.0,100.0,100.0,https://images.ygoprodeck.com/images/cards_cropped/4474060.jpg
4483598,Full Active Duplex,Cyberse,WIND,9.0,2800.0,1000.0,https://images.ygoprodeck.com/images/cards_cropped/4483598.jpg
4538826,"Chaos Emperor, the Dragon of Armageddon",Dragon,DARK,8.0,3000.0,2500.0,https://images.ygoprodeck.com/images/cards_cropped/4538826.jpg
4545683,Meklord Emperor Granel,Machine,EARTH,1.0,0.0,0.0,https://images.ygoprodeck.com/images/cards_cropped/4545683.jpg
4549095,Battlin' Boxer Counterpunch,Warrior,FIRE,3.0,0.0,1100.0,https://images.ygoprodeck.com/images/cards_cropped/4549095.jpg
4550066,Rebuildeer,Cyberse,WIND,4.0,1800.0,800.0,https://images.ygoprodeck.com/images/cards_cropped/4550066.jpg
4611269,Lion Alligator,Reptile,WATER,4.0,1900.0,200.0,https://images.ygoprodeck.com/images/cards_cropped/4611269.jpg
4632019,Yamatako Orochi,Sea Serpent,WATER,1.0,0.0,800.0,https://images.ygoprodeck.com/images/cards_cropped/4632019.jpg
4647954,ZS - Ascended Sage,Warrior,LIGHT,4.0,900.0,300.0,https://images.ygoprodeck.com/images/cards_cropped/4647954.jpg
4694209,Card Guard,Fiend,DARK,4.0,1600.0,500.0,https://images.ygoprodeck.com/images/cards_cropped/4694209.jpg
4722253,Lightray Gearfried,Warrior,LIGHT,8.0,2800.0,2200.0,https://images.ygoprodeck.com/images/cards_cropped/4722253.jpg
4732017,Molten Zombie,Pyro,FIRE,4.0,1600.0,400.0,https://images.ygoprodeck.com/images/cards_cropped/4732017.jpg
4754691,Amphibious Bugroth MK-11,Machine,WATER,5.0,1850.0,1500.0,https://images.ygoprodeck.com/images/cards_cropped/4754691.jpg
4756629,Evilswarm Kerykeion,Spellcaster,DARK,4.0,1600.0,1550.0,https://images.ygoprodeck.com/images/cards_cropped/4756629.jpg
4779091,Yubel - Terror Incarnate,Fiend,DARK,11.0,0.0,0.0,https://images.ygoprodeck.com/images/cards_cropped/4779091.jpg
4786063,Superheavy Samurai Soulfire Suit,Machine,FIRE,2.0,800.0,800.0,https://images.ygoprodeck.com/images/cards_cropped/4786063.jpg
4807253,Performage Flame Eater,Spellcaster,FIRE,4.0,1200.0,1600.0,https://images.ygoprodeck.com/images/cards_cropped/4807253.jpg
4810828,"Sauravis, the Ancient and Ascended",Dragon,LIGHT,7.0,2600.0,2800.0,https://images.ygoprodeck.com/images/cards_cropped/4810828.jpg
4836680,Performapal Odd-Eyes Seer,Spellcaster,DARK,6.0,100.0,1800.0,https://images.ygoprodeck.com/images/cards_cropped/4836680.jpg
4837861,Meklord Astro Dragon Triskelion,Machine,DARK,10.0,3000.0,0.0,https://images.ygoprodeck.com/images/cards_cropped/4837861.jpg
4848423,Muscle Medic,Warrior,WATER,4.0,2200.0,100.0,https://images.ygoprodeck.com/images/cards_cropped/4848423.jpg
4849037,Performance of Sword,Warrior,EARTH,6.0,1950.0,1850.0,https://images.ygoprodeck.com/images/cards_cropped/4849037.jpg
4881365,Alligator's Dragon Knight,Dragon,WIND,5.0,1700.0,1500.0,https://images.ygoprodeck.com/images/cards_cropped/4881365.jpg
4896788,Spirit of the Pot of Greed,Fairy,LIGHT,1.0,100.0,100.0,https://images.ygoprodeck.com/images/cards_cropped/4896788.jpg
4904812,Genex Undine,Aqua,WATER,3.0,1200.0,600.0,https://images.ygoprodeck.com/images/cards_cropped/4904812.jpg
4906301,Necro Gardna,Warrior,DARK,3.0,600.0,1300.0,https://images.ygoprodeck.com/images/cards_cropped/4906301.jpg
4918855,Vampire Voivode,Zombie,DARK,8.0,2800.0,2100.0,https://images.ygoprodeck.com/images/cards_cropped/4918855.jpg
4920010,Souls of the Forgotten,Fiend,DARK,2.0,900.0,200.0,https://images.ygoprodeck.com/images/cards_cropped/4920010.jpg
4928565,Tearlaments Kashtira,Psychic,WATER,7.0,2300.0,1200.0,https://images.ygoprodeck.com/images/cards_cropped/4928565.jpg
4929256,Mobius the Frost Monarch,Aqua,WATER,6.0,2400.0,1000.0,https://images.ygoprodeck.com/images/cards_cropped/4929256.jpg
4931562,Mountain Warrior,Beast-Warrior,EARTH,3.0,600.0,1000.0,https://images.ygoprodeck.com/images/cards_cropped/4931562.jpg
4939890,Shaddoll Hedgehog,Spellcaster,DARK,3.0,800.0,200.0,https://images.ygoprodeck.com/images/cards_cropped/4939890.jpg
4941482,Informer Spider,Insect,EARTH,4.0,500.0,1800.0,https://images.ygoprodeck.com/images/cards_cropped/4941482.jpg
4991081,Harpie's Pet Dragon - Fearsome Fire Blast,Dragon,WIND,7.0,2000.0,2500.0,https://images.ygoprodeck.com/images/cards_cropped/4991081.jpg
4998619,Buster Gundil the Cubic Behemoth,Beast,LIGHT,4.0,0.0,0.0,https://images.ygoprodeck.com/images/cards_cropped/4998619.jpg
5008836,"Exodia, the Legendary Defender",Spellcaster,DARK,10.0,-1.0,-1.0,https://images.ygoprodeck.com/images/cards_cropped/5008836.jpg
5010422,Prediction Princess Astromorrigan,Fairy,DARK,3.0,1300.0,0.0,https://images.ygoprodeck.com/images/cards_cropped/5010422.jpg
5053103,Battle Ox,Beast-Warrior,EARTH,4.0,1700.0,1000.0,https://images.ygoprodeck.com/images/cards_cropped/5053103.jpg
5067884,Dinomist Spinos,Machine,WATER,5.0,2500.0,1800.0,https://images.ygoprodeck.com/images/cards_cropped/5067884.jpg
5068132,Dream Cicada,Insect,WIND,3.0,300.0,1300.0,https://images.ygoprodeck.com/images/cards_cropped/5068132.jpg
5087128,Shelrokket Dragon,Dragon,DARK,2.0,1100.0,2000.0,https://images.ygoprodeck.com/images/cards_cropped/5087128.jpg
5121528,B.E.S. Derringer Core,Machine,LIGHT,10.0,1900.0,3000.0,https://images.ygoprodeck.com/images/cards_cropped/5121528.jpg
5126490,Neos Wiseman,Spellcaster,LIGHT,10.0,3000.0,3000.0,https://images.ygoprodeck.com/images/cards_cropped/5126490.jpg
5130393,Millennium Seeker,Spellcaster,DARK,4.0,1000.0,1000.0,https://images.ygoprodeck.com/images/cards_cropped/5130393.jpg
5141117,The Abyss Dragon Swordsoul,Wyrm,FIRE,8.0,3000.0,2900.0,https://images.ygoprodeck.com/images/cards_cropped/5141117.jpg
5177985,Shiranui Swordmaster,Zombie,FIRE,2.0,600.0,0.0,https://images.ygoprodeck.com/images/cards_cropped/5177985.jpg
5182107,Superheavy Samurai Security,Machine,EARTH,4.0,500.0,1500.0,https://images.ygoprodeck.com/images/cards_cropped/5182107.jpg
5186893,Red-Eyes Zombie Dragon,Zombie,DARK,7.0,2400.0,2000.0,https://images.ygoprodeck.com/images/cards_cropped/5186893.jpg
5205146,Infinitrack Road Roller,Machine,EARTH,5.0,2100.0,2100.0,https://images.ygoprodeck.com/images/cards_cropped/5205146.jpg
5206415,Thunder Dragonlord,Thunder,LIGHT,9.0,3000.0,2000.0,https://images.ygoprodeck.com/images/cards_cropped/5206415.jpg
5220687,Super-Nimble Mega Hamster,Beast,EARTH,4.0,1100.0,1800.0,https://images.ygoprodeck.com/images/cards_cropped/5220687.jpg
5230799,Magical Musketeer Kidbrave,Fiend,LIGHT,3.0,1600.0,200.0,https://images.ygoprodeck.com/images/cards_cropped/5230799.jpg
5237827,Vylon Ohm,Fairy,LIGHT,4.0,1500.0,200.0,https://images.ygoprodeck.com/images/cards_cropped/5237827.jpg
5244497,Cameraclops,Warrior,LIGHT,4.0,1400.0,1600.0,https://images.ygoprodeck.com/images/cards_cropped/5244497.jpg
5257687,Jowls of Dark Demise,Fiend,WATER,2.0,200.0,100.0,https://images.ygoprodeck.com/images/cards_cropped/5257687.jpg
5259518,Predaplant Heliamphorhynchus,Plant,DARK,8.0,1200.0,2400.0,https://images.ygoprodeck.com/images/cards_cropped/5259518.jpg
5265750,Skull Mariner,Warrior,WATER,4.0,1600.0,900.0,https://images.ygoprodeck.com/images/cards_cropped/5265750.jpg
5267507,Earthbound Immortal Red Nova,Fiend,DARK,12.0,3500.0,3000.0,https://images.ygoprodeck.com/images/cards_cropped/5267507.jpg
5284653,Evilswarm Obliviwisp,Pyro,DARK,4.0,450.0,2050.0,https://images.ygoprodeck.com/images/cards_cropped/5284653.jpg
5285665,Elemental HERO Neo Bubbleman,Warrior,WATER,4.0,800.0,1200.0,https://images.ygoprodeck.com/images/cards_cropped/5285665.jpg
5291803,Chronomaly Tula Guardian,Rock,EARTH,5.0,1800.0,900.0,https://images.ygoprodeck.com/images/cards_cropped/5291803.jpg
5298175,Fortune Fairy Swee,Spellcaster,WATER,4.0,0.0,0.0,https://images.ygoprodeck.com/images/cards_cropped/5298175.jpg
5325155,"Tsukahagi, the Poisonous Mayakashi",Zombie,EARTH,2.0,0.0,2000.0,https://images.ygoprodeck.com/images/cards_cropped/5325155.jpg
5352328,Exosister Sophia,Spellcaster,LIGHT,4.0,100.0,800.0,https://images.ygoprodeck.com/images/cards_cropped/5352328.jpg
5361647,Battlin' Boxer Glassjaw,Warrior,FIRE,4.0,2000.0,0.0,https://images.ygoprodeck.com/images/cards_cropped/5361647.jpg
5361816,Noble Knight Pellinore,Warrior,LIGHT,4.0,1900.0,500.0,https://images.ygoprodeck.com/images/cards_cropped/5361816.jpg
5370235,Cyberdark Chimera,Machine,DARK,4.0,800.0,2100.0,https://images.ygoprodeck.com/images/cards_cropped/5370235.jpg
5373478,Cyber Dragon Zwei,Machine,LIGHT,4.0,1500.0,1000.0,https://images.ygoprodeck.com/images/cards_cropped/5373478.jpg
5388481,Darkfire Soldier #1,Pyro,FIRE,4.0,1700.0,1150.0,https://images.ygoprodeck.com/images/cards_cropped/5388481.jpg
5399521,Symphonic Warrior Miccs,Machine,WIND,5.0,2300.0,1100.0,https://images.ygoprodeck.com/images/cards_cropped/5399521.jpg
5405694,Black Luster Soldier,Warrior,EARTH,8.0,3000.0,2500.0,https://images.ygoprodeck.com/images/cards_cropped/5405694.jpg
5434080,Headless Knight,Fiend,EARTH,4.0,1450.0,1700.0,https://images.ygoprodeck.com/images/cards_cropped/5434080.jpg
5438492,Warrior Lady of the Wasteland,Warrior,EARTH,4.0,1100.0,1200.0,https://images.ygoprodeck.com/images/cards_cropped/5438492.jpg
5464695,Blazing Inpachi,Pyro,FIRE,4.0,1850.0,0.0,https://images.ygoprodeck.com/images/cards_cropped/5464695.jpg
5489987,Flower Cardian Cherry Blossom with Curtain,Warrior,DARK,3.0,2000.0,2000.0,https://images.ygoprodeck.com/images/cards_cropped/5489987.jpg
5498296,"Scarr, Scout of Dark World",Fiend,DARK,2.0,500.0,500.0,https://images.ygoprodeck.com/images/cards_cropped/5498296.jpg
5506791,Majespecter Cat - Nekomata,Spellcaster,WIND,3.0,100.0,1800.0,https://images.ygoprodeck.com/images/cards_cropped/5506791.jpg
5519829,Counselor Lily,Fairy,EARTH,3.0,400.0,1500.0,https://images.ygoprodeck.com/images/cards_cropped/5519829.jpg
5554990,Wattberyx,Thunder,LIGHT,3.0,300.0,0.0,https://images.ygoprodeck.com/images/cards_cropped/5554990.jpg
5556499,Machina Fortress,Machine,EARTH,7.0,2500.0,1600.0,https://images.ygoprodeck.com/images/cards_cropped/5556499.jpg
5560911,Destrudo the Lost Dragon's Frisson,Dragon,DARK,7.0,1000.0,3000.0,https://images.ygoprodeck.com/images/cards_cropped/5560911.jpg
5577149,Battleguard Cadet,Warrior,EARTH,1.0,50.0,100.0,https://images.ygoprodeck.com/images/cards_cropped/5577149.jpg
5592689,Samsara Lotus,Plant,DARK,1.0,0.0,0.0,https://images.ygoprodeck.com/images/cards_cropped/5592689.jpg
5628232,Flying Penguin,Aqua,WATER,4.0,1200.0,1000.0,https://images.ygoprodeck.com/images/cards_cropped/5628232.jpg
5640330,Hannibal Necromancer,Spellcaster,DARK,4.0,1400.0,1800.0,https://images.ygoprodeck.com/images/cards_cropped/5640330.jpg
5645210,Splendid Venus,Fairy,LIGHT,8.0,2800.0,2400.0,https://images.ygoprodeck.com/images/cards_cropped/5645210.jpg
5763020,Weeping Idol,Rock,DARK,2.0,0.0,500.0,https://images.ygoprodeck.com/images/cards_cropped/5763020.jpg
5780210,Creation Resonator,Fiend,WIND,3.0,800.0,600.0,https://images.ygoprodeck.com/images/cards_cropped/5780210.jpg
5817857,Koa'ki Meiru Ghoulungulate,Zombie,EARTH,5.0,2500.0,1700.0,https://images.ygoprodeck.com/images/cards_cropped/5817857.jpg
5818294,Bujingi Turtle,Beast,LIGHT,4.0,1700.0,1200.0,https://images.ygoprodeck.com/images/cards_cropped/5818294.jpg
5818798,Gazelle the King of Mythical Beasts,Beast,EARTH,4.0,1500.0,1200.0,https://images.ygoprodeck.com/images/cards_cropped/5818798.jpg
5846183,Appliancer Breakerbuncle,Machine,WATER,1.0,0.0,0.0,https://images.ygoprodeck.com/images/cards_cropped/5846183.jpg
5852388,Xeno Meteorus,Dinosaur,FIRE,6.0,2000.0,200.0,https://images.ygoprodeck.com/images/cards_cropped/5852388.jpg
5861892,Arcana Force EX - The Light Ruler,Fairy,LIGHT,10.0,4000.0,4000.0,https://images.ygoprodeck.com/images/cards_cropped/5861892.jpg
5901497,Queen's Double,Warrior,EARTH,1.0,350.0,300.0,https://images.ygoprodeck.com/images/cards_cropped/5901497.jpg
5908650,Shopina the Melodious Maestra,Fairy,LIGHT,7.0,2300.0,1700.0,https://images.ygoprodeck.com/images/cards_cropped/5908650.jpg
5929801,Raidraptor - Fuzzy Lanius,Winged Beast,DARK,4.0,500.0,1500.0,https://images.ygoprodeck.com/images/cards_cropped/5929801.jpg
5969957,Rokket Recharger,Dragon,DARK,4.0,0.0,2100.0,https://images.ygoprodeck.com/images/cards_cropped/5969957.jpg
5975022,Gladiator Beast Murmillo,Fish,WATER,3.0,800.0,400.0,https://images.ygoprodeck.com/images/cards_cropped/5975022.jpg
5997110,D/D Count Surveyor,Fiend,DARK,8.0,2000.0,2000.0,https://images.ygoprodeck.com/images/cards_cropped/5997110.jpg
5998840,XX-Saber Boggart Knight,Beast-Warrior,EARTH,4.0,1900.0,1000.0,https://images.ygoprodeck.com/images/cards_cropped/5998840.jpg
6007213,"Uria, Lord of Searing Flames",Pyro,FIRE,10.0,0.0,0.0,https://images.ygoprodeck.com/images/cards_cropped/6007213.jpg
6022371,Water Dragon Cluster,Sea Serpent,WATER,10.0,2800.0,2600.0,https://images.ygoprodeck.com/images/cards_cropped/6022371.jpg
6039967,Vampire Fraulein,Zombie,DARK,5.0,600.0,2000.0,https://images.ygoprodeck.com/images/cards_cropped/6039967.jpg
6043161,R.B. Ga10 Driller,Machine,EARTH,3.0,500.0,500.0,https://images.ygoprodeck.com/images/cards_cropped/6043161.jpg
6061630,Magical Exemplar,Spellcaster,EARTH,4.0,1700.0,1400.0,https://images.ygoprodeck.com/images/cards_cropped/6061630.jpg
6071005,Witchcrafter Marka,Spellcaster,DARK,6.0,2500.0,0.0,https://images.ygoprodeck.com/images/cards_cropped/6071005.jpg
6075801,Paladin of Felgrand,Warrior,LIGHT,4.0,1700.0,300.0,https://images.ygoprodeck.com/images/cards_cropped/6075801.jpg
6083904,Diabrocken the Ominous Specter,Fiend,FIRE,6.0,2000.0,2000.0,https://images.ygoprodeck.com/images/cards_cropped/6083904.jpg
6103114,Beaked Snake,Reptile,EARTH,3.0,800.0,900.0,https://images.ygoprodeck.com/images/cards_cropped/6103114.jpg
6103294,Emissary of the Oasis,Spellcaster,LIGHT,3.0,600.0,400.0,https://images.ygoprodeck.com/images/cards_cropped/6103294.jpg
6104968,Bubonic Vermin,Beast,EARTH,3.0,900.0,600.0,https://images.ygoprodeck.com/images/cards_cropped/6104968.jpg
6116731,Swarm of Centipedes,Insect,DARK,3.0,1500.0,500.0,https://images.ygoprodeck.com/images/cards_cropped/6116731.jpg
6128460,Wightbaking,Zombie,DARK,1.0,300.0,200.0,https://images.ygoprodeck.com/images/cards_cropped/6128460.jpg
6133894,Mazera DeVille,Fiend,DARK,8.0,2800.0,2300.0,https://images.ygoprodeck.com/images/cards_cropped/6133894.jpg
6142213,Turbo Rocket,Machine,WIND,2.0,0.0,0.0,https://images.ygoprodeck.com/images/cards_cropped/6142213.jpg
6142488,Fluffal Mouse,Fairy,EARTH,1.0,100.0,100.0,https://images.ygoprodeck.com/images/cards_cropped/6142488.jpg
6180710,Dream Shark,Fish,WATER,5.0,0.0,2600.0,https://images.ygoprodeck.com/images/cards_cropped/6180710.jpg
6205579,Fusion Parasite,Insect,DARK,1.0,0.0,0.0,https://images.ygoprodeck.com/images/cards_cropped/6205579.jpg
6214884,"Brron, Mad King of Dark World",Fiend,DARK,4.0,1800.0,400.0,https://images.ygoprodeck.com/images/cards_cropped/6214884.jpg
6256844,R-Genex Turbo,Machine,WIND,4.0,1500.0,1300.0,https://images.ygoprodeck.com/images/cards_cropped/6256844.jpg
6276588,"Karakuri Ninja mdl 919 ""Kuick""",Machine,EARTH,4.0,1700.0,1500.0,https://images.ygoprodeck.com/images/cards_cropped/6276588.jpg
6283472,Amorphage Pride,Dragon,EARTH,4.0,1750.0,0.0,https://images.ygoprodeck.com/images/cards_cropped/6283472.jpg
6285791,The Wicked Worm Beast,Beast,EARTH,3.0,1400.0,700.0,https://images.ygoprodeck.com/images/cards_cropped/6285791.jpg
6297941,Burglar,Beast,EARTH,3.0,850.0,800.0,https://images.ygoprodeck.com/images/cards_cropped/6297941.jpg
6311717,Fortune Fairy Hikari,Spellcaster,LIGHT,1.0,0.0,0.0,https://images.ygoprodeck.com/images/cards_cropped/6311717.jpg
6320631,Koa'ki Meiru Boulder,Rock,EARTH,4.0,1200.0,1000.0,https://images.ygoprodeck.com/images/cards_cropped/6320631.jpg
6327734,Hu-Li the Jewel Mikanko,Psychic,WIND,3.0,0.0,0.0,https://images.ygoprodeck.com/images/cards_cropped/6327734.jpg
6330307,DZW - Chimera Clad,Fiend,DARK,1.0,0.0,0.0,https://images.ygoprodeck.com/images/cards_cropped/6330307.jpg
6337436,Rapid-Fire Magician,Spellcaster,DARK,4.0,1600.0,1200.0,https://images.ygoprodeck.com/images/cards_cropped/6337436.jpg
6351548,Dawn Knight,Warrior,LIGHT,4.0,1400.0,1200.0,https://images.ygoprodeck.com/images/cards_cropped/6351548.jpg
6353603,Brotherhood of the Fire Fist - Bear,Beast-Warrior,FIRE,4.0,1600.0,1200.0,https://images.ygoprodeck.com/images/cards_cropped/6353603.jpg
6355563,Y-Yare Head,Machine,LIGHT,4.0,1500.0,1600.0,https://images.ygoprodeck.com/images/cards_cropped/6355563.jpg
6361316,WAKE CUP! Kuro,Aqua,WIND,7.0,400.0,2700.0,https://images.ygoprodeck.com/images/cards_cropped/6361316.jpg
6367785,Eldeen,Spellcaster,LIGHT,3.0,950.0,1000.0,https://images.ygoprodeck.com/images/cards_cropped/6367785.jpg
6368038,Gaia The Fierce Knight,Warrior,EARTH,7.0,2300.0,2100.0,https://images.ygoprodeck.com/images/cards_cropped/6368038.jpg
6400512,Cyber Commander,Machine,DARK,2.0,750.0,700.0,https://images.ygoprodeck.com/images/cards_cropped/6400512.jpg
6438003,Ancient Warriors - Deceptive Jia Wen,Beast-Warrior,FIRE,4.0,1100.0,1800.0,https://images.ygoprodeck.com/images/cards_cropped/6438003.jpg
6442944,Kaiser Sea Snake,Sea Serpent,WATER,8.0,2500.0,1000.0,https://images.ygoprodeck.com/images/cards_cropped/6442944.jpg
6480253,Wroughtweiler,Machine,EARTH,3.0,800.0,1200.0,https://images.ygoprodeck.com/images/cards_cropped/6480253.jpg
6483224,"Radius, the Half-Moon Dragon",Dragon,LIGHT,4.0,1400.0,1200.0,https://images.ygoprodeck.com/images/cards_cropped/6483224.jpg
6544078,Izanagi,Fairy,WIND,6.0,2200.0,1000.0,https://images.ygoprodeck.com/images/cards_cropped/6544078.jpg
6552938,Raidraptor - Rudder Strix,Winged Beast,DARK,4.0,0.0,1600.0,https://images.ygoprodeck.com/images/cards_cropped/6552938.jpg
6556909,Red-Eyes Soul,Dragon,DARK,7.0,900.0,2000.0,https://images.ygoprodeck.com/images/cards_cropped/6556909.jpg
6579928,Secret Six Samurai - Kizaru,Warrior,EARTH,4.0,1900.0,1000.0,https://images.ygoprodeck.com/images/cards_cropped/6579928.jpg
6609736,Noh-P.U.N.K. Deer Note,Warrior,EARTH,5.0,2100.0,1800.0,https://images.ygoprodeck.com/images/cards_cropped/6609736.jpg
6614221,Fog King,Spellcaster,WATER,7.0,0.0,0.0,https://images.ygoprodeck.com/images/cards_cropped/6614221.jpg
6616912,"Gabrion, the Timelord",Fairy,WATER,10.0,0.0,0.0,https://images.ygoprodeck.com/images/cards_cropped/6616912.jpg
6625096,Beautunaful Princess,Fish,WATER,1.0,0.0,0.0,https://images.ygoprodeck.com/images/cards_cropped/6625096.jpg
6628343,Beginning Knight,Warrior,LIGHT,4.0,500.0,2000.0,https://images.ygoprodeck.com/images/cards_cropped/6628343.jpg
6631034,Frostosaurus,Dinosaur,WATER,6.0,2600.0,1700.0,https://images.ygoprodeck.com/images/cards_cropped/6631034.jpg
6637331,Bystial Druiswurm,Dragon,DARK,6.0,2500.0,2000.0,https://images.ygoprodeck.com/images/cards_cropped/6637331.jpg
6696168,Festiballoon,Illusion,LIGHT,8.0,0.0,0.0,https://images.ygoprodeck.com/images/cards_cropped/6696168.jpg
6728559,Archnemeses Protos,Wyrm,DARK,11.0,2500.0,3000.0,https://images.ygoprodeck.com/images/cards_cropped/6728559.jpg
6740720,Seiyaryu,Dragon,LIGHT,7.0,2500.0,2300.0,https://images.ygoprodeck.com/images/cards_cropped/6740720.jpg
6764709,F.A. Dark Dragster,Machine,DARK,7.0,0.0,2000.0,https://images.ygoprodeck.com/images/cards_cropped/6764709.jpg
6783559,Self-Destruct Ant,Insect,EARTH,3.0,1500.0,1000.0,https://images.ygoprodeck.com/images/cards_cropped/6783559.jpg
6812770,Performage Cup Tricker,Spellcaster,LIGHT,5.0,1200.0,1400.0,https://images.ygoprodeck.com/images/cards_cropped/6812770.jpg
6830480,Twilight Ninja Kagen,Warrior,DARK,1.0,0.0,2000.0,https://images.ygoprodeck.com/images/cards_cropped/6830480.jpg
6836211,The Great Emperor Penguin,Aqua,WATER,5.0,1800.0,1500.0,https://images.ygoprodeck.com/images/cards_cropped/6836211.jpg
6849042,Super-Ancient Dinobeast,Dinosaur,EARTH,8.0,2700.0,1400.0,https://images.ygoprodeck.com/images/cards_cropped/6849042.jpg
6901008,Phantom King Hydride,Fiend,DARK,3.0,1500.0,300.0,https://images.ygoprodeck.com/images/cards_cropped/6901008.jpg
6903857,Power Breaker,Warrior,EARTH,4.0,1900.0,0.0,https://images.ygoprodeck.com/images/cards_cropped/6903857.jpg
6917479,Vampire Red Baron,Zombie,DARK,6.0,2400.0,1000.0,https://images.ygoprodeck.com/images/cards_cropped/6917479.jpg
6924874,Harpie's Pet Baby Dragon,Dragon,WIND,4.0,1200.0,600.0,https://images.ygoprodeck.com/images/cards_cropped/6924874.jpg
6930746,Schwarzschild Limit Dragon,Dragon,DARK,8.0,2000.0,0.0,https://images.ygoprodeck.com/images/cards_cropped/6930746.jpg
6967870,Dark Scorpion - Cliff the Trap Remover,Warrior,DARK,3.0,1200.0,1000.0,https://images.ygoprodeck.com/images/cards_cropped/6967870.jpg
6979239,Woodland Sprite,Plant,EARTH,3.0,900.0,400.0,https://images.ygoprodeck.com/images/cards_cropped/6979239.jpg
6990577,Guardragon Andrake,Dragon,WIND,4.0,2000.0,600.0,https://images.ygoprodeck.com/images/cards_cropped/6990577.jpg
7019529,Insect Soldiers of the Sky,Insect,WIND,3.0,1000.0,800.0,https://images.ygoprodeck.com/images/cards_cropped/7019529.jpg
7021574,Kuriboo,Fiend,DARK,1.0,300.0,200.0,https://images.ygoprodeck.com/images/cards_cropped/7021574.jpg
7025445,Power Giant,Rock,EARTH,6.0,2200.0,0.0,https://images.ygoprodeck.com/images/cards_cropped/7025445.jpg
7080743,Express Train Trolley Olley,Machine,EARTH,4.0,1800.0,1000.0,https://images.ygoprodeck.com/images/cards_cropped/7080743.jpg
7084129,Magician's Rod,Spellcaster,DARK,3.0,1600.0,100.0,https://images.ygoprodeck.com/images/cards_cropped/7084129.jpg
7089711,Hane-Hane,Beast,EARTH,2.0,450.0,500.0,https://images.ygoprodeck.com/images/cards_cropped/7089711.jpg
7093411,Crystal Beast Sapphire Pegasus,Beast,WIND,4.0,1800.0,1200.0,https://images.ygoprodeck.com/images/cards_cropped/7093411.jpg
7102732,Clear Rage Golem,Rock,DARK,4.0,1600.0,1800.0,https://images.ygoprodeck.com/images/cards_cropped/7102732.jpg
7127502,"Lector Pendulum, the Dracoverlord",Dragon,DARK,4.0,1950.0,0.0,https://images.ygoprodeck.com/images/cards_cropped/7127502.jpg
7150545,Buzzsaw Shark,Fish,WATER,4.0,1600.0,500.0,https://images.ygoprodeck.com/images/cards_cropped/7150545.jpg
7152333,Umbral Horror Ghoul,Fiend,DARK,4.0,1800.0,0.0,https://images.ygoprodeck.com/images/cards_cropped/7152333.jpg
7161742,Predaplant Cordyceps,Plant,DARK,1.0,0.0,0.0,https://images.ygoprodeck.com/images/cards_cropped/7161742.jpg
7166709,Steel-Stringed Sacrifice,Warrior,LIGHT,1.0,800.0,1000.0,https://images.ygoprodeck.com/images/cards_cropped/7166709.jpg
7171149,Toon Ancient Gear Golem,Machine,EARTH,8.0,3000.0,3000.0,https://images.ygoprodeck.com/images/cards_cropped/7171149.jpg
7180418,Armor Exe,Rock,LIGHT,4.0,2400.0,1400.0,https://images.ygoprodeck.com/images/cards_cropped/7180418.jpg
7183277,"Aurkus, Lightsworn Druid",Beast-Warrior,LIGHT,3.0,1200.0,1800.0,https://images.ygoprodeck.com/images/cards_cropped/7183277.jpg
7198399,Chocolate Magician Girl,Spellcaster,WATER,4.0,1600.0,1000.0,https://images.ygoprodeck.com/images/cards_cropped/7198399.jpg
7200041,Metal Shooter,Machine,LIGHT,5.0,800.0,800.0,https://images.ygoprodeck.com/images/cards_cropped/7200041.jpg
7225792,Mon Larvas,Beast,EARTH,4.0,1300.0,1400.0,https://images.ygoprodeck.com/images/cards_cropped/7225792.jpg
7241272,Curse of Dragonfire,Dragon,DARK,5.0,2000.0,1500.0,https://images.ygoprodeck.com/images/cards_cropped/7241272.jpg
7264861,Infernity Beast,Beast,DARK,3.0,1600.0,1200.0,https://images.ygoprodeck.com/images/cards_cropped/7264861.jpg
7268133,Performapal Life Swordsman,Warrior,LIGHT,1.0,0.0,0.0,https://images.ygoprodeck.com/images/cards_cropped/7268133.jpg
7279373,Abyss Actor - Twinkle Little Star,Fiend,DARK,4.0,1000.0,1000.0,https://images.ygoprodeck.com/images/cards_cropped/7279373.jpg
7291576,Secret Six Samurai - Genba,Warrior,FIRE,2.0,500.0,2100.0,https://images.ygoprodeck.com/images/cards_cropped/7291576.jpg
7304544,Naturia Pineapple,Plant,EARTH,2.0,100.0,100.0,https://images.ygoprodeck.com/images/cards_cropped/7304544.jpg
7305060,Amorphage Greed,Dragon,EARTH,4.0,0.0,1950.0,https://images.ygoprodeck.com/images/cards_cropped/7305060.jpg
7359741,Mechanicalchaser,Machine,DARK,4.0,1850.0,800.0,https://images.ygoprodeck.com/images/cards_cropped/7359741.jpg
7369217,Metallizing Parasite - Lunatite,Aqua,WATER,7.0,1000.0,500.0,https://images.ygoprodeck.com/images/cards_cropped/7369217.jpg
7375867,Dracotail Mululu,Dragon,DARK,3.0,1100.0,1500.0,https://images.ygoprodeck.com/images/cards_cropped/7375867.jpg
7392745,Chewbone,Zombie,EARTH,3.0,300.0,300.0,https://images.ygoprodeck.com/images/cards_cropped/7392745.jpg
7407724,Erica the Rikka Fairy,Plant,WATER,6.0,2400.0,1000.0,https://images.ygoprodeck.com/images/cards_cropped/7407724.jpg
7409792,Dynatherium,Beast,WIND,4.0,1600.0,600.0,https://images.ygoprodeck.com/images/cards_cropped/7409792.jpg
7428507,Burial Summit Xenovader△ Helheim,Psychic,EARTH,6.0,2400.0,1200.0,https://images.ygoprodeck.com/images/cards_cropped/7428507.jpg
7443908,Hayate the Earth Star,Warrior,EARTH,5.0,2100.0,0.0,https://images.ygoprodeck.com/images/cards_cropped/7443908.jpg
7445307,Dual Assembwurm,Cyberse,DARK,8.0,2800.0,1000.0,https://images.ygoprodeck.com/images/cards_cropped/7445307.jpg
7459013,"Zure, Knight of Dark World",Fiend,DARK,4.0,1800.0,1500.0,https://images.ygoprodeck.com/images/cards_cropped/7459013.jpg
7459919,Blackwing - Zonda the Dusk,Winged Beast,DARK,6.0,2300.0,900.0,https://images.ygoprodeck.com/images/cards_cropped/7459919.jpg
7478431,Naturia Sunflower,Plant,EARTH,2.0,500.0,0.0,https://images.ygoprodeck.com/images/cards_cropped/7478431.jpg
7489323,Milus Radiant,Beast,EARTH,1.0,300.0,250.0,https://images.ygoprodeck.com/images/cards_cropped/7489323.jpg
7500772,Eagle Shark,Fish,WATER,5.0,1000.0,1800.0,https://images.ygoprodeck.com/images/cards_cropped/7500772.jpg
7526150,Golgoil,Machine,EARTH,4.0,900.0,1600.0,https://images.ygoprodeck.com/images/cards_cropped/7526150.jpg
7540107,Gouki Guts,Warrior,EARTH,1.0,800.0,0.0,https://images.ygoprodeck.com/images/cards_cropped/7540107.jpg
7541475,Kabuki Dragon,Dragon,LIGHT,6.0,2300.0,2100.0,https://images.ygoprodeck.com/images/cards_cropped/7541475.jpg
7562372,Megasonic Eye,Machine,DARK,5.0,1500.0,1800.0,https://images.ygoprodeck.com/images/cards_cropped/7562372.jpg
7563579,Performage Plushfire,Spellcaster,FIRE,4.0,1000.0,1000.0,https://images.ygoprodeck.com/images/cards_cropped/7563579.jpg
7572887,D.D. Warrior Lady,Warrior,LIGHT,4.0,1500.0,1600.0,https://images.ygoprodeck.com/images/cards_cropped/7572887.jpg
7573135,Gladiator Beast Augustus,Winged Beast,DARK,8.0,2600.0,1000.0,https://images.ygoprodeck.com/images/cards_cropped/7573135.jpg
7574904,Myutant Arsenal,Machine,FIRE,8.0,3000.0,1000.0,https://images.ygoprodeck.com/images/cards_cropped/7574904.jpg
7576264,Phantom Beast Wild-Horn,Beast-Warrior,EARTH,4.0,1700.0,0.0,https://images.ygoprodeck.com/images/cards_cropped/7576264.jpg
7602840,UFOroid,Machine,LIGHT,6.0,1200.0,1200.0,https://images.ygoprodeck.com/images/cards_cropped/7602840.jpg
7622360,Matador Archfiend,Warrior,DARK,6.0,0.0,0.0,https://images.ygoprodeck.com/images/cards_cropped/7622360.jpg
7623640,"Ceruli, Guru of Dark World",Fiend,DARK,1.0,100.0,300.0,https://images.ygoprodeck.com/images/cards_cropped/7623640.jpg
7634581,Orichalcos Shunoros,Machine,DARK,10.0,-1.0,0.0,https://images.ygoprodeck.com/images/cards_cropped/7634581.jpg
7656689,"Genni, the Maid of Endymion",Spellcaster,WIND,1.0,300.0,500.0,https://images.ygoprodeck.com/images/cards_cropped/7656689.jpg
7670542,Bio Plant,Fiend,DARK,3.0,600.0,1300.0,https://images.ygoprodeck.com/images/cards_cropped/7670542.jpg
7700132,Worm Noble,Reptile,LIGHT,6.0,1500.0,2400.0,https://images.ygoprodeck.com/images/cards_cropped/7700132.jpg
7714344,Performapal Uni,Beast-Warrior,LIGHT,4.0,800.0,1500.0,https://images.ygoprodeck.com/images/cards_cropped/7714344.jpg
7721912,Noble Knight's Spearholder,Warrior,LIGHT,2.0,800.0,400.0,https://images.ygoprodeck.com/images/cards_cropped/7721912.jpg
7733560,"Michion, the Timelord",Fairy,FIRE,10.0,0.0,0.0,https://images.ygoprodeck.com/images/cards_cropped/7733560.jpg
7736719,Vortex Trooper,Aqua,WIND,3.0,0.0,600.0,https://images.ygoprodeck.com/images/cards_cropped/7736719.jpg
7799906,Performapal Smile Sorcerer,Spellcaster,LIGHT,8.0,2500.0,2000.0,https://images.ygoprodeck.com/images/cards_cropped/7799906.jpg
7802006,Magical Plant Mandragola,Spellcaster,DARK,2.0,500.0,200.0,https://images.ygoprodeck.com/images/cards_cropped/7802006.jpg
7805147,Soldier Dragons,Dragon,EARTH,2.0,700.0,800.0,https://images.ygoprodeck.com/images/cards_cropped/7805147.jpg
7805359,Niwatori,Winged Beast,EARTH,3.0,900.0,800.0,https://images.ygoprodeck.com/images/cards_cropped/7805359.jpg
7841921,Charging Gaia the Fierce Knight,Warrior,LIGHT,7.0,2300.0,2100.0,https://images.ygoprodeck.com/images/cards_cropped/7841921.jpg
7845138,Endless Decay,Zombie,DARK,5.0,-1.0,0.0,https://images.ygoprodeck.com/images/cards_cropped/7845138.jpg
7850740,Xyz Slidolphin,Sea Serpent,WATER,4.0,1200.0,1800.0,https://images.ygoprodeck.com/images/cards_cropped/7850740.jpg
7852878,Three Thousand Needles,Beast,EARTH,8.0,3000.0,1800.0,https://images.ygoprodeck.com/images/cards_cropped/7852878.jpg
7864030,Superheavy Samurai Blowtorch,Machine,EARTH,1.0,500.0,300.0,https://images.ygoprodeck.com/images/cards_cropped/7864030.jpg
7868571,Metalfoes Silverd,Psychic,FIRE,3.0,1700.0,100.0,https://images.ygoprodeck.com/images/cards_cropped/7868571.jpg
7892180,Psychic Kappa,Aqua,WATER,2.0,400.0,1000.0,https://images.ygoprodeck.com/images/cards_cropped/7892180.jpg
7902349,Left Arm of the Forbidden One,Spellcaster,DARK,1.0,200.0,300.0,https://images.ygoprodeck.com/images/cards_cropped/7902349.jpg
7903368,Crystal Skull,Rock,WATER,1.0,0.0,0.0,https://images.ygoprodeck.com/images/cards_cropped/7903368.jpg
7913375,Artillery Catapult Turtle,Aqua,WATER,4.0,1000.0,2000.0,https://images.ygoprodeck.com/images/cards_cropped/7913375.jpg
7914843,Electromagnetic Bagworm,Insect,LIGHT,3.0,200.0,1400.0,https://images.ygoprodeck.com/images/cards_cropped/7914843.jpg
7925734,Link Apple,Cyberse,FIRE,1.0,0.0,0.0,https://images.ygoprodeck.com/images/cards_cropped/7925734.jpg
7930346,Origami Goddess,Fairy,DARK,1.0,100.0,0.0,https://images.ygoprodeck.com/images/cards_cropped/7930346.jpg
7934362,Performage Fire Dancer,Spellcaster,FIRE,4.0,1400.0,1200.0,https://images.ygoprodeck.com/images/cards_cropped/7934362.jpg
7953868,Blue-Blooded Oni,Zombie,DARK,4.0,1000.0,1700.0,https://images.ygoprodeck.com/images/cards_cropped/7953868.jpg
7969770,Trancefamiliar,Psychic,DARK,1.0,0.0,0.0,https://images.ygoprodeck.com/images/cards_cropped/7969770.jpg
7987191,Borreload Riot Dragon,Dragon,DARK,8.0,3000.0,2500.0,https://images.ygoprodeck.com/images/cards_cropped/7987191.jpg
8034697,Magical Marionette,Spellcaster,DARK,5.0,2000.0,1000.0,https://images.ygoprodeck.com/images/cards_cropped/8034697.jpg
8039562,Dragunity Falchion,Dragon,WIND,2.0,1300.0,1200.0,https://images.ygoprodeck.com/images/cards_cropped/8039562.jpg
8041569,Laval Lakeside Lady,Pyro,FIRE,3.0,200.0,200.0,https://images.ygoprodeck.com/images/cards_cropped/8041569.jpg
8058240,Binding Chain,Fairy,LIGHT,3.0,1000.0,1100.0,https://images.ygoprodeck.com/images/cards_cropped/8058240.jpg
8062132,Vennominaga the Deity of Poisonous Snakes,Reptile,DARK,10.0,0.0,0.0,https://images.ygoprodeck.com/images/cards_cropped/8062132.jpg
8078366,Atlantean Attack Squad,Sea Serpent,WATER,3.0,1400.0,0.0,https://images.ygoprodeck.com/images/cards_cropped/8078366.jpg
8085950,Burning Dragon,Dragon,FIRE,8.0,2500.0,2100.0,https://images.ygoprodeck.com/images/cards_cropped/8085950.jpg
8091563,Super Defense Robot Lio,Machine,EARTH,4.0,1200.0,1600.0,https://images.ygoprodeck.com/images/cards_cropped/8091563.jpg
8102334,Gate Blocker,Rock,EARTH,4.0,100.0,2000.0,https://images.ygoprodeck.com/images/cards_cropped/8102334.jpg
8124921,Right Leg of the Forbidden One,Spellcaster,DARK,1.0,200.0,300.0,https://images.ygoprodeck.com/images/cards_cropped/8124921.jpg
8129306,Primula the Rikka Fairy,Plant,WATER,4.0,800.0,1800.0,https://images.ygoprodeck.com/images/cards_cropped/8129306.jpg
8131171,Sinister Serpent,Reptile,WATER,1.0,300.0,250.0,https://images.ygoprodeck.com/images/cards_cropped/8131171.jpg
8152834,Tarai,Fairy,EARTH,4.0,0.0,0.0,https://images.ygoprodeck.com/images/cards_cropped/8152834.jpg
8170654,Giant Kra-Corn,Plant,EARTH,8.0,1000.0,2500.0,https://images.ygoprodeck.com/images/cards_cropped/8170654.jpg
8175346,Poki Draco,Dragon,FIRE,3.0,200.0,100.0,https://images.ygoprodeck.com/images/cards_cropped/8175346.jpg
8192327,Phosphorage the Elemental Lord,Fairy,LIGHT,8.0,2800.0,2200.0,https://images.ygoprodeck.com/images/cards_cropped/8192327.jpg
8200556,Myutant ST-46,Psychic,WATER,3.0,500.0,0.0,https://images.ygoprodeck.com/images/cards_cropped/8200556.jpg
8201910,Star Boy,Aqua,WATER,2.0,550.0,500.0,https://images.ygoprodeck.com/images/cards_cropped/8201910.jpg
8226374,Gimmick Puppet Humpty Dumpty,Machine,DARK,4.0,0.0,100.0,https://images.ygoprodeck.com/images/cards_cropped/8226374.jpg
8233522,Ally of Justice Cycle Reader,Machine,DARK,3.0,1000.0,1000.0,https://images.ygoprodeck.com/images/cards_cropped/8233522.jpg
8240199,Sage with Eyes of Blue,Spellcaster,LIGHT,1.0,0.0,1500.0,https://images.ygoprodeck.com/images/cards_cropped/8240199.jpg
8284390,Speedroid Rubberband Plane,Machine,WIND,5.0,1800.0,0.0,https://images.ygoprodeck.com/images/cards_cropped/8284390.jpg
8315896,"Candelato, the Beast of Light",Beast,LIGHT,12.0,0.0,0.0,https://images.ygoprodeck.com/images/cards_cropped/8315896.jpg
8316661,Fabled Miztoji,Fiend,LIGHT,2.0,400.0,200.0,https://images.ygoprodeck.com/images/cards_cropped/8316661.jpg
8353769,Air Eater,Fiend,WIND,6.0,2100.0,1600.0,https://images.ygoprodeck.com/images/cards_cropped/8353769.jpg
8372133,Red Familiar,Fiend,DARK,4.0,1600.0,0.0,https://images.ygoprodeck.com/images/cards_cropped/8372133.jpg
8379983,Lunalight Gold Leo,Beast-Warrior,DARK,4.0,600.0,1600.0,https://images.ygoprodeck.com/images/cards_cropped/8379983.jpg
8384771,Performapal Gumgumouton,Beast,EARTH,5.0,900.0,2400.0,https://images.ygoprodeck.com/images/cards_cropped/8384771.jpg
8396952,Arcana Force I - The Magician,Fairy,LIGHT,4.0,1100.0,1100.0,https://images.ygoprodeck.com/images/cards_cropped/8396952.jpg
8400623,Evil Dragon Ananta,Reptile,DARK,8.0,-1.0,-1.0,https://images.ygoprodeck.com/images/cards_cropped/8400623.jpg
8445808,Maiden in Love,Spellcaster,LIGHT,2.0,400.0,300.0,https://images.ygoprodeck.com/images/cards_cropped/8445808.jpg
8454126,Conductor of Nephthys,Spellcaster,WIND,2.0,2000.0,0.0,https://images.ygoprodeck.com/images/cards_cropped/8454126.jpg
8471389,Giga-Tech Wolf,Machine,FIRE,4.0,1200.0,1400.0,https://images.ygoprodeck.com/images/cards_cropped/8471389.jpg
8483333,Mosaic Manticore,Beast,EARTH,8.0,2800.0,2500.0,https://images.ygoprodeck.com/images/cards_cropped/8483333.jpg
8487449,Jester Confit,Spellcaster,DARK,1.0,0.0,0.0,https://images.ygoprodeck.com/images/cards_cropped/8487449.jpg
8495780,Deep Sea Artisan,Sea Serpent,WATER,1.0,0.0,500.0,https://images.ygoprodeck.com/images/cards_cropped/8495780.jpg
8508055,Chu-Ske the Mouse Fighter,Beast,EARTH,3.0,1200.0,0.0,https://images.ygoprodeck.com/images/cards_cropped/8508055.jpg
8512558,Utopic Onomatopoeia,Warrior,LIGHT,4.0,1500.0,1500.0,https://images.ygoprodeck.com/images/cards_cropped/8512558.jpg
8540055,Xenovader△ of Blue Tuonela,Psychic,WATER,3.0,300.0,2000.0,https://images.ygoprodeck.com/images/cards_cropped/8540055.jpg
8567955,Balancer Lord,Cyberse,LIGHT,4.0,1700.0,1200.0,https://images.ygoprodeck.com/images/cards_cropped/8567955.jpg
8571567,Blackwing - Shamal the Sandstorm,Winged Beast,DARK,4.0,1600.0,0.0,https://images.ygoprodeck.com/images/cards_cropped/8571567.jpg
8576764,Gluttonous Reptolphin Greethys,Fish,WATER,3.0,1000.0,1000.0,https://images.ygoprodeck.com/images/cards_cropped/8576764.jpg
8581705,Infernalqueen Archfiend,Fiend,FIRE,4.0,900.0,1500.0,https://images.ygoprodeck.com/images/cards_cropped/8581705.jpg
8594079,Jurrac Brachis,Dinosaur,FIRE,3.0,1000.0,1000.0,https://images.ygoprodeck.com/images/cards_cropped/8594079.jpg
8633261,Ice Ryzeal,Pyro,LIGHT,4.0,1700.0,1000.0,https://images.ygoprodeck.com/images/cards_cropped/8633261.jpg
8634636,Dark Cat with White Tail,Beast,EARTH,2.0,800.0,500.0,https://images.ygoprodeck.com/images/cards_cropped/8634636.jpg
8649148,Deep Sweeper,Fish,WATER,4.0,1600.0,1300.0,https://images.ygoprodeck.com/images/cards_cropped/8649148.jpg
8662794,Codebreaker Zero Day,Warrior,DARK,4.0,1800.0,0.0,https://images.ygoprodeck.com/images/cards_cropped/8662794.jpg
8687195,Dreamsprite,Plant,LIGHT,2.0,300.0,200.0,https://images.ygoprodeck.com/images/cards_cropped/8687195.jpg
8696773,Hazy Flame Hydra,Dinosaur,FIRE,6.0,2300.0,200.0,https://images.ygoprodeck.com/images/cards_cropped/8696773.jpg
8700633,Undaunted Bumpkin Beast,Beast,FIRE,2.0,900.0,2000.0,https://images.ygoprodeck.com/images/cards_cropped/8700633.jpg
8706701,Red Mirror,Fiend,FIRE,1.0,0.0,0.0,https://images.ygoprodeck.com/images/cards_cropped/8706701.jpg
8715625,Bokoichi the Freightening Car,Machine,DARK,2.0,500.0,500.0,https://images.ygoprodeck.com/images/cards_cropped/8715625.jpg
8736823,Virtual World Hime - Nyannyan,Psychic,WIND,3.0,1500.0,1500.0,https://images.ygoprodeck.com/images/cards_cropped/8736823.jpg
8783685,Hourglass of Life,Fairy,LIGHT,2.0,700.0,600.0,https://images.ygoprodeck.com/images/cards_cropped/8783685.jpg
8785161,Raidraptor - Wild Vulture,Winged Beast,DARK,6.0,1600.0,2000.0,https://images.ygoprodeck.com/images/cards_cropped/8785161.jpg
8794435,Maju Garzett,Fiend,DARK,7.0,-1.0,0.0,https://images.ygoprodeck.com/images/cards_cropped/8794435.jpg
8805651,Megalith Phuloch,Rock,EARTH,4.0,2000.0,300.0,https://images.ygoprodeck.com/images/cards_cropped/8805651.jpg
8806072,Combo Fighter,Warrior,WIND,4.0,1600.0,800.0,https://images.ygoprodeck.com/images/cards_cropped/8806072.jpg
8814959,Evilswarm Mandragora,Plant,DARK,4.0,1550.0,1450.0,https://images.ygoprodeck.com/images/cards_cropped/8814959.jpg
8820526,Performapal Clay Breaker,Warrior,EARTH,6.0,2000.0,1000.0,https://images.ygoprodeck.com/images/cards_cropped/8820526.jpg
8822710,Ally of Justice Cosmic Gateway,Machine,DARK,8.0,2400.0,1200.0,https://images.ygoprodeck.com/images/cards_cropped/8822710.jpg
8836329,Raging Storm Dragon - Beaufort IX,Dragon,WIND,9.0,2800.0,2800.0,https://images.ygoprodeck.com/images/cards_cropped/8836329.jpg
8873112,Artifact Chakram,Fairy,LIGHT,5.0,1900.0,2000.0,https://images.ygoprodeck.com/images/cards_cropped/8873112.jpg
8875971,Star Seraph Scout,Fairy,LIGHT,4.0,1200.0,1800.0,https://images.ygoprodeck.com/images/cards_cropped/8875971.jpg
8903700,Djinn Releaser of Rituals,Fiend,DARK,3.0,1200.0,2000.0,https://images.ygoprodeck.com/images/cards_cropped/8903700.jpg
8910240,Rose Papillon,Insect,WIND,3.0,1400.0,800.0,https://images.ygoprodeck.com/images/cards_cropped/8910240.jpg
8910971,Lord Gaia the Fierce Knight,Warrior,EARTH,7.0,2300.0,2100.0,https://images.ygoprodeck.com/images/cards_cropped/8910971.jpg
8915275,Evil Box,Fiend,DARK,6.0,2300.0,2000.0,https://images.ygoprodeck.com/images/cards_cropped/8915275.jpg
8944575,The Drdek,Fiend,DARK,3.0,700.0,800.0,https://images.ygoprodeck.com/images/cards_cropped/8944575.jpg
8967776,"Sephylon, the Ultimate Timelord",Fairy,LIGHT,10.0,4000.0,4000.0,https://images.ygoprodeck.com/images/cards_cropped/8967776.jpg
8972398,Omni Dragon Brotaur,Dragon,DARK,1.0,0.0,0.0,https://images.ygoprodeck.com/images/cards_cropped/8972398.jpg
8978197,The King of D.,Spellcaster,DARK,4.0,1200.0,1100.0,https://images.ygoprodeck.com/images/cards_cropped/8978197.jpg
9000988,Performapal Coin Dragon,Dragon,WATER,4.0,1700.0,1000.0,https://images.ygoprodeck.com/images/cards_cropped/9000988.jpg
9024367,Galaxy Dragon,Dragon,LIGHT,4.0,2000.0,1200.0,https://images.ygoprodeck.com/images/cards_cropped/9024367.jpg
9028399,Cataclysmic Crusted Calcifida,Fairy,EARTH,8.0,2600.0,200.0,https://images.ygoprodeck.com/images/cards_cropped/9028399.jpg
9047460,Blackwing - Steam the Cloak,Winged Beast,DARK,3.0,800.0,1200.0,https://images.ygoprodeck.com/images/cards_cropped/9047460.jpg
9056100,General Grunard of the Ice Barrier,Warrior,WATER,8.0,2800.0,1000.0,https://images.ygoprodeck.com/images/cards_cropped/9056100.jpg
9069157,Dragonroid,Machine,WIND,8.0,2900.0,1000.0,https://images.ygoprodeck.com/images/cards_cropped/9069157.jpg
9076207,Armed Ninja,Warrior,EARTH,1.0,300.0,300.0,https://images.ygoprodeck.com/images/cards_cropped/9076207.jpg
9091064,Vanquish Soul Jiaolong,Wyrm,FIRE,5.0,2400.0,2100.0,https://images.ygoprodeck.com/images/cards_cropped/9091064.jpg
9097866,Cross Debug,Cyberse,DARK,2.0,900.0,600.0,https://images.ygoprodeck.com/images/cards_cropped/9097866.jpg
9106362,Performapal Gongato,Beast,EARTH,1.0,100.0,100.0,https://images.ygoprodeck.com/images/cards_cropped/9106362.jpg
9107531,Electro Blaster,Machine,FIRE,4.0,1800.0,1400.0,https://images.ygoprodeck.com/images/cards_cropped/9107531.jpg
9109991,Blackwing - Fane the Steel Chain,Winged Beast,DARK,2.0,500.0,800.0,https://images.ygoprodeck.com/images/cards_cropped/9109991.jpg
9126351,Swap Frog,Aqua,WATER,2.0,1000.0,500.0,https://images.ygoprodeck.com/images/cards_cropped/9126351.jpg
9156135,Apprentice Magician,Spellcaster,DARK,2.0,400.0,800.0,https://images.ygoprodeck.com/images/cards_cropped/9156135.jpg
9159938,Dark Gray,Beast,EARTH,3.0,800.0,900.0,https://images.ygoprodeck.com/images/cards_cropped/9159938.jpg
9190563,RAM Clouder,Cyberse,LIGHT,4.0,1800.0,1000.0,https://images.ygoprodeck.com/images/cards_cropped/9190563.jpg
9197735,Dragon Statue,Warrior,EARTH,3.0,1100.0,900.0,https://images.ygoprodeck.com/images/cards_cropped/9197735.jpg
9213491,Serene Psychic Girl,Psychic,EARTH,2.0,500.0,300.0,https://images.ygoprodeck.com/images/cards_cropped/9213491.jpg
9238125,Vernusylph of the Thawing Mountains,Fairy,EARTH,3.0,1100.0,0.0,https://images.ygoprodeck.com/images/cards_cropped/9238125.jpg
9260791,Galaxy-Eyes Cloudragon,Dragon,LIGHT,1.0,300.0,250.0,https://images.ygoprodeck.com/images/cards_cropped/9260791.jpg
9264485,Horus' Servant,Beast-Warrior,FIRE,1.0,100.0,100.0,https://images.ygoprodeck.com/images/cards_cropped/9264485.jpg
9275482,UFOLight,Illusion,FIRE,8.0,1500.0,1500.0,https://images.ygoprodeck.com/images/cards_cropped/9275482.jpg
9284723,Venom Boa,Reptile,EARTH,5.0,1600.0,1200.0,https://images.ygoprodeck.com/images/cards_cropped/9284723.jpg
9327502,Elemental HERO Voltic,Thunder,LIGHT,4.0,1000.0,1500.0,https://images.ygoprodeck.com/images/cards_cropped/9327502.jpg
9342162,"Cagna, Malebranche of the Burning Abyss",Fiend,DARK,3.0,1500.0,300.0,https://images.ygoprodeck.com/images/cards_cropped/9342162.jpg
9350312,Vernusylph of the Flourishing Hills,Fairy,EARTH,4.0,200.0,2000.0,https://images.ygoprodeck.com/images/cards_cropped/9350312.jpg
9365703,Speed Warrior,Warrior,WIND,2.0,900.0,400.0,https://images.ygoprodeck.com/images/cards_cropped/9365703.jpg
9391354,Gravi-Crush Dragon,Dragon,DARK,6.0,2400.0,1200.0,https://images.ygoprodeck.com/images/cards_cropped/9391354.jpg
9396662,Mirror Mage of the Ice Barrier,Aqua,WATER,2.0,1000.0,400.0,https://images.ygoprodeck.com/images/cards_cropped/9396662.jpg
9400127,"Flogos, the Ogdoadic Boundless",Reptile,LIGHT,4.0,1800.0,1400.0,https://images.ygoprodeck.com/images/cards_cropped/9400127.jpg
9402966,Superheavy Samurai Battleball,Machine,DARK,2.0,100.0,800.0,https://images.ygoprodeck.com/images/cards_cropped/9402966.jpg
9411399,Destiny HERO - Malicious,Warrior,DARK,6.0,800.0,800.0,https://images.ygoprodeck.com/images/cards_cropped/9411399.jpg
9416697,"Eanoc, Sentry of the Ghoti",Fish,WATER,6.0,2100.0,0.0,https://images.ygoprodeck.com/images/cards_cropped/9416697.jpg
9418365,Bujin Hirume,Beast-Warrior,LIGHT,4.0,2000.0,1000.0,https://images.ygoprodeck.com/images/cards_cropped/9418365.jpg
9418534,Jinzo - Returner,Machine,DARK,3.0,600.0,1400.0,https://images.ygoprodeck.com/images/cards_cropped/9418534.jpg
9430387,LaLa Li-oon,Thunder,WIND,2.0,600.0,600.0,https://images.ygoprodeck.com/images/cards_cropped/9430387.jpg
9433350,Malefic Blue-Eyes White Dragon,Dragon,DARK,8.0,3000.0,2500.0,https://images.ygoprodeck.com/images/cards_cropped/9433350.jpg
9482987,"Endymion, the Magistus of Mastery",Spellcaster,WATER,4.0,1300.0,1700.0,https://images.ygoprodeck.com/images/cards_cropped/9482987.jpg
9485511,U.A. Goalkeeper,Warrior,EARTH,6.0,1000.0,2800.0,https://images.ygoprodeck.com/images/cards_cropped/9485511.jpg
9491461,Gagaga Ganbara Knight,Warrior,LIGHT,4.0,0.0,1800.0,https://images.ygoprodeck.com/images/cards_cropped/9491461.jpg
9505425,"Crowley, the Magistus of Grimoires",Spellcaster,DARK,4.0,1800.0,1000.0,https://images.ygoprodeck.com/images/cards_cropped/9505425.jpg
9523599,Stack Reviver,Cyberse,DARK,2.0,100.0,600.0,https://images.ygoprodeck.com/images/cards_cropped/9523599.jpg
9540040,Boulder Tortoise,Aqua,WATER,6.0,1450.0,2200.0,https://images.ygoprodeck.com/images/cards_cropped/9540040.jpg
9560338,Reaper of Prophecy,Spellcaster,DARK,6.0,2000.0,1600.0,https://images.ygoprodeck.com/images/cards_cropped/9560338.jpg
9583383,Gagaga Caesar,Warrior,EARTH,3.0,1800.0,600.0,https://images.ygoprodeck.com/images/cards_cropped/9583383.jpg
9596126,Chaos Sorcerer,Spellcaster,DARK,6.0,2300.0,2000.0,https://images.ygoprodeck.com/images/cards_cropped/9596126.jpg
9603356,Shadowknight Archfiend,Fiend,WIND,4.0,2000.0,1600.0,https://images.ygoprodeck.com/images/cards_cropped/9603356.jpg
9627299,Ichiki Sayori-Hime,Fairy,LIGHT,4.0,800.0,800.0,https://images.ygoprodeck.com/images/cards_cropped/9627299.jpg
9627468,Humongous Hive Hegemon - Zexstagger,Insect,WIND,8.0,1500.0,2600.0,https://images.ygoprodeck.com/images/cards_cropped/9627468.jpg
9628664,"Iris, the Earth Mother",Fairy,LIGHT,6.0,2400.0,1200.0,https://images.ygoprodeck.com/images/cards_cropped/9628664.jpg
9633505,Guardian Kay'est,Sea Serpent,WATER,4.0,1000.0,1800.0,https://images.ygoprodeck.com/images/cards_cropped/9633505.jpg
9637706,Des Wombat,Beast,EARTH,3.0,1600.0,300.0,https://images.ygoprodeck.com/images/cards_cropped/9637706.jpg
9666558,Golem Dragon,Dragon,EARTH,4.0,200.0,2000.0,https://images.ygoprodeck.com/images/cards_cropped/9666558.jpg
9674034,Snake-Eye Ash,Pyro,FIRE,1.0,800.0,1000.0,https://images.ygoprodeck.com/images/cards_cropped/9674034.jpg
9718968,Photon Slasher,Warrior,LIGHT,5.0,2100.0,1000.0,https://images.ygoprodeck.com/images/cards_cropped/9718968.jpg
9742784,Jet Synchron,Machine,FIRE,1.0,500.0,0.0,https://images.ygoprodeck.com/images/cards_cropped/9742784.jpg
9748752,Caius the Shadow Monarch,Fiend,DARK,6.0,2400.0,1000.0,https://images.ygoprodeck.com/images/cards_cropped/9748752.jpg
9791914,Silver Sentinel,Warrior,EARTH,4.0,1500.0,1300.0,https://images.ygoprodeck.com/images/cards_cropped/9791914.jpg
9794980,Knightmare Incarnation Idlee,Fairy,DARK,9.0,2100.0,2100.0,https://images.ygoprodeck.com/images/cards_cropped/9794980.jpg
9798352,"Prufinesse, the Tactical Trapper",Fiend,DARK,4.0,1800.0,0.0,https://images.ygoprodeck.com/images/cards_cropped/9798352.jpg
9817927,Gyaku-Gire Panda,Beast,EARTH,3.0,800.0,1600.0,https://images.ygoprodeck.com/images/cards_cropped/9817927.jpg
9822220,Lord of the Heavenly Prison,Rock,DARK,10.0,3000.0,3000.0,https://images.ygoprodeck.com/images/cards_cropped/9822220.jpg
9837195,"Musto, Oracle of Gusto",Psychic,WIND,4.0,1800.0,900.0,https://images.ygoprodeck.com/images/cards_cropped/9837195.jpg
9848939,Woodland Archer,Beast-Warrior,EARTH,3.0,1400.0,1300.0,https://images.ygoprodeck.com/images/cards_cropped/9848939.jpg
9861795,Mogmole,Beast,EARTH,2.0,800.0,800.0,https://images.ygoprodeck.com/images/cards_cropped/9861795.jpg
9897998,Gusto Codor,Winged Beast,WIND,3.0,1000.0,400.0,https://images.ygoprodeck.com/images/cards_cropped/9897998.jpg
9929398,Blackwing - Gofu the Vague Shadow,Winged Beast,DARK,5.0,0.0,0.0,https://images.ygoprodeck.com/images/cards_cropped/9929398.jpg
9978697,X-Saber Pellina,Beast-Warrior,EARTH,4.0,1700.0,300.0,https://images.ygoprodeck.com/images/cards_cropped/9978697.jpg
10000000,Obelisk the Tormentor,Divine-Beast,DIVINE,10.0,4000.0,4000.0,https://images.ygoprodeck.com/images/cards_cropped/10000000.jpg
10000010,The Winged Dragon of Ra,Divine-Beast,DIVINE,10.0,-1.0,-1.0,https://images.ygoprodeck.com/images/cards_cropped/10000010.jpg
10000020,Slifer the Sky Dragon,Divine-Beast,DIVINE,10.0,-1.0,-1.0,https://images.ygoprodeck.com/images/cards_cropped/10000020.jpg
10000040,Holactie the Creator of Light,Creator God,DIVINE,12.0,-1.0,-1.0,https://images.ygoprodeck.com/images/cards_cropped/10000040.jpg
10000080,The Winged Dragon of Ra - Sphere Mode,Divine-Beast,DIVINE,10.0,-1.0,-1.0,https://images.ygoprodeck.com/images/cards_cropped/10000080.jpg
10000090,The Winged Dragon of Ra - Immortal Phoenix,Divine-Beast,DIVINE,10.0,4000.0,4000.0,https://images.ygoprodeck.com/images/cards_cropped/10000090.jpg
10007434,Zenet Prophet - Amenhotep,Zombie,LIGHT,4.0,0.0,1500.0,https://images.ygoprodeck.com/images/cards_cropped/10007434.jpg
10024317,Parametalfoes Melcaster,Psychic,FIRE,7.0,2000.0,2500.0,https://images.ygoprodeck.com/images/cards_cropped/10024317.jpg
10026986,Worm King,Reptile,LIGHT,8.0,2700.0,1100.0,https://images.ygoprodeck.com/images/cards_cropped/10026986.jpg
10028593,Reborn Tengu,Beast-Warrior,WIND,4.0,1700.0,600.0,https://images.ygoprodeck.com/images/cards_cropped/10028593.jpg
10032958,Divine Dragon - Excelion,Dragon,LIGHT,5.0,1500.0,900.0,https://images.ygoprodeck.com/images/cards_cropped/10032958.jpg
10060427,Koa'ki Meiru Rooklord,Warrior,EARTH,7.0,2800.0,2200.0,https://images.ygoprodeck.com/images/cards_cropped/10060427.jpg
10071151,"Lyla, Twilightsworn Enchantress",Spellcaster,DARK,4.0,1700.0,200.0,https://images.ygoprodeck.com/images/cards_cropped/10071151.jpg
10071456,Protector of the Throne,Warrior,EARTH,4.0,800.0,1500.0,https://images.ygoprodeck.com/images/cards_cropped/10071456.jpg
10097168,Tiger Dragon,Dragon,EARTH,6.0,2400.0,1800.0,https://images.ygoprodeck.com/images/cards_cropped/10097168.jpg
10110717,Mecha Bunny,Machine,EARTH,2.0,800.0,100.0,https://images.ygoprodeck.com/images/cards_cropped/10110717.jpg
10113611,Wattuna,Thunder,LIGHT,4.0,800.0,700.0,https://images.ygoprodeck.com/images/cards_cropped/10113611.jpg
10117149,Deskbot 005,Machine,EARTH,5.0,500.0,500.0,https://images.ygoprodeck.com/images/cards_cropped/10117149.jpg
10132124,Wingtortoise,Aqua,WIND,3.0,1500.0,1400.0,https://images.ygoprodeck.com/images/cards_cropped/10132124.jpg
10158145,Knightmare Corruptor Iblee,Cyberse,DARK,2.0,0.0,0.0,https://images.ygoprodeck.com/images/cards_cropped/10158145.jpg
10163855,Shell Knight,Rock,EARTH,4.0,0.0,2000.0,https://images.ygoprodeck.com/images/cards_cropped/10163855.jpg
10178757,R-Genex Oracle,Spellcaster,DARK,1.0,300.0,300.0,https://images.ygoprodeck.com/images/cards_cropped/10178757.jpg
10182251,Lyrilusc - Beryl Canary,Winged Beast,WIND,1.0,0.0,200.0,https://images.ygoprodeck.com/images/cards_cropped/10182251.jpg
10189126,Masked Sorcerer,Spellcaster,DARK,4.0,900.0,1400.0,https://images.ygoprodeck.com/images/cards_cropped/10189126.jpg
10194329,Raidraptor - Avenge Vulture,Winged Beast,DARK,4.0,1700.0,100.0,https://images.ygoprodeck.com/images/cards_cropped/10194329.jpg
10202894,Skull Red Bird,Winged Beast,WIND,4.0,1550.0,1200.0,https://images.ygoprodeck.com/images/cards_cropped/10202894.jpg
10209545,Decayed Commander,Zombie,EARTH,4.0,1000.0,1500.0,https://images.ygoprodeck.com/images/cards_cropped/10209545.jpg
10236520,Goe Goe the Gallant Ninja,Warrior,WIND,4.0,1500.0,1000.0,https://images.ygoprodeck.com/images/cards_cropped/10236520.jpg
10239627,Magical Abductor,Spellcaster,EARTH,4.0,1700.0,1400.0,https://images.ygoprodeck.com/images/cards_cropped/10239627.jpg
10262698,The Statue of Easter Island,Rock,EARTH,4.0,1100.0,1400.0,https://images.ygoprodeck.com/images/cards_cropped/10262698.jpg
10266279,Junoldo the Shadespirit Power Patron,Fiend,DARK,10.0,300.0,200.0,https://images.ygoprodeck.com/images/cards_cropped/10266279.jpg
10286023,Adamancipator Crystal - Dragite,Rock,WATER,4.0,0.0,2200.0,https://images.ygoprodeck.com/images/cards_cropped/10286023.jpg
10315429,Yaiba Robo,Machine,DARK,4.0,1000.0,1300.0,https://images.ygoprodeck.com/images/cards_cropped/10315429.jpg
10321588,Sunlight Unicorn,Beast,LIGHT,4.0,1800.0,1000.0,https://images.ygoprodeck.com/images/cards_cropped/10321588.jpg
10333641,Superheavy Samurai Stealthy,Machine,EARTH,1.0,200.0,700.0,https://images.ygoprodeck.com/images/cards_cropped/10333641.jpg
10375182,Command Knight,Warrior,FIRE,4.0,1200.0,1900.0,https://images.ygoprodeck.com/images/cards_cropped/10375182.jpg
10389794,Doom Donuts,Fiend,DARK,1.0,0.0,0.0,https://images.ygoprodeck.com/images/cards_cropped/10389794.jpg
10426067,Darklord Djehuty,Fairy,DARK,4.0,0.0,0.0,https://images.ygoprodeck.com/images/cards_cropped/10426067.jpg
10441498,"Vennu, Bright Bird of Divinity",Fairy,LIGHT,8.0,2800.0,2000.0,https://images.ygoprodeck.com/images/cards_cropped/10441498.jpg
10449150,Shuttleroid,Machine,WIND,4.0,1000.0,1200.0,https://images.ygoprodeck.com/images/cards_cropped/10449150.jpg
10456559,T.A.D.P.O.L.E.,Aqua,WATER,1.0,0.0,0.0,https://images.ygoprodeck.com/images/cards_cropped/10456559.jpg
10474647,Depresspard,Beast,LIGHT,2.0,100.0,100.0,https://images.ygoprodeck.com/images/cards_cropped/10474647.jpg
10476868,Barrel Rock,Rock,EARTH,4.0,1000.0,1300.0,https://images.ygoprodeck.com/images/cards_cropped/10476868.jpg
10485110,Ocean Dragon Lord - Neo-Daedalus,Sea Serpent,WATER,8.0,2900.0,1600.0,https://images.ygoprodeck.com/images/cards_cropped/10485110.jpg
10497636,War Rock Meteoragon,Warrior,EARTH,7.0,2600.0,2600.0,https://images.ygoprodeck.com/images/cards_cropped/10497636.jpg
10505300,Slower Swallow,Winged Beast,WIND,1.0,100.0,100.0,https://images.ygoprodeck.com/images/cards_cropped/10505300.jpg
10509340,Ancient Gear Beast,Machine,EARTH,6.0,2000.0,2000.0,https://images.ygoprodeck.com/images/cards_cropped/10509340.jpg
10530913,Sylvan Sagequoia,Plant,WIND,7.0,2600.0,2100.0,https://images.ygoprodeck.com/images/cards_cropped/10530913.jpg
10532969,Hyper-Ancient Shark Megalodon,Fish,WATER,8.0,2900.0,1300.0,https://images.ygoprodeck.com/images/cards_cropped/10532969.jpg
10538007,Leogun,Beast,EARTH,5.0,1750.0,1550.0,https://images.ygoprodeck.com/images/cards_cropped/10538007.jpg
10560119,Fishborg Doctor,Fish,WATER,4.0,400.0,400.0,https://images.ygoprodeck.com/images/cards_cropped/10560119.jpg
10591919,Morphtronic Scopen,Machine,LIGHT,3.0,800.0,1400.0,https://images.ygoprodeck.com/images/cards_cropped/10591919.jpg
10598400,Zarigun,Aqua,WATER,2.0,600.0,700.0,https://images.ygoprodeck.com/images/cards_cropped/10598400.jpg
10604644,"Therion ""King"" Regulus",Machine,EARTH,8.0,2800.0,1600.0,https://images.ygoprodeck.com/images/cards_cropped/10604644.jpg
10611873,Raise Moon Lamp Croucier,Dragon,FIRE,7.0,2800.0,700.0,https://images.ygoprodeck.com/images/cards_cropped/10611873.jpg
10642488,Vic Viper T301,Machine,LIGHT,4.0,1200.0,800.0,https://images.ygoprodeck.com/images/cards_cropped/10642488.jpg
10673071,"Virakam, the Divine Spirit of Artifice",Illusion,LIGHT,3.0,1000.0,1000.0,https://images.ygoprodeck.com/images/cards_cropped/10673071.jpg
10698416,Krawler Ranvier,Insect,EARTH,2.0,1100.0,900.0,https://images.ygoprodeck.com/images/cards_cropped/10698416.jpg
10705656,Widget Kid,Cyberse,EARTH,3.0,1500.0,900.0,https://images.ygoprodeck.com/images/cards_cropped/10705656.jpg
10712320,Vylon Stigma,Fairy,LIGHT,4.0,1600.0,1000.0,https://images.ygoprodeck.com/images/cards_cropped/10712320.jpg
10731333,Performapal Odd-Eyes Minitaurus,Beast-Warrior,DARK,4.0,1200.0,1600.0,https://images.ygoprodeck.com/images/cards_cropped/10731333.jpg
10736540,Lady of the Lake,Aqua,LIGHT,1.0,200.0,1800.0,https://images.ygoprodeck.com/images/cards_cropped/10736540.jpg
10753491,Sylvan Cherubsprout,Plant,LIGHT,1.0,100.0,100.0,https://images.ygoprodeck.com/images/cards_cropped/10753491.jpg
10755153,Guardian Ceal,Pyro,FIRE,4.0,1700.0,1400.0,https://images.ygoprodeck.com/images/cards_cropped/10755153.jpg
10774240,"Skull Guardian, Protector of the Voiceless Voice",Warrior,LIGHT,7.0,2050.0,2500.0,https://images.ygoprodeck.com/images/cards_cropped/10774240.jpg
10789972,Cu Chulainn the Awakened,Warrior,LIGHT,4.0,500.0,1000.0,https://images.ygoprodeck.com/images/cards_cropped/10789972.jpg
10802915,Tour Guide From the Underworld,Fiend,DARK,3.0,1000.0,600.0,https://images.ygoprodeck.com/images/cards_cropped/10802915.jpg
10804018,"Saffira, Divine Dragon of the Voiceless Voice",Dragon,LIGHT,7.0,2550.0,2450.0,https://images.ygoprodeck.com/images/cards_cropped/10804018.jpg
10807219,Newbee!,Insect,LIGHT,2.0,0.0,0.0,https://images.ygoprodeck.com/images/cards_cropped/10807219.jpg
10808715,Masked HERO Dusk Crow,Warrior,DARK,4.0,1200.0,1000.0,https://images.ygoprodeck.com/images/cards_cropped/10808715.jpg
10809984,Great Phantom Thief,Spellcaster,EARTH,3.0,1000.0,1000.0,https://images.ygoprodeck.com/images/cards_cropped/10809984.jpg
10851853,Flowerdino,Dinosaur,EARTH,4.0,2000.0,0.0,https://images.ygoprodeck.com/images/cards_cropped/10851853.jpg
10852583,Yajiro Invader,Reptile,DARK,5.0,2200.0,0.0,https://images.ygoprodeck.com/images/cards_cropped/10852583.jpg
10859908,Holograh,Machine,EARTH,3.0,1100.0,700.0,https://images.ygoprodeck.com/images/cards_cropped/10859908.jpg
10860121,Bujingi Pavo,Winged Beast,LIGHT,4.0,1700.0,800.0,https://images.ygoprodeck.com/images/cards_cropped/10860121.jpg
10875327,Earthbound Immortal Aslla piscu,Winged Beast,DARK,10.0,2500.0,2500.0,https://images.ygoprodeck.com/images/cards_cropped/10875327.jpg
10884847,Zenetmes Nekhbet,Zombie,DARK,6.0,2800.0,1500.0,https://images.ygoprodeck.com/images/cards_cropped/10884847.jpg
10928224,Amazoness Baby Tiger,Beast,EARTH,2.0,500.0,500.0,https://images.ygoprodeck.com/images/cards_cropped/10928224.jpg
10949074,Anotherverse Stratios,Warrior,EARTH,8.0,2500.0,2000.0,https://images.ygoprodeck.com/images/cards_cropped/10949074.jpg
10963799,Barrier Statue of the Torrent,Aqua,WATER,4.0,1000.0,1000.0,https://images.ygoprodeck.com/images/cards_cropped/10963799.jpg
10966439,Marshmao☆Yummy,Beast,LIGHT,1.0,800.0,600.0,https://images.ygoprodeck.com/images/cards_cropped/10966439.jpg
10979723,Amazoness Tiger,Beast,EARTH,4.0,1100.0,1500.0,https://images.ygoprodeck.com/images/cards_cropped/10979723.jpg
10992251,Gradius,Machine,LIGHT,4.0,1200.0,800.0,https://images.ygoprodeck.com/images/cards_cropped/10992251.jpg
11012154,Guardragon Justicia,Dragon,WATER,2.0,0.0,2100.0,https://images.ygoprodeck.com/images/cards_cropped/11012154.jpg
11012887,Jurrac Guaiba,Dinosaur,FIRE,4.0,1700.0,400.0,https://images.ygoprodeck.com/images/cards_cropped/11012887.jpg
11020863,Royal Straight Slasher,Warrior,LIGHT,6.0,2400.0,1350.0,https://images.ygoprodeck.com/images/cards_cropped/11020863.jpg
11021521,Neko Mane King,Beast,EARTH,1.0,0.0,0.0,https://images.ygoprodeck.com/images/cards_cropped/11021521.jpg
11024707,Flipping Feline,Beast,EARTH,2.0,200.0,200.0,https://images.ygoprodeck.com/images/cards_cropped/11024707.jpg
11066358,Galaxy Serpent,Dragon,LIGHT,2.0,1000.0,0.0,https://images.ygoprodeck.com/images/cards_cropped/11066358.jpg
11067666,White Wing Magician,Spellcaster,WIND,4.0,1600.0,1400.0,https://images.ygoprodeck.com/images/cards_cropped/11067666.jpg
11069680,Junk Converter,Warrior,EARTH,2.0,400.0,200.0,https://images.ygoprodeck.com/images/cards_cropped/11069680.jpg
11074235,Mana Dragon Zirnitron,Dragon,DARK,6.0,2200.0,1200.0,https://images.ygoprodeck.com/images/cards_cropped/11074235.jpg
11091375,Luster Dragon,Dragon,WIND,4.0,1900.0,1600.0,https://images.ygoprodeck.com/images/cards_cropped/11091375.jpg
11125718,Lancer Dragonute,Dragon,DARK,4.0,1500.0,1800.0,https://images.ygoprodeck.com/images/cards_cropped/11125718.jpg
11159464,Worm Hope,Reptile,LIGHT,1.0,800.0,1500.0,https://images.ygoprodeck.com/images/cards_cropped/11159464.jpg
11161666,Sanaki the Mikanko Devotee,Illusion,EARTH,3.0,0.0,0.0,https://images.ygoprodeck.com/images/cards_cropped/11161666.jpg
11212437,Draluvice the Diabolic Dragon Fortress,Dragon,DARK,7.0,2300.0,2500.0,https://images.ygoprodeck.com/images/cards_cropped/11212437.jpg
11224103,Horus the Black Flame Dragon LV6,Dragon,FIRE,6.0,2300.0,1600.0,https://images.ygoprodeck.com/images/cards_cropped/11224103.jpg
11232355,Destructotron,Psychic,EARTH,4.0,1600.0,400.0,https://images.ygoprodeck.com/images/cards_cropped/11232355.jpg
11234702,T.G. Screw Serpent,Sea Serpent,WATER,4.0,1300.0,500.0,https://images.ygoprodeck.com/images/cards_cropped/11234702.jpg
11248645,Highness Archfiend,Fiend,LIGHT,3.0,1000.0,800.0,https://images.ygoprodeck.com/images/cards_cropped/11248645.jpg
11250655,Emperor of the Land and Sea,Reptile,WATER,5.0,1800.0,1500.0,https://images.ygoprodeck.com/images/cards_cropped/11250655.jpg
11260714,Darklord Superbia,Fairy,DARK,8.0,2900.0,2400.0,https://images.ygoprodeck.com/images/cards_cropped/11260714.jpg
11287364,Quick-Span Knight,Machine,EARTH,3.0,1000.0,800.0,https://images.ygoprodeck.com/images/cards_cropped/11287364.jpg
11302671,Adamancipator Analyzer,Rock,EARTH,4.0,1500.0,700.0,https://images.ygoprodeck.com/images/cards_cropped/11302671.jpg
11317977,Lunalight Black Sheep,Beast-Warrior,DARK,2.0,100.0,600.0,https://images.ygoprodeck.com/images/cards_cropped/11317977.jpg
11321183,Dark Blade,Warrior,DARK,4.0,1800.0,1500.0,https://images.ygoprodeck.com/images/cards_cropped/11321183.jpg
11324436,Electric Snake,Thunder,LIGHT,3.0,800.0,900.0,https://images.ygoprodeck.com/images/cards_cropped/11324436.jpg
11327848,Master's Diploman,Machine,DARK,5.0,2000.0,2000.0,https://images.ygoprodeck.com/images/cards_cropped/11327848.jpg
11333460,Raise Moon Elegance Carol,Zombie,DARK,7.0,1400.0,1400.0,https://images.ygoprodeck.com/images/cards_cropped/11333460.jpg
11335209,"Duamutef, Blessing of Horus",Beast,WATER,8.0,0.0,0.0,https://images.ygoprodeck.com/images/cards_cropped/11335209.jpg
11366199,Dark Simorgh,Winged Beast,DARK,7.0,2700.0,1000.0,https://images.ygoprodeck.com/images/cards_cropped/11366199.jpg
11375683,Tindangle Trinity,Fiend,DARK,4.0,0.0,1500.0,https://images.ygoprodeck.com/images/cards_cropped/11375683.jpg
11384280,Cannon Soldier,Machine,DARK,4.0,1400.0,1300.0,https://images.ygoprodeck.com/images/cards_cropped/11384280.jpg
11390349,Naturia Fruitfly,Insect,EARTH,3.0,800.0,1500.0,https://images.ygoprodeck.com/images/cards_cropped/11390349.jpg
11426487,White Steed of the Floral Knights,Beast,WIND,6.0,2400.0,1800.0,https://images.ygoprodeck.com/images/cards_cropped/11426487.jpg
11439455,Lunalight Blue Cat,Beast-Warrior,DARK,4.0,1600.0,1200.0,https://images.ygoprodeck.com/images/cards_cropped/11439455.jpg
11448373,Grave Protector,Fiend,DARK,4.0,0.0,2000.0,https://images.ygoprodeck.com/images/cards_cropped/11448373.jpg
11449436,Glacier Aqua Madoor,Spellcaster,WATER,6.0,1200.0,3000.0,https://images.ygoprodeck.com/images/cards_cropped/11449436.jpg
11458071,Sky Scourge Enrise,Fairy,LIGHT,8.0,2400.0,1500.0,https://images.ygoprodeck.com/images/cards_cropped/11458071.jpg
11460577,Etoile Cyber,Warrior,EARTH,4.0,1200.0,1600.0,https://images.ygoprodeck.com/images/cards_cropped/11460577.jpg
11475049,Artifact Achilleshield,Fairy,LIGHT,5.0,1500.0,2200.0,https://images.ygoprodeck.com/images/cards_cropped/11475049.jpg
11496832,Principug,Beast,EARTH,1.0,0.0,0.0,https://images.ygoprodeck.com/images/cards_cropped/11496832.jpg
11508758,Mutant Mindmaster,Spellcaster,DARK,6.0,0.0,2500.0,https://images.ygoprodeck.com/images/cards_cropped/11508758.jpg
11522479,Battlin' Boxer Uppercutter,Warrior,FIRE,4.0,1600.0,200.0,https://images.ygoprodeck.com/images/cards_cropped/11522479.jpg
11548522,Outstanding Dog Marron,Beast,LIGHT,1.0,100.0,100.0,https://images.ygoprodeck.com/images/cards_cropped/11548522.jpg
11549357,Gamma the Magnet Warrior,Rock,EARTH,4.0,1500.0,1800.0,https://images.ygoprodeck.com/images/cards_cropped/11549357.jpg
11590299,Dora Dora,Dragon,FIRE,3.0,400.0,200.0,https://images.ygoprodeck.com/images/cards_cropped/11590299.jpg
11609969,D/D Savant Kepler,Fiend,DARK,1.0,0.0,0.0,https://images.ygoprodeck.com/images/cards_cropped/11609969.jpg
11613567,Blackwing - Elphin the Raven,Winged Beast,DARK,6.0,2200.0,1200.0,https://images.ygoprodeck.com/images/cards_cropped/11613567.jpg
11637481,U.A. Libero Spiker,Warrior,EARTH,4.0,1800.0,1800.0,https://images.ygoprodeck.com/images/cards_cropped/11637481.jpg
11662742,Gellenduo,Fairy,LIGHT,4.0,1700.0,0.0,https://images.ygoprodeck.com/images/cards_cropped/11662742.jpg
11677278,Mimighoul Armor,Warrior,EARTH,1.0,600.0,1500.0,https://images.ygoprodeck.com/images/cards_cropped/11677278.jpg
11678191,Protective Soul Ailin,Fairy,LIGHT,1.0,0.0,0.0,https://images.ygoprodeck.com/images/cards_cropped/11678191.jpg
11682713,Sylvan Bladefender,Plant,EARTH,4.0,1900.0,700.0,https://images.ygoprodeck.com/images/cards_cropped/11682713.jpg
11685347,Blast Asmodian,Fiend,FIRE,3.0,1000.0,300.0,https://images.ygoprodeck.com/images/cards_cropped/11685347.jpg
11688916,Solfachord Primoa,Fairy,EARTH,1.0,0.0,400.0,https://images.ygoprodeck.com/images/cards_cropped/11688916.jpg
11714098,"30,000-Year White Turtle",Aqua,WATER,5.0,1250.0,2100.0,https://images.ygoprodeck.com/images/cards_cropped/11714098.jpg
11722335,Worm Xex,Reptile,LIGHT,4.0,1800.0,1000.0,https://images.ygoprodeck.com/images/cards_cropped/11722335.jpg
11743119,Union Rider,Machine,WIND,2.0,1000.0,1000.0,https://images.ygoprodeck.com/images/cards_cropped/11743119.jpg
11747708,Spore,Plant,WIND,1.0,400.0,800.0,https://images.ygoprodeck.com/images/cards_cropped/11747708.jpg
11755663,Dinowrestler Martial Anga,Dinosaur,EARTH,5.0,1600.0,0.0,https://images.ygoprodeck.com/images/cards_cropped/11755663.jpg
11759079,Dual Avatar Feet - Kokoku,Warrior,LIGHT,3.0,800.0,2000.0,https://images.ygoprodeck.com/images/cards_cropped/11759079.jpg
11760174,Sasuke Samurai #2,Warrior,WIND,1.0,200.0,300.0,https://images.ygoprodeck.com/images/cards_cropped/11760174.jpg
11761845,Beast of Talwar,Fiend,DARK,6.0,2400.0,2150.0,https://images.ygoprodeck.com/images/cards_cropped/11761845.jpg
11793047,Gorgon Egg,Fiend,DARK,3.0,300.0,1300.0,https://images.ygoprodeck.com/images/cards_cropped/11793047.jpg
11801343,Garbage Collector,Cyberse,WIND,2.0,100.0,1900.0,https://images.ygoprodeck.com/images/cards_cropped/11801343.jpg
11813953,Great Angus,Beast,FIRE,4.0,1800.0,600.0,https://images.ygoprodeck.com/images/cards_cropped/11813953.jpg
11819616,"Tytannial, Princess of Camellias",Plant,WIND,8.0,2800.0,2600.0,https://images.ygoprodeck.com/images/cards_cropped/11819616.jpg
11834972,Laval Blaster,Warrior,FIRE,4.0,1200.0,800.0,https://images.ygoprodeck.com/images/cards_cropped/11834972.jpg
11845050,Right-Hand Shark,Fish,WATER,4.0,1500.0,1300.0,https://images.ygoprodeck.com/images/cards_cropped/11845050.jpg
11851647,Cupid Volley,Fairy,LIGHT,1.0,600.0,600.0,https://images.ygoprodeck.com/images/cards_cropped/11851647.jpg
11868731,Madolche Magileine,Spellcaster,EARTH,4.0,1400.0,1200.0,https://images.ygoprodeck.com/images/cards_cropped/11868731.jpg
11876803,Lunalight Scarlet Tiger,Beast-Warrior,DARK,5.0,1900.0,1500.0,https://images.ygoprodeck.com/images/cards_cropped/11876803.jpg
11877465,Evigishki Mind Augus,Aqua,WATER,6.0,2500.0,2000.0,https://images.ygoprodeck.com/images/cards_cropped/11877465.jpg
11895663,Emi Blitzclique,Thunder,EARTH,1.0,900.0,300.0,https://images.ygoprodeck.com/images/cards_cropped/11895663.jpg
11954712,Flyfang,Fish,WIND,3.0,1600.0,300.0,https://images.ygoprodeck.com/images/cards_cropped/11954712.jpg
11958188,Bujingi Raven,Winged Beast,LIGHT,4.0,1600.0,900.0,https://images.ygoprodeck.com/images/cards_cropped/11958188.jpg
11962031,Salamangreat of Fire,Cyberse,FIRE,2.0,800.0,800.0,https://images.ygoprodeck.com/images/cards_cropped/11962031.jpg
11987744,Nin-Ken Dog,Beast-Warrior,WIND,4.0,1800.0,1000.0,https://images.ygoprodeck.com/images/cards_cropped/11987744.jpg
12057781,Goblin Calligrapher,Fiend,DARK,1.0,400.0,400.0,https://images.ygoprodeck.com/images/cards_cropped/12057781.jpg
12058741,Snake-Eye Birch,Pyro,FIRE,1.0,0.0,2100.0,https://images.ygoprodeck.com/images/cards_cropped/12058741.jpg
12061457,Soul Scissors,Fiend,DARK,2.0,550.0,350.0,https://images.ygoprodeck.com/images/cards_cropped/12061457.jpg
12076263,Wind-Up Dog,Beast,EARTH,3.0,1200.0,900.0,https://images.ygoprodeck.com/images/cards_cropped/12076263.jpg
12079734,Delta Tri,Machine,LIGHT,4.0,1200.0,1000.0,https://images.ygoprodeck.com/images/cards_cropped/12079734.jpg
12097275,Gouki Bearhug,Warrior,EARTH,6.0,2400.0,0.0,https://images.ygoprodeck.com/images/cards_cropped/12097275.jpg
12143771,People Running About,Pyro,FIRE,2.0,600.0,600.0,https://images.ygoprodeck.com/images/cards_cropped/12143771.jpg
12146024,Bolt Escargot,Thunder,WATER,5.0,1400.0,1500.0,https://images.ygoprodeck.com/images/cards_cropped/12146024.jpg
12152769,Scrounging Goblin,Fiend,EARTH,4.0,1000.0,2000.0,https://images.ygoprodeck.com/images/cards_cropped/12152769.jpg
12160911,Elephant Statue of Disaster,Rock,EARTH,3.0,1500.0,0.0,https://images.ygoprodeck.com/images/cards_cropped/12160911.jpg
12163590,Dragonmaid Cehrmba,Dragon,DARK,9.0,2800.0,1800.0,https://images.ygoprodeck.com/images/cards_cropped/12163590.jpg
12171659,"Zeradias, Herald of Heaven",Fairy,LIGHT,4.0,2100.0,800.0,https://images.ygoprodeck.com/images/cards_cropped/12171659.jpg
12196873,Metaphys Decoy Dragon,Wyrm,LIGHT,2.0,300.0,200.0,https://images.ygoprodeck.com/images/cards_cropped/12196873.jpg
12197223,"Shiina, Twin Tempests of Celestial Thunder",Dragon,WIND,9.0,2900.0,1500.0,https://images.ygoprodeck.com/images/cards_cropped/12197223.jpg
12206212,Harpie Lady Sisters,Winged Beast,WIND,6.0,1950.0,2100.0,https://images.ygoprodeck.com/images/cards_cropped/12206212.jpg
12213463,White Rose Dragon,Dragon,DARK,4.0,1200.0,1000.0,https://images.ygoprodeck.com/images/cards_cropped/12213463.jpg
12235475,Fabled Ashenveil,Fiend,LIGHT,4.0,1600.0,1200.0,https://images.ygoprodeck.com/images/cards_cropped/12235475.jpg
12255007,Performapal Fireflux,Insect,LIGHT,4.0,1200.0,1600.0,https://images.ygoprodeck.com/images/cards_cropped/12255007.jpg
12262393,Delta The Magnet Warrior,Rock,EARTH,4.0,1600.0,1400.0,https://images.ygoprodeck.com/images/cards_cropped/12262393.jpg
12266229,Illusion of Chaos,Spellcaster,DARK,7.0,2100.0,2500.0,https://images.ygoprodeck.com/images/cards_cropped/12266229.jpg
12275533,Trifortressops,Machine,DARK,6.0,1600.0,2800.0,https://images.ygoprodeck.com/images/cards_cropped/12275533.jpg
12289247,Chronograph Sorcerer,Spellcaster,DARK,6.0,2000.0,1700.0,https://images.ygoprodeck.com/images/cards_cropped/12289247.jpg
12296376,Wattwoodpecker,Thunder,LIGHT,3.0,1000.0,100.0,https://images.ygoprodeck.com/images/cards_cropped/12296376.jpg
12298909,Prime Material Dragon,Dragon,LIGHT,6.0,2400.0,2000.0,https://images.ygoprodeck.com/images/cards_cropped/12298909.jpg
12299841,Wind-Up Soldier,Warrior,EARTH,4.0,1800.0,1200.0,https://images.ygoprodeck.com/images/cards_cropped/12299841.jpg
12332865,Thron the Disciplined Angel,Fairy,EARTH,4.0,1500.0,600.0,https://images.ygoprodeck.com/images/cards_cropped/12332865.jpg
12338068,Legendary Maju Garzett,Fiend,DARK,8.0,0.0,0.0,https://images.ygoprodeck.com/images/cards_cropped/12338068.jpg
12369277,Super Quantum Blue Layer,Psychic,WATER,3.0,1200.0,2000.0,https://images.ygoprodeck.com/images/cards_cropped/12369277.jpg
12375297,Elfnote Power Patron,Fiend,FIRE,1.0,300.0,200.0,https://images.ygoprodeck.com/images/cards_cropped/12375297.jpg
12398280,"Freya, Spirit of Victory",Fairy,LIGHT,1.0,100.0,100.0,https://images.ygoprodeck.com/images/cards_cropped/12398280.jpg
12408276,Kozmoll Dark Lady,Psychic,DARK,5.0,2200.0,1800.0,https://images.ygoprodeck.com/images/cards_cropped/12408276.jpg
12423762,Gagaga Gardna,Warrior,EARTH,4.0,1500.0,2000.0,https://images.ygoprodeck.com/images/cards_cropped/12423762.jpg
12435193,Koa'ki Meiru Drago,Dragon,WIND,4.0,1900.0,1600.0,https://images.ygoprodeck.com/images/cards_cropped/12435193.jpg
12436646,Aqua Snake,Aqua,WATER,3.0,1050.0,900.0,https://images.ygoprodeck.com/images/cards_cropped/12436646.jpg
12451640,Frontline Observer,Machine,EARTH,4.0,1000.0,1500.0,https://images.ygoprodeck.com/images/cards_cropped/12451640.jpg
12467005,Tackle Crusader,Rock,EARTH,4.0,1500.0,1800.0,https://images.ygoprodeck.com/images/cards_cropped/12467005.jpg
12469386,Revival Rose,Plant,DARK,4.0,1300.0,1300.0,https://images.ygoprodeck.com/images/cards_cropped/12469386.jpg
12472242,Leghul,Insect,EARTH,1.0,300.0,350.0,https://images.ygoprodeck.com/images/cards_cropped/12472242.jpg
12482652,Ojama Green,Beast,LIGHT,2.0,0.0,1000.0,https://images.ygoprodeck.com/images/cards_cropped/12482652.jpg
12493482,Dunames Dark Witch,Fairy,LIGHT,4.0,1800.0,1050.0,https://images.ygoprodeck.com/images/cards_cropped/12493482.jpg
12500059,Dawn Angel Kambi,Fairy,LIGHT,1.0,500.0,1800.0,https://images.ygoprodeck.com/images/cards_cropped/12500059.jpg
12510878,"Neo-Parshath, the Sky Paladin",Fairy,LIGHT,7.0,2300.0,2000.0,https://images.ygoprodeck.com/images/cards_cropped/12510878.jpg
12525049,Symphonic Warrior Guitaar,Machine,WIND,3.0,1500.0,100.0,https://images.ygoprodeck.com/images/cards_cropped/12525049.jpg
12527118,Cassimolar,Fiend,DARK,3.0,1000.0,1200.0,https://images.ygoprodeck.com/images/cards_cropped/12527118.jpg
12538374,Treeborn Frog,Aqua,WATER,1.0,100.0,100.0,https://images.ygoprodeck.com/images/cards_cropped/12538374.jpg
12571621,Virtual World Xiezhi - Jiji,Wyrm,EARTH,3.0,1000.0,1600.0,https://images.ygoprodeck.com/images/cards_cropped/12571621.jpg
12600382,Exodia Necross,Spellcaster,DARK,4.0,1800.0,0.0,https://images.ygoprodeck.com/images/cards_cropped/12600382.jpg
12612470,Procession of the Tea Jar,Zombie,DARK,3.0,500.0,0.0,https://images.ygoprodeck.com/images/cards_cropped/12612470.jpg
12624008,Radiant Spirit,Reptile,LIGHT,7.0,2000.0,1500.0,https://images.ygoprodeck.com/images/cards_cropped/12624008.jpg
12678601,Tindangle Dholes,Fiend,DARK,5.0,1000.0,1000.0,https://images.ygoprodeck.com/images/cards_cropped/12678601.jpg
12694768,Abaki,Fiend,FIRE,4.0,1700.0,1100.0,https://images.ygoprodeck.com/images/cards_cropped/12694768.jpg
12697630,Artifact Beagalltach,Fairy,LIGHT,5.0,1400.0,2100.0,https://images.ygoprodeck.com/images/cards_cropped/12697630.jpg
12755462,Goblin Pothole Squad,Warrior,EARTH,4.0,1500.0,400.0,https://images.ygoprodeck.com/images/cards_cropped/12755462.jpg
12766474,"Duke Shade, the Sinister Shadow Lord",Fiend,DARK,4.0,500.0,2000.0,https://images.ygoprodeck.com/images/cards_cropped/12766474.jpg
12800564,"Master Peace, the True Dracoverlord",Wyrm,DARK,10.0,2950.0,2950.0,https://images.ygoprodeck.com/images/cards_cropped/12800564.jpg
12800777,Garuda the Wind Spirit,Winged Beast,WIND,4.0,1600.0,1200.0,https://images.ygoprodeck.com/images/cards_cropped/12800777.jpg
12817939,Dark Lucius LV6,Fiend,EARTH,6.0,1700.0,600.0,https://images.ygoprodeck.com/images/cards_cropped/12817939.jpg
12822541,D/D Lilith,Fiend,DARK,4.0,100.0,2100.0,https://images.ygoprodeck.com/images/cards_cropped/12822541.jpg
12829151,Kanan the Swordmistress,Warrior,EARTH,4.0,1400.0,1400.0,https://images.ygoprodeck.com/images/cards_cropped/12829151.jpg
12836042,Missing Force,Warrior,DARK,4.0,1500.0,1000.0,https://images.ygoprodeck.com/images/cards_cropped/12836042.jpg
12883044,Flame Dancer,Pyro,FIRE,2.0,550.0,450.0,https://images.ygoprodeck.com/images/cards_cropped/12883044.jpg
12888461,Aspischool,Fish,WATER,4.0,300.0,300.0,https://images.ygoprodeck.com/images/cards_cropped/12888461.jpg
12908094,Gagaga Magician - Gagaga Magic,Spellcaster,DARK,4.0,1500.0,1000.0,https://images.ygoprodeck.com/images/cards_cropped/12908094.jpg
12927849,SZW - Fenrir Sword,Beast,LIGHT,4.0,1800.0,1100.0,https://images.ygoprodeck.com/images/cards_cropped/12927849.jpg
12950294,Speedburst Dragon,Dragon,DARK,6.0,2400.0,600.0,https://images.ygoprodeck.com/images/cards_cropped/12950294.jpg
12953226,Nuvia the Wicked,Fiend,DARK,4.0,2000.0,800.0,https://images.ygoprodeck.com/images/cards_cropped/12953226.jpg
12958919,Phantom Skyblaster,Fiend,DARK,4.0,1100.0,800.0,https://images.ygoprodeck.com/images/cards_cropped/12958919.jpg
12965761,Des Dendle,Plant,EARTH,4.0,300.0,2000.0,https://images.ygoprodeck.com/images/cards_cropped/12965761.jpg
12975671,First Penguin,Winged Beast,WATER,1.0,100.0,100.0,https://images.ygoprodeck.com/images/cards_cropped/12975671.jpg
12977245,Altergeist Fifinellag,Spellcaster,DARK,2.0,0.0,1000.0,https://images.ygoprodeck.com/images/cards_cropped/12977245.jpg
12980373,Madolche Mewfeuille,Beast,EARTH,3.0,500.0,300.0,https://images.ygoprodeck.com/images/cards_cropped/12980373.jpg
13002461,Strength of Prophecy,Spellcaster,FIRE,4.0,1500.0,1400.0,https://images.ygoprodeck.com/images/cards_cropped/13002461.jpg
13014905,Agnimal Candle,Pyro,FIRE,4.0,1700.0,0.0,https://images.ygoprodeck.com/images/cards_cropped/13014905.jpg
13021682,Starjunk Synchron,Warrior,DARK,3.0,1300.0,500.0,https://images.ygoprodeck.com/images/cards_cropped/13021682.jpg
13026402,A-Team: Trap Disposal Unit,Machine,FIRE,2.0,300.0,400.0,https://images.ygoprodeck.com/images/cards_cropped/13026402.jpg
13039848,Giant Soldier of Stone,Rock,EARTH,3.0,1300.0,2000.0,https://images.ygoprodeck.com/images/cards_cropped/13039848.jpg
13046291,Evoltile Megachirella,Reptile,FIRE,1.0,0.0,0.0,https://images.ygoprodeck.com/images/cards_cropped/13046291.jpg
13069066,Sword Arm of Dragon,Dinosaur,EARTH,6.0,1750.0,2030.0,https://images.ygoprodeck.com/images/cards_cropped/13069066.jpg
13073850,Qliphort Stealth,Machine,EARTH,8.0,2800.0,1000.0,https://images.ygoprodeck.com/images/cards_cropped/13073850.jpg
13090893,Grid Sweeper,Cyberse,LIGHT,4.0,100.0,2000.0,https://images.ygoprodeck.com/images/cards_cropped/13090893.jpg
13093792,Destiny HERO - Diamond Dude,Warrior,DARK,4.0,1400.0,1600.0,https://images.ygoprodeck.com/images/cards_cropped/13093792.jpg
13140300,Hieratic Seal of the Sun Dragon Overlord,Dragon,LIGHT,8.0,0.0,0.0,https://images.ygoprodeck.com/images/cards_cropped/13140300.jpg
13171876,Laundry Dragonmaid,Dragon,WATER,2.0,500.0,1600.0,https://images.ygoprodeck.com/images/cards_cropped/13171876.jpg
13173832,Salamangreat Wolvie,Cyberse,FIRE,4.0,1700.0,1000.0,https://images.ygoprodeck.com/images/cards_cropped/13173832.jpg
13179332,Charcoal Inpachi,Pyro,FIRE,1.0,100.0,2100.0,https://images.ygoprodeck.com/images/cards_cropped/13179332.jpg
13193642,Dark Plant,Plant,DARK,1.0,300.0,400.0,https://images.ygoprodeck.com/images/cards_cropped/13193642.jpg
13215230,Dream Clown,Warrior,EARTH,3.0,1200.0,900.0,https://images.ygoprodeck.com/images/cards_cropped/13215230.jpg
13220032,Vylon Charger,Fairy,LIGHT,4.0,1000.0,1000.0,https://images.ygoprodeck.com/images/cards_cropped/13220032.jpg
13224603,"Gizmek Yata, the Gleaming Vanguard",Machine,LIGHT,5.0,2050.0,2050.0,https://images.ygoprodeck.com/images/cards_cropped/13224603.jpg
13241004,Fluffal Penguin,Fairy,WATER,4.0,1600.0,1100.0,https://images.ygoprodeck.com/images/cards_cropped/13241004.jpg
13250922,Anteatereatingant,Insect,EARTH,5.0,2000.0,500.0,https://images.ygoprodeck.com/images/cards_cropped/13250922.jpg
13256226,Elemental HERO Spirit of Neos,Warrior,LIGHT,7.0,2500.0,2000.0,https://images.ygoprodeck.com/images/cards_cropped/13256226.jpg
13258285,Ukiyoe-P.U.N.K. Sharakusai,Psychic,EARTH,3.0,1200.0,600.0,https://images.ygoprodeck.com/images/cards_cropped/13258285.jpg
13291886,Vaylantz Dominator Duke,Machine,FIRE,8.0,2000.0,2000.0,https://images.ygoprodeck.com/images/cards_cropped/13291886.jpg
13302026,Queen Butterfly Danaus,Insect,WIND,8.0,2800.0,1900.0,https://images.ygoprodeck.com/images/cards_cropped/13302026.jpg
13313278,Battlin' Boxer Veil,Warrior,FIRE,4.0,0.0,1800.0,https://images.ygoprodeck.com/images/cards_cropped/13313278.jpg
13314457,Deepsea Macrotrema,Fish,WATER,1.0,600.0,100.0,https://images.ygoprodeck.com/images/cards_cropped/13314457.jpg
13316346,Boot-Up Soldier - Dread Dynamo,Machine,EARTH,4.0,0.0,2000.0,https://images.ygoprodeck.com/images/cards_cropped/13316346.jpg
13332685,Ame no Habakiri no Mitsurugi,Reptile,DARK,8.0,2400.0,1800.0,https://images.ygoprodeck.com/images/cards_cropped/13332685.jpg
13361027,Dragunity Darkspear,Dragon,WIND,3.0,1000.0,1000.0,https://images.ygoprodeck.com/images/cards_cropped/13361027.jpg
13382806,Silvervine Senri,Beast,WIND,2.0,0.0,0.0,https://images.ygoprodeck.com/images/cards_cropped/13382806.jpg
13386503,Ghost Knight of Jackal,Beast-Warrior,EARTH,5.0,1700.0,1600.0,https://images.ygoprodeck.com/images/cards_cropped/13386503.jpg
13391185,Noble Knight Gwalchavad,Warrior,LIGHT,4.0,1500.0,1800.0,https://images.ygoprodeck.com/images/cards_cropped/13391185.jpg
13408726,Nekroz of Metaltron,Wyrm,LIGHT,9.0,2500.0,3000.0,https://images.ygoprodeck.com/images/cards_cropped/13408726.jpg
13409151,Desertapir,Beast,EARTH,3.0,900.0,300.0,https://images.ygoprodeck.com/images/cards_cropped/13409151.jpg
13429800,Great White,Fish,WATER,4.0,1600.0,800.0,https://images.ygoprodeck.com/images/cards_cropped/13429800.jpg
13455953,Dverg of the Nordic Alfar,Warrior,EARTH,1.0,100.0,1000.0,https://images.ygoprodeck.com/images/cards_cropped/13455953.jpg
13474291,Cloudian - Storm Dragon,Fairy,WATER,4.0,1000.0,0.0,https://images.ygoprodeck.com/images/cards_cropped/13474291.jpg
13478040,Rodenut,Beast,EARTH,1.0,100.0,100.0,https://images.ygoprodeck.com/images/cards_cropped/13478040.jpg
13482075,Vendread Chimera,Zombie,DARK,5.0,2300.0,0.0,https://images.ygoprodeck.com/images/cards_cropped/13482075.jpg
13492423,Photon Caesar,Warrior,LIGHT,8.0,2000.0,2800.0,https://images.ygoprodeck.com/images/cards_cropped/13492423.jpg
13510157,Hound of the Tistina,Aqua,EARTH,4.0,1800.0,700.0,https://images.ygoprodeck.com/images/cards_cropped/13510157.jpg
13518809,"Ruin, Supreme Queen of Oblivion",Fairy,LIGHT,10.0,2900.0,3000.0,https://images.ygoprodeck.com/images/cards_cropped/13518809.jpg
13521194,Stygian Street Patrol,Fiend,DARK,4.0,1600.0,1200.0,https://images.ygoprodeck.com/images/cards_cropped/13521194.jpg
13522325,Spirit of Flames,Pyro,FIRE,4.0,1700.0,1000.0,https://images.ygoprodeck.com/images/cards_cropped/13522325.jpg
13532663,Dummy Golem,Rock,EARTH,2.0,800.0,800.0,https://images.ygoprodeck.com/images/cards_cropped/13532663.jpg
13533678,Spright Jet,Thunder,DARK,2.0,1300.0,700.0,https://images.ygoprodeck.com/images/cards_cropped/13533678.jpg
13567610,Carnot the Eternal Machine,Machine,LIGHT,10.0,3000.0,2500.0,https://images.ygoprodeck.com/images/cards_cropped/13567610.jpg
13582837,Infernity Randomizer,Warrior,DARK,1.0,900.0,0.0,https://images.ygoprodeck.com/images/cards_cropped/13582837.jpg
13597785,Elfnote Lucina,Spellcaster,FIRE,6.0,2500.0,1800.0,https://images.ygoprodeck.com/images/cards_cropped/13597785.jpg
13599884,Steel Scorpion,Machine,EARTH,1.0,250.0,300.0,https://images.ygoprodeck.com/images/cards_cropped/13599884.jpg
13647631,Heavy Freight Train Derricrane,Machine,EARTH,10.0,2800.0,2000.0,https://images.ygoprodeck.com/images/cards_cropped/13647631.jpg
13650422,Evil HERO Adusted Gold,Fiend,LIGHT,4.0,2100.0,800.0,https://images.ygoprodeck.com/images/cards_cropped/13650422.jpg
13676474,Grand Tiki Elder,Fiend,DARK,4.0,1500.0,800.0,https://images.ygoprodeck.com/images/cards_cropped/13676474.jpg
13683298,Thunderclap Skywolf,Thunder,LIGHT,7.0,2500.0,2000.0,https://images.ygoprodeck.com/images/cards_cropped/13683298.jpg
13694209,Dogmatika Ashiyan,Spellcaster,LIGHT,8.0,2000.0,1500.0,https://images.ygoprodeck.com/images/cards_cropped/13694209.jpg
13708425,Flare Resonator,Fiend,FIRE,3.0,300.0,1300.0,https://images.ygoprodeck.com/images/cards_cropped/13708425.jpg
13723605,Man-Eating Treasure Chest,Fiend,DARK,4.0,1600.0,1000.0,https://images.ygoprodeck.com/images/cards_cropped/13723605.jpg
13744068,Berserk Archfiend,Fiend,DARK,6.0,2000.0,0.0,https://images.ygoprodeck.com/images/cards_cropped/13744068.jpg
13760677,P.M. Captor,Zombie,DARK,4.0,1800.0,0.0,https://images.ygoprodeck.com/images/cards_cropped/13760677.jpg
13761956,Flamvell Baby,Pyro,FIRE,1.0,800.0,200.0,https://images.ygoprodeck.com/images/cards_cropped/13761956.jpg
13764881,Chain Resonator,Fiend,LIGHT,1.0,100.0,100.0,https://images.ygoprodeck.com/images/cards_cropped/13764881.jpg
13821299,Trap Eater,Fiend,DARK,4.0,1900.0,1600.0,https://images.ygoprodeck.com/images/cards_cropped/13821299.jpg
13836592,Behemoth the King of a Hundred Battles,Beast,EARTH,10.0,2700.0,1500.0,https://images.ygoprodeck.com/images/cards_cropped/13836592.jpg
13839120,Yellow Gadget,Machine,EARTH,4.0,1200.0,1200.0,https://images.ygoprodeck.com/images/cards_cropped/13839120.jpg
13846680,Firestorm Prominence,Reptile,FIRE,7.0,2000.0,1500.0,https://images.ygoprodeck.com/images/cards_cropped/13846680.jpg
13851202,Satellarknight Rigel,Warrior,LIGHT,4.0,1900.0,700.0,https://images.ygoprodeck.com/images/cards_cropped/13851202.jpg
13890468,Spiritual Beast Pettlephin,Aqua,WIND,4.0,0.0,2000.0,https://images.ygoprodeck.com/images/cards_cropped/13890468.jpg
13893596,Exodius the Ultimate Forbidden Lord,Spellcaster,DARK,10.0,-1.0,0.0,https://images.ygoprodeck.com/images/cards_cropped/13893596.jpg
13903402,"Mardel, Generaider Boss of Light",Plant,LIGHT,9.0,2400.0,2400.0,https://images.ygoprodeck.com/images/cards_cropped/13903402.jpg
13923256,Ancient Warriors - Eccentric Lu Jing,Beast-Warrior,WATER,4.0,700.0,2000.0,https://images.ygoprodeck.com/images/cards_cropped/13923256.jpg
13944422,Granadora,Reptile,WATER,4.0,1900.0,700.0,https://images.ygoprodeck.com/images/cards_cropped/13944422.jpg
13945283,Wall of Illusion,Fiend,DARK,4.0,1000.0,1850.0,https://images.ygoprodeck.com/images/cards_cropped/13945283.jpg
13959634,Moulinglacia the Elemental Lord,Sea Serpent,WATER,8.0,2800.0,2200.0,https://images.ygoprodeck.com/images/cards_cropped/13959634.jpg
13974207,Denko Sekka,Thunder,LIGHT,4.0,1700.0,1000.0,https://images.ygoprodeck.com/images/cards_cropped/13974207.jpg
14015067,Ancient One of the Deep Forest,Beast,EARTH,6.0,1800.0,1900.0,https://images.ygoprodeck.com/images/cards_cropped/14015067.jpg
14037717,Spirit of the Books,Winged Beast,WIND,4.0,1400.0,1200.0,https://images.ygoprodeck.com/images/cards_cropped/14037717.jpg
14047624,Laval Judgment Lord,Warrior,FIRE,7.0,2700.0,1800.0,https://images.ygoprodeck.com/images/cards_cropped/14047624.jpg
14089428,Blue Thunder T-45,Machine,LIGHT,4.0,1700.0,1000.0,https://images.ygoprodeck.com/images/cards_cropped/14089428.jpg
14105623,Odd-Eyes Arc Pendulum Dragon,Dragon,DARK,7.0,2700.0,2000.0,https://images.ygoprodeck.com/images/cards_cropped/14105623.jpg
14124483,Elemental HERO Honest Neos,Warrior,LIGHT,7.0,2500.0,2000.0,https://images.ygoprodeck.com/images/cards_cropped/14124483.jpg
14141448,Great Moth,Insect,EARTH,8.0,2600.0,2500.0,https://images.ygoprodeck.com/images/cards_cropped/14141448.jpg
14146794,Donyoribo @Ignister,Cyberse,DARK,1.0,300.0,0.0,https://images.ygoprodeck.com/images/cards_cropped/14146794.jpg
14148099,B.E.S. Big Core,Machine,DARK,6.0,2300.0,1100.0,https://images.ygoprodeck.com/images/cards_cropped/14148099.jpg
14152693,Lunalight Emerald Bird,Beast-Warrior,DARK,4.0,1200.0,1000.0,https://images.ygoprodeck.com/images/cards_cropped/14152693.jpg
14169843,Aromage Laurel,Plant,WIND,1.0,800.0,0.0,https://images.ygoprodeck.com/images/cards_cropped/14169843.jpg
14181608,Mushroom Man,Plant,EARTH,2.0,800.0,600.0,https://images.ygoprodeck.com/images/cards_cropped/14181608.jpg
14198496,Mystic Piper,Spellcaster,LIGHT,1.0,0.0,0.0,https://images.ygoprodeck.com/images/cards_cropped/14198496.jpg
14212201,Shadow Vampire,Zombie,DARK,5.0,2000.0,0.0,https://images.ygoprodeck.com/images/cards_cropped/14212201.jpg
14214060,Trance the Magic Swordsman,Spellcaster,EARTH,6.0,2600.0,200.0,https://images.ygoprodeck.com/images/cards_cropped/14214060.jpg
14235211,Rider of the Storm Winds,Dragon,LIGHT,1.0,500.0,200.0,https://images.ygoprodeck.com/images/cards_cropped/14235211.jpg
14255590,Malice Ascendant,Zombie,DARK,4.0,700.0,1000.0,https://images.ygoprodeck.com/images/cards_cropped/14255590.jpg
14258627,Gaia Plate the Earth Giant,Rock,EARTH,8.0,2800.0,1000.0,https://images.ygoprodeck.com/images/cards_cropped/14258627.jpg
14261867,8-Claws Scorpion,Insect,DARK,2.0,300.0,200.0,https://images.ygoprodeck.com/images/cards_cropped/14261867.jpg
14291024,Gradius' Option,Machine,LIGHT,1.0,-1.0,-1.0,https://images.ygoprodeck.com/images/cards_cropped/14291024.jpg
14309486,Koa'ki Meiru Overload,Rock,EARTH,4.0,1900.0,1200.0,https://images.ygoprodeck.com/images/cards_cropped/14309486.jpg
14344682,Samurai Sword Baron,Warrior,EARTH,4.0,1600.0,1200.0,https://images.ygoprodeck.com/images/cards_cropped/14344682.jpg
14357527,Heavy Beetrooper Mighty Neptune,Insect,EARTH,8.0,3000.0,3000.0,https://images.ygoprodeck.com/images/cards_cropped/14357527.jpg
14391625,Visas Samsara,Fairy,LIGHT,4.0,1500.0,2100.0,https://images.ygoprodeck.com/images/cards_cropped/14391625.jpg
14418464,Vaylantz Buster Baron,Machine,FIRE,2.0,800.0,800.0,https://images.ygoprodeck.com/images/cards_cropped/14418464.jpg
14425515,Infernity Doom Slinger,Fiend,DARK,1.0,100.0,100.0,https://images.ygoprodeck.com/images/cards_cropped/14425515.jpg
14430063,Archfiend Interceptor,Fiend,DARK,4.0,1400.0,1600.0,https://images.ygoprodeck.com/images/cards_cropped/14430063.jpg
14457896,Parasite Paranoid,Insect,EARTH,2.0,500.0,300.0,https://images.ygoprodeck.com/images/cards_cropped/14457896.jpg
14462257,Ice Queen,Spellcaster,WATER,8.0,2900.0,2100.0,https://images.ygoprodeck.com/images/cards_cropped/14462257.jpg
14466224,The Atmosphere,Winged Beast,WIND,8.0,1000.0,800.0,https://images.ygoprodeck.com/images/cards_cropped/14466224.jpg
14469229,Crystal Keeper,Warrior,FIRE,4.0,1500.0,1800.0,https://images.ygoprodeck.com/images/cards_cropped/14469229.jpg
14472500,Gokipon,Insect,EARTH,2.0,800.0,800.0,https://images.ygoprodeck.com/images/cards_cropped/14472500.jpg
14504454,"Alice, Lady of Lament",Fiend,DARK,3.0,0.0,2000.0,https://images.ygoprodeck.com/images/cards_cropped/14504454.jpg
14505685,Cyberse Converter,Cyberse,LIGHT,2.0,1000.0,1000.0,https://images.ygoprodeck.com/images/cards_cropped/14505685.jpg
14506878,DUCKER Mobile Cannon,Machine,LIGHT,3.0,500.0,500.0,https://images.ygoprodeck.com/images/cards_cropped/14506878.jpg
14509651,Curse Necrofear,Fiend,DARK,8.0,2800.0,2200.0,https://images.ygoprodeck.com/images/cards_cropped/14509651.jpg
14512825,Pumpkin Carriage,Plant,EARTH,3.0,0.0,300.0,https://images.ygoprodeck.com/images/cards_cropped/14512825.jpg
14513016,Ritual Beast Tamer Elder,Psychic,WIND,2.0,200.0,1000.0,https://images.ygoprodeck.com/images/cards_cropped/14513016.jpg
14513273,Supreme King Gate Magician,Spellcaster,LIGHT,7.0,2500.0,2000.0,https://images.ygoprodeck.com/images/cards_cropped/14513273.jpg
14531242,Opticlops,Fiend,DARK,4.0,1800.0,1700.0,https://images.ygoprodeck.com/images/cards_cropped/14531242.jpg
14536035,Dark Grepher,Warrior,DARK,4.0,1700.0,1600.0,https://images.ygoprodeck.com/images/cards_cropped/14536035.jpg
14541657,Twilight Ninja Shingetsu,Warrior,DARK,4.0,1500.0,100.0,https://images.ygoprodeck.com/images/cards_cropped/14541657.jpg
14553285,Arcanite Magician/Assault Mode,Spellcaster,LIGHT,9.0,900.0,2300.0,https://images.ygoprodeck.com/images/cards_cropped/14553285.jpg
14556954,VIP Whale,Fish,LIGHT,6.0,2400.0,1000.0,https://images.ygoprodeck.com/images/cards_cropped/14556954.jpg
14558127,Ash Blossom & Joyous Spring,Zombie,FIRE,3.0,0.0,1800.0,https://images.ygoprodeck.com/images/cards_cropped/14558127.jpg
14568951,Blue Dragon Ninja,Sea Serpent,WATER,5.0,2100.0,1200.0,https://images.ygoprodeck.com/images/cards_cropped/14568951.jpg
14575467,Zombino,Zombie,EARTH,4.0,2000.0,0.0,https://images.ygoprodeck.com/images/cards_cropped/14575467.jpg
14618326,Crimson Ninja,Warrior,EARTH,1.0,300.0,300.0,https://images.ygoprodeck.com/images/cards_cropped/14618326.jpg
14624296,Superheavy Samurai Soulhorns,Machine,EARTH,1.0,0.0,300.0,https://images.ygoprodeck.com/images/cards_cropped/14624296.jpg
14644902,Summoner of Illusions,Spellcaster,LIGHT,3.0,800.0,900.0,https://images.ygoprodeck.com/images/cards_cropped/14644902.jpg
14677495,Tanngnjostr of the Nordic Beasts,Beast,EARTH,3.0,800.0,1100.0,https://images.ygoprodeck.com/images/cards_cropped/14677495.jpg
14702066,Cannon Soldier MK-2,Machine,EARTH,5.0,1900.0,1200.0,https://images.ygoprodeck.com/images/cards_cropped/14702066.jpg
14708569,Arlownay,Plant,EARTH,3.0,800.0,1000.0,https://images.ygoprodeck.com/images/cards_cropped/14708569.jpg
14729426,"Interplanetary Invader ""A""",Reptile,LIGHT,1.0,0.0,500.0,https://images.ygoprodeck.com/images/cards_cropped/14729426.jpg
14732294,White Knight Lord,Warrior,LIGHT,7.0,2000.0,2000.0,https://images.ygoprodeck.com/images/cards_cropped/14732294.jpg
14756848,Superheavy Samurai Thief,Machine,EARTH,10.0,1000.0,1000.0,https://images.ygoprodeck.com/images/cards_cropped/14756848.jpg
14759024,Constellar Zubeneschamali,Machine,LIGHT,5.0,2100.0,1400.0,https://images.ygoprodeck.com/images/cards_cropped/14759024.jpg
14761450,Penguin Squire,Aqua,WATER,5.0,1800.0,600.0,https://images.ygoprodeck.com/images/cards_cropped/14761450.jpg
14763299,Solo the Melodious Songstress,Fairy,LIGHT,4.0,1600.0,1000.0,https://images.ygoprodeck.com/images/cards_cropped/14763299.jpg
14771222,Shore Knight,Warrior,WATER,4.0,1400.0,1200.0,https://images.ygoprodeck.com/images/cards_cropped/14771222.jpg
14778250,The Tricky,Spellcaster,WIND,5.0,2000.0,1200.0,https://images.ygoprodeck.com/images/cards_cropped/14778250.jpg
14785765,Blackwing - Zephyros the Elite,Winged Beast,DARK,4.0,1600.0,1000.0,https://images.ygoprodeck.com/images/cards_cropped/14785765.jpg
14799437,Infernoid Onuncu,Fiend,FIRE,10.0,3000.0,3000.0,https://images.ygoprodeck.com/images/cards_cropped/14799437.jpg
14812659,Risebell the Star Psycher,Psychic,WIND,4.0,1500.0,1500.0,https://images.ygoprodeck.com/images/cards_cropped/14812659.jpg
14816857,Tri-Brigade Nervall,Winged Beast,WIND,1.0,0.0,2000.0,https://images.ygoprodeck.com/images/cards_cropped/14816857.jpg
14824019,Spellbook Magician of Prophecy,Spellcaster,WATER,2.0,500.0,400.0,https://images.ygoprodeck.com/images/cards_cropped/14824019.jpg
14851496,Jellyfish,Aqua,WATER,4.0,1200.0,1500.0,https://images.ygoprodeck.com/images/cards_cropped/14851496.jpg
14878871,Rescue Cat,Beast,EARTH,4.0,300.0,100.0,https://images.ygoprodeck.com/images/cards_cropped/14878871.jpg
14882493,"Gaia, the Polar Knight",Warrior,DARK,4.0,1600.0,1200.0,https://images.ygoprodeck.com/images/cards_cropped/14882493.jpg
14886469,Red Sprinter,Fiend,FIRE,4.0,1700.0,1200.0,https://images.ygoprodeck.com/images/cards_cropped/14886469.jpg
14898066,Vorse Raider,Beast-Warrior,DARK,4.0,1900.0,1200.0,https://images.ygoprodeck.com/images/cards_cropped/14898066.jpg
14920218,Oafdragon Magician,Spellcaster,WIND,6.0,2100.0,1400.0,https://images.ygoprodeck.com/images/cards_cropped/14920218.jpg
14936691,Worm Erokin,Reptile,LIGHT,6.0,2400.0,1200.0,https://images.ygoprodeck.com/images/cards_cropped/14936691.jpg
14943837,Debris Dragon,Dragon,WIND,4.0,1000.0,2000.0,https://images.ygoprodeck.com/images/cards_cropped/14943837.jpg
14957440,Otoshidamashi,Beast,EARTH,1.0,1000.0,1000.0,https://images.ygoprodeck.com/images/cards_cropped/14957440.jpg
14959144,Ultimate Bright Knight Ursatron Alpha,Machine,WATER,7.0,2000.0,700.0,https://images.ygoprodeck.com/images/cards_cropped/14959144.jpg
14965712,Kuriboh - Multiply!,Fiend,DARK,1.0,300.0,200.0,https://images.ygoprodeck.com/images/cards_cropped/14965712.jpg
14977074,Garoozis,Beast-Warrior,FIRE,5.0,1800.0,1500.0,https://images.ygoprodeck.com/images/cards_cropped/14977074.jpg
14983497,Mist Valley Baby Roc,Winged Beast,WIND,2.0,400.0,600.0,https://images.ygoprodeck.com/images/cards_cropped/14983497.jpg
14989021,"Simorgh, Bird of Divinity",Winged Beast,WIND,7.0,2700.0,1000.0,https://images.ygoprodeck.com/images/cards_cropped/14989021.jpg
15001619,Puppet Queen,Warrior,EARTH,6.0,2200.0,2500.0,https://images.ygoprodeck.com/images/cards_cropped/15001619.jpg
15001940,Foie Glasya de Nouvelles,Warrior,DARK,4.0,1600.0,1850.0,https://images.ygoprodeck.com/images/cards_cropped/15001940.jpg
15005145,Centur-Ion Primera,Spellcaster,LIGHT,4.0,1600.0,1600.0,https://images.ygoprodeck.com/images/cards_cropped/15005145.jpg
15013468,Andro Sphinx,Beast,LIGHT,10.0,3000.0,2500.0,https://images.ygoprodeck.com/images/cards_cropped/15013468.jpg
15023985,Stone Ogre Grotto,Rock,EARTH,5.0,1600.0,1500.0,https://images.ygoprodeck.com/images/cards_cropped/15023985.jpg
15025844,Mystical Elf,Spellcaster,LIGHT,4.0,800.0,2000.0,https://images.ygoprodeck.com/images/cards_cropped/15025844.jpg
15033525,The Blazing Mars,Pyro,FIRE,8.0,2600.0,2200.0,https://images.ygoprodeck.com/images/cards_cropped/15033525.jpg
15042735,Hurricail,Spellcaster,WIND,2.0,900.0,200.0,https://images.ygoprodeck.com/images/cards_cropped/15042735.jpg
15066114,Segmental Dragon,Cyberse,LIGHT,7.0,2600.0,2400.0,https://images.ygoprodeck.com/images/cards_cropped/15066114.jpg
15079028,World Soul - Carbon,Fairy,EARTH,4.0,0.0,0.0,https://images.ygoprodeck.com/images/cards_cropped/15079028.jpg
15090429,Whirlwind Prodigy,Fairy,WIND,4.0,1500.0,1600.0,https://images.ygoprodeck.com/images/cards_cropped/15090429.jpg
15130912,Saion the Vaylantz Archer,Spellcaster,WATER,4.0,1100.0,1100.0,https://images.ygoprodeck.com/images/cards_cropped/15130912.jpg
15141103,Dark Tuner Catastrogue,Fiend,DARK,8.0,0.0,0.0,https://images.ygoprodeck.com/images/cards_cropped/15141103.jpg
15146890,Dragonpulse Magician,Spellcaster,EARTH,4.0,1800.0,900.0,https://images.ygoprodeck.com/images/cards_cropped/15146890.jpg
15150365,White Magical Hat,Spellcaster,LIGHT,3.0,1000.0,700.0,https://images.ygoprodeck.com/images/cards_cropped/15150365.jpg
15150371,Archfiend Mirror,Fiend,DARK,2.0,700.0,600.0,https://images.ygoprodeck.com/images/cards_cropped/15150371.jpg
15169262,Laval Forest Sprite,Pyro,FIRE,2.0,300.0,200.0,https://images.ygoprodeck.com/images/cards_cropped/15169262.jpg
15171722,Evolsaur Lios,Dinosaur,FIRE,4.0,1600.0,400.0,https://images.ygoprodeck.com/images/cards_cropped/15171722.jpg
15173384,Illusionist Faceless Magician,Spellcaster,DARK,5.0,1200.0,2200.0,https://images.ygoprodeck.com/images/cards_cropped/15173384.jpg
15175429,Spell Reactor RE,Machine,DARK,3.0,1200.0,900.0,https://images.ygoprodeck.com/images/cards_cropped/15175429.jpg
15180041,Silent Swordsman,Warrior,LIGHT,4.0,1000.0,1000.0,https://images.ygoprodeck.com/images/cards_cropped/15180041.jpg
15187079,Earthbound Immortal Uru,Insect,DARK,10.0,3000.0,3000.0,https://images.ygoprodeck.com/images/cards_cropped/15187079.jpg
15198996,Green Ninja,Warrior,WIND,2.0,600.0,600.0,https://images.ygoprodeck.com/images/cards_cropped/15198996.jpg
15270885,Toon Goblin Attack Force,Warrior,EARTH,4.0,2300.0,0.0,https://images.ygoprodeck.com/images/cards_cropped/15270885.jpg
15303296,Ryu-Kishin,Fiend,DARK,3.0,1000.0,500.0,https://images.ygoprodeck.com/images/cards_cropped/15303296.jpg
15308295,Abyss Actor - Comic Relief,Fiend,DARK,3.0,1000.0,2000.0,https://images.ygoprodeck.com/images/cards_cropped/15308295.jpg
15310033,Unknown Synchron,Machine,DARK,1.0,0.0,0.0,https://images.ygoprodeck.com/images/cards_cropped/15310033.jpg
15317640,B.E.S. Covered Core,Machine,EARTH,7.0,2500.0,800.0,https://images.ygoprodeck.com/images/cards_cropped/15317640.jpg
15327215,Legendary Secret of the Six Samurai,Warrior,DARK,4.0,500.0,2000.0,https://images.ygoprodeck.com/images/cards_cropped/15327215.jpg
15335853,Mecha Phantom Beast Sabre Hawk,Machine,WIND,4.0,2100.0,100.0,https://images.ygoprodeck.com/images/cards_cropped/15335853.jpg
15341821,Dandylion,Plant,EARTH,3.0,300.0,300.0,https://images.ygoprodeck.com/images/cards_cropped/15341821.jpg
15367030,Gokibore,Insect,EARTH,4.0,1200.0,1400.0,https://images.ygoprodeck.com/images/cards_cropped/15367030.jpg
15381421,Starliege Seyfert,Dragon,LIGHT,4.0,1800.0,0.0,https://images.ygoprodeck.com/images/cards_cropped/15381421.jpg
15383415,Swarm of Scarabs,Insect,DARK,3.0,500.0,1000.0,https://images.ygoprodeck.com/images/cards_cropped/15383415.jpg
15394083,Tanngrisnir of the Nordic Beasts,Beast,EARTH,3.0,1200.0,800.0,https://images.ygoprodeck.com/images/cards_cropped/15394083.jpg
15397015,Inspector Boarder,Machine,LIGHT,4.0,2000.0,2000.0,https://images.ygoprodeck.com/images/cards_cropped/15397015.jpg
15401633,Kagemusha of the Blue Flame,Warrior,EARTH,2.0,800.0,400.0,https://images.ygoprodeck.com/images/cards_cropped/15401633.jpg
15419596,Ghost Bird of Bewitchment,Winged Beast,DARK,4.0,1300.0,1500.0,https://images.ygoprodeck.com/images/cards_cropped/15419596.jpg
15452043,Performapal Sword Fish,Fish,WATER,2.0,600.0,600.0,https://images.ygoprodeck.com/images/cards_cropped/15452043.jpg
15458892,Starship Spy Plane,Machine,WIND,4.0,1100.0,500.0,https://images.ygoprodeck.com/images/cards_cropped/15458892.jpg
15464375,Adularia of the June Moon,Spellcaster,WATER,5.0,1000.0,1000.0,https://images.ygoprodeck.com/images/cards_cropped/15464375.jpg
15475415,Alien Dog,Reptile,LIGHT,3.0,1500.0,1000.0,https://images.ygoprodeck.com/images/cards_cropped/15475415.jpg
15480588,Armored Lizard,Reptile,EARTH,4.0,1500.0,1200.0,https://images.ygoprodeck.com/images/cards_cropped/15480588.jpg
15495787,Superheavy Samurai Prepped Defense,Machine,EARTH,3.0,100.0,2100.0,https://images.ygoprodeck.com/images/cards_cropped/15495787.jpg
15502037,Gamma The Electromagnet Warrior,Rock,EARTH,3.0,800.0,2000.0,https://images.ygoprodeck.com/images/cards_cropped/15502037.jpg
15507080,Sectarian of Secrets,Spellcaster,DARK,2.0,700.0,500.0,https://images.ygoprodeck.com/images/cards_cropped/15507080.jpg
15510988,Thunder Kid,Thunder,WIND,2.0,700.0,600.0,https://images.ygoprodeck.com/images/cards_cropped/15510988.jpg
15521027,Morphtronic Smartfon,Machine,EARTH,1.0,100.0,100.0,https://images.ygoprodeck.com/images/cards_cropped/15521027.jpg
15545291,Granmarg the Mega Monarch,Rock,EARTH,8.0,2800.0,1000.0,https://images.ygoprodeck.com/images/cards_cropped/15545291.jpg
15574615,D.D. Jet Iron,Machine,LIGHT,10.0,4000.0,0.0,https://images.ygoprodeck.com/images/cards_cropped/15574615.jpg
15595052,Disciple of the Forbidden Spell,Warrior,LIGHT,4.0,1700.0,800.0,https://images.ygoprodeck.com/images/cards_cropped/15595052.jpg
15605085,Genex Solar,Machine,LIGHT,7.0,2500.0,1500.0,https://images.ygoprodeck.com/images/cards_cropped/15605085.jpg
15610297,Vijam the Cubic Seed,Fiend,DARK,1.0,0.0,0.0,https://images.ygoprodeck.com/images/cards_cropped/15610297.jpg
15613529,Mystical Elf - White Lightning,Spellcaster,LIGHT,4.0,800.0,2000.0,https://images.ygoprodeck.com/images/cards_cropped/15613529.jpg
15653824,Skull Knight #2,Fiend,DARK,3.0,1000.0,1200.0,https://images.ygoprodeck.com/images/cards_cropped/15653824.jpg
15658249,Worm Barses,Reptile,LIGHT,3.0,1400.0,1500.0,https://images.ygoprodeck.com/images/cards_cropped/15658249.jpg
15667446,"Latinum, Exarch of Dark World",Fiend,DARK,6.0,1500.0,2400.0,https://images.ygoprodeck.com/images/cards_cropped/15667446.jpg
15710054,Krawler Axon,Insect,EARTH,2.0,500.0,1800.0,https://images.ygoprodeck.com/images/cards_cropped/15710054.jpg
15717011,The Light - Hex-Sealed Fusion,Rock,LIGHT,3.0,1000.0,1600.0,https://images.ygoprodeck.com/images/cards_cropped/15717011.jpg
15721123,"Confronting the ""C""",Insect,EARTH,5.0,1100.0,2500.0,https://images.ygoprodeck.com/images/cards_cropped/15721123.jpg
15734813,Soul Tiger,Beast,EARTH,4.0,0.0,2100.0,https://images.ygoprodeck.com/images/cards_cropped/15734813.jpg
15744417,Orgoth the Relentless,Warrior,EARTH,7.0,2500.0,2450.0,https://images.ygoprodeck.com/images/cards_cropped/15744417.jpg
15746348,Eria the Water Channeler,Spellcaster,WATER,5.0,1850.0,1500.0,https://images.ygoprodeck.com/images/cards_cropped/15746348.jpg
15767889,Knight Day Grepher,Warrior,LIGHT,4.0,1700.0,1600.0,https://images.ygoprodeck.com/images/cards_cropped/15767889.jpg
15771991,Guardian Slime,Aqua,WATER,10.0,0.0,0.0,https://images.ygoprodeck.com/images/cards_cropped/15771991.jpg
15792576,Sky Scourge Cidhels,Fiend,EARTH,6.0,2200.0,1600.0,https://images.ygoprodeck.com/images/cards_cropped/15792576.jpg
15808381,Achichi @Ignister,Cyberse,FIRE,2.0,800.0,800.0,https://images.ygoprodeck.com/images/cards_cropped/15808381.jpg
15820147,Monsturtle,Aqua,WATER,3.0,800.0,1000.0,https://images.ygoprodeck.com/images/cards_cropped/15820147.jpg
15839054,Synchro Fusionist,Spellcaster,DARK,2.0,800.0,600.0,https://images.ygoprodeck.com/images/cards_cropped/15839054.jpg
15845914,Magicians of Bonds and Unity,Spellcaster,LIGHT,8.0,2500.0,2500.0,https://images.ygoprodeck.com/images/cards_cropped/15845914.jpg
15848542,Dragonmaid Lorpar,Dragon,WIND,8.0,2700.0,1700.0,https://images.ygoprodeck.com/images/cards_cropped/15848542.jpg
15871676,Constellar Aldebaran,Beast-Warrior,LIGHT,3.0,1300.0,800.0,https://images.ygoprodeck.com/images/cards_cropped/15871676.jpg
15893860,Snowman Creator,Machine,WATER,4.0,1600.0,1000.0,https://images.ygoprodeck.com/images/cards_cropped/15893860.jpg
15894048,Ultimate Tyranno,Dinosaur,EARTH,8.0,3000.0,2200.0,https://images.ygoprodeck.com/images/cards_cropped/15894048.jpg
15935204,Storm Caller,Psychic,WIND,6.0,2300.0,2000.0,https://images.ygoprodeck.com/images/cards_cropped/15935204.jpg
15936370,Pandora's Jewelry Box,Wyrm,DARK,4.0,1500.0,1500.0,https://images.ygoprodeck.com/images/cards_cropped/15936370.jpg
15939448,Shield Worm,Insect,EARTH,4.0,800.0,2000.0,https://images.ygoprodeck.com/images/cards_cropped/15939448.jpg
15941690,Chronomaly Crystal Bones,Rock,LIGHT,3.0,1300.0,400.0,https://images.ygoprodeck.com/images/cards_cropped/15941690.jpg
15947754,Silent Wolf Calupo,Beast-Warrior,DARK,4.0,1400.0,1400.0,https://images.ygoprodeck.com/images/cards_cropped/15947754.jpg
15951532,Amazoness Queen,Warrior,EARTH,6.0,2400.0,1800.0,https://images.ygoprodeck.com/images/cards_cropped/15951532.jpg
15960641,Mirage Dragon,Dragon,LIGHT,4.0,1600.0,600.0,https://images.ygoprodeck.com/images/cards_cropped/15960641.jpg
15978426,Performapal Secondonkey,Beast,EARTH,4.0,1000.0,2000.0,https://images.ygoprodeck.com/images/cards_cropped/15978426.jpg
15981690,Carboneddon,Dinosaur,EARTH,3.0,800.0,600.0,https://images.ygoprodeck.com/images/cards_cropped/15981690.jpg
15983048,Maginificent Magikey Mafteal,Fiend,LIGHT,4.0,1600.0,1600.0,https://images.ygoprodeck.com/images/cards_cropped/15983048.jpg
16001119,Red Potan,Fairy,FIRE,1.0,100.0,200.0,https://images.ygoprodeck.com/images/cards_cropped/16001119.jpg
16003979,Gladiator Beast Sagittarii,Winged Beast,WIND,3.0,1400.0,1000.0,https://images.ygoprodeck.com/images/cards_cropped/16003979.jpg
16008155,Reptilianne Servant,Reptile,DARK,1.0,100.0,100.0,https://images.ygoprodeck.com/images/cards_cropped/16008155.jpg
16020923,Pikari @Ignister,Cyberse,LIGHT,4.0,1200.0,600.0,https://images.ygoprodeck.com/images/cards_cropped/16020923.jpg
16021142,Canon the Melodious Diva,Fairy,LIGHT,4.0,1400.0,2000.0,https://images.ygoprodeck.com/images/cards_cropped/16021142.jpg
16024176,Flower Cardian Pine with Crane,Warrior,DARK,1.0,2000.0,2000.0,https://images.ygoprodeck.com/images/cards_cropped/16024176.jpg
16111820,Jurrac Herra,Dinosaur,FIRE,6.0,2300.0,1500.0,https://images.ygoprodeck.com/images/cards_cropped/16111820.jpg
16135253,Agido,Fairy,EARTH,4.0,1500.0,1300.0,https://images.ygoprodeck.com/images/cards_cropped/16135253.jpg
16146511,Evocator Eveque,Warrior,FIRE,4.0,1500.0,1000.0,https://images.ygoprodeck.com/images/cards_cropped/16146511.jpg
16157341,Bujingi Ibis,Winged Beast,LIGHT,4.0,1600.0,300.0,https://images.ygoprodeck.com/images/cards_cropped/16157341.jpg
16178681,Odd-Eyes Pendulum Dragon,Dragon,DARK,7.0,2500.0,2000.0,https://images.ygoprodeck.com/images/cards_cropped/16178681.jpg
16188701,Lady Debug,Cyberse,LIGHT,4.0,1700.0,1400.0,https://images.ygoprodeck.com/images/cards_cropped/16188701.jpg
16191953,Master Gig,Psychic,EARTH,8.0,2600.0,1400.0,https://images.ygoprodeck.com/images/cards_cropped/16191953.jpg
16197610,Cloudian - Turbulence,Fairy,WATER,4.0,800.0,0.0,https://images.ygoprodeck.com/images/cards_cropped/16197610.jpg
16209941,Danger! Chupacabra!,Fiend,DARK,4.0,1500.0,400.0,https://images.ygoprodeck.com/images/cards_cropped/16209941.jpg
16222645,Sasuke Samurai,Warrior,WIND,2.0,500.0,800.0,https://images.ygoprodeck.com/images/cards_cropped/16222645.jpg
16223761,Thunder Hand,Thunder,LIGHT,4.0,1600.0,1600.0,https://images.ygoprodeck.com/images/cards_cropped/16223761.jpg
16226786,Night Assailant,Fiend,DARK,3.0,200.0,500.0,https://images.ygoprodeck.com/images/cards_cropped/16226786.jpg
16229315,Gale Dogra,Insect,EARTH,2.0,650.0,600.0,https://images.ygoprodeck.com/images/cards_cropped/16229315.jpg
16241441,Chrysalis Larva,Insect,FIRE,2.0,300.0,300.0,https://images.ygoprodeck.com/images/cards_cropped/16241441.jpg
16246527,Armored Rat,Beast,EARTH,3.0,950.0,1100.0,https://images.ygoprodeck.com/images/cards_cropped/16246527.jpg
16255173,The Grand Jupiter,Warrior,DARK,8.0,2500.0,2000.0,https://images.ygoprodeck.com/images/cards_cropped/16255173.jpg
16261341,Sacred Arch-Airknight Parshath,Fairy,LIGHT,9.0,2800.0,2300.0,https://images.ygoprodeck.com/images/cards_cropped/16261341.jpg
16268841,Zolga,Fairy,EARTH,4.0,1700.0,1200.0,https://images.ygoprodeck.com/images/cards_cropped/16268841.jpg
16279989,Ghostrick Stein,Zombie,DARK,3.0,1600.0,0.0,https://images.ygoprodeck.com/images/cards_cropped/16279989.jpg
16306932,Odd-Eyes Revolution Dragon,Dragon,LIGHT,12.0,-1.0,-1.0,https://images.ygoprodeck.com/images/cards_cropped/16306932.jpg
16312943,Libromancer Fire,Cyberse,FIRE,4.0,1800.0,1800.0,https://images.ygoprodeck.com/images/cards_cropped/16312943.jpg
16313112,Salamangreat Emerald Eagle,Cyberse,FIRE,8.0,2800.0,2000.0,https://images.ygoprodeck.com/images/cards_cropped/16313112.jpg
16353197,Drooling Lizard,Reptile,EARTH,3.0,900.0,800.0,https://images.ygoprodeck.com/images/cards_cropped/16353197.jpg
16360142,Mathmech Subtraction,Cyberse,FIRE,4.0,1000.0,1000.0,https://images.ygoprodeck.com/images/cards_cropped/16360142.jpg
16366810,Yellow Duston,Fiend,EARTH,1.0,0.0,1000.0,https://images.ygoprodeck.com/images/cards_cropped/16366810.jpg
16366944,Moonlit Papillon,Insect,LIGHT,4.0,1200.0,1600.0,https://images.ygoprodeck.com/images/cards_cropped/16366944.jpg
16387555,Kewl Tune Cue,Fairy,LIGHT,3.0,900.0,1900.0,https://images.ygoprodeck.com/images/cards_cropped/16387555.jpg
16392422,Toon Masked Sorcerer,Spellcaster,DARK,4.0,900.0,1400.0,https://images.ygoprodeck.com/images/cards_cropped/16392422.jpg
16404809,Kuribandit,Fiend,DARK,3.0,1000.0,700.0,https://images.ygoprodeck.com/images/cards_cropped/16404809.jpg
16428514,Subterror Guru,Dragon,EARTH,4.0,1600.0,1800.0,https://images.ygoprodeck.com/images/cards_cropped/16428514.jpg
16449363,Scrap Synchron,Machine,EARTH,1.0,700.0,100.0,https://images.ygoprodeck.com/images/cards_cropped/16449363.jpg
16469012,Teva,Warrior,LIGHT,5.0,2000.0,1500.0,https://images.ygoprodeck.com/images/cards_cropped/16469012.jpg
16474916,Exosister Elis,Spellcaster,LIGHT,4.0,500.0,800.0,https://images.ygoprodeck.com/images/cards_cropped/16474916.jpg
16475472,Lesser Fiend,Fiend,DARK,5.0,2100.0,1000.0,https://images.ygoprodeck.com/images/cards_cropped/16475472.jpg
16480084,Evolsaur Pelta,Dinosaur,FIRE,4.0,1100.0,2000.0,https://images.ygoprodeck.com/images/cards_cropped/16480084.jpg
16509007,Kewl Tune Mix,Warrior,WIND,2.0,100.0,2000.0,https://images.ygoprodeck.com/images/cards_cropped/16509007.jpg
16509093,Royal Keeper,Zombie,EARTH,4.0,1600.0,1700.0,https://images.ygoprodeck.com/images/cards_cropped/16509093.jpg
16516630,Blackwing - Boreas the Sharp,Winged Beast,DARK,5.0,1300.0,900.0,https://images.ygoprodeck.com/images/cards_cropped/16516630.jpg
16556849,Freed the Brave Wanderer,Warrior,LIGHT,4.0,1700.0,1200.0,https://images.ygoprodeck.com/images/cards_cropped/16556849.jpg
16587243,Neo Bug,Insect,EARTH,4.0,1800.0,1700.0,https://images.ygoprodeck.com/images/cards_cropped/16587243.jpg
16589042,Swift Gaia the Fierce Knight,Warrior,DARK,7.0,2300.0,2100.0,https://images.ygoprodeck.com/images/cards_cropped/16589042.jpg
16605586,Destiny HERO - Denier,Warrior,DARK,3.0,1100.0,600.0,https://images.ygoprodeck.com/images/cards_cropped/16605586.jpg
16617334,Performapal Rain Goat,Beast,WATER,1.0,0.0,0.0,https://images.ygoprodeck.com/images/cards_cropped/16617334.jpg
16632144,Grappler Angler,Warrior,WATER,1.0,100.0,100.0,https://images.ygoprodeck.com/images/cards_cropped/16632144.jpg
16638212,D.D. Sprite,Fairy,LIGHT,1.0,0.0,100.0,https://images.ygoprodeck.com/images/cards_cropped/16638212.jpg
16684346,Proxy Horse,Cyberse,LIGHT,4.0,1100.0,1100.0,https://images.ygoprodeck.com/images/cards_cropped/16684346.jpg
16693254,Gishki Avance,Spellcaster,WATER,4.0,1500.0,800.0,https://images.ygoprodeck.com/images/cards_cropped/16693254.jpg
16719140,Subterror Nemesis Warrior,Warrior,EARTH,4.0,1800.0,1200.0,https://images.ygoprodeck.com/images/cards_cropped/16719140.jpg
16719802,Bright Star Dragon,Dragon,LIGHT,4.0,1900.0,1000.0,https://images.ygoprodeck.com/images/cards_cropped/16719802.jpg
16725505,Speedroid Red-Eyed Dice,Machine,WIND,1.0,100.0,100.0,https://images.ygoprodeck.com/images/cards_cropped/16725505.jpg
16751086,Warm Worm,Insect,FIRE,3.0,600.0,1400.0,https://images.ygoprodeck.com/images/cards_cropped/16751086.jpg
16759958,Aromaseraphy Angelica,Plant,LIGHT,1.0,0.0,0.0,https://images.ygoprodeck.com/images/cards_cropped/16759958.jpg
16768387,Big Eye,Fiend,DARK,4.0,1200.0,1000.0,https://images.ygoprodeck.com/images/cards_cropped/16768387.jpg
16769305,Turbo-Tainted Hot Rod GT19,Machine,FIRE,3.0,500.0,1500.0,https://images.ygoprodeck.com/images/cards_cropped/16769305.jpg
16796157,Beast-Warrior Puma,Beast-Warrior,LIGHT,4.0,1600.0,1000.0,https://images.ygoprodeck.com/images/cards_cropped/16796157.jpg
16802689,Flower Cardian Paulownia with Phoenix,Warrior,DARK,12.0,2000.0,2000.0,https://images.ygoprodeck.com/images/cards_cropped/16802689.jpg
16825874,Eccentric Boy,Spellcaster,WIND,3.0,800.0,200.0,https://images.ygoprodeck.com/images/cards_cropped/16825874.jpg
16828633,Genex Spare,Machine,DARK,3.0,800.0,1200.0,https://images.ygoprodeck.com/images/cards_cropped/16828633.jpg
16886617,Reptilianne Vaskii,Reptile,DARK,8.0,2600.0,0.0,https://images.ygoprodeck.com/images/cards_cropped/16886617.jpg
16889337,Aratama,Fiend,DARK,4.0,800.0,1800.0,https://images.ygoprodeck.com/images/cards_cropped/16889337.jpg
16893370,"Dreaming Reality of Nemleria, Realized",Fairy,LIGHT,10.0,1500.0,3000.0,https://images.ygoprodeck.com/images/cards_cropped/16893370.jpg
16898077,Flying Fortress SKY FIRE,Machine,WIND,8.0,3000.0,2500.0,https://images.ygoprodeck.com/images/cards_cropped/16898077.jpg
16899564,Beautiful Headhuntress,Warrior,EARTH,4.0,1600.0,800.0,https://images.ygoprodeck.com/images/cards_cropped/16899564.jpg
16906241,Constellar Alrescha,Warrior,LIGHT,6.0,2200.0,1200.0,https://images.ygoprodeck.com/images/cards_cropped/16906241.jpg
16909657,Reptilianne Scylla,Reptile,DARK,4.0,1800.0,1200.0,https://images.ygoprodeck.com/images/cards_cropped/16909657.jpg
16922142,Radiant Typhoon Krosea,Winged Beast,WIND,6.0,2200.0,1200.0,https://images.ygoprodeck.com/images/cards_cropped/16922142.jpg
16923472,Wind-Up Hunter,Beast-Warrior,DARK,3.0,1600.0,500.0,https://images.ygoprodeck.com/images/cards_cropped/16923472.jpg
16940215,Naturia Vein,Plant,EARTH,1.0,200.0,300.0,https://images.ygoprodeck.com/images/cards_cropped/16940215.jpg
16943770,Mecha Phantom Beast Aerosguin,Machine,WIND,3.0,1600.0,400.0,https://images.ygoprodeck.com/images/cards_cropped/16943770.jpg
16947147,Speedroid Menko,Machine,WIND,4.0,100.0,2000.0,https://images.ygoprodeck.com/images/cards_cropped/16947147.jpg
16956455,Chiron the Mage,Beast-Warrior,EARTH,4.0,1800.0,1000.0,https://images.ygoprodeck.com/images/cards_cropped/16956455.jpg
16958382,Malefic Paradigm Dragon,Dragon,DARK,10.0,4000.0,4000.0,https://images.ygoprodeck.com/images/cards_cropped/16958382.jpg
16960120,Kitchen Dragonmaid,Dragon,FIRE,3.0,500.0,1700.0,https://images.ygoprodeck.com/images/cards_cropped/16960120.jpg
16968936,Tactical Trainer of the Six Samurai,Warrior,EARTH,2.0,200.0,1200.0,https://images.ygoprodeck.com/images/cards_cropped/16968936.jpg
16972957,Doma The Angel of Silence,Fairy,DARK,5.0,1600.0,1400.0,https://images.ygoprodeck.com/images/cards_cropped/16972957.jpg
16984449,Blazewing Butterfly,Insect,FIRE,4.0,1500.0,1500.0,https://images.ygoprodeck.com/images/cards_cropped/16984449.jpg
17021204,Mother Spider,Insect,DARK,6.0,2300.0,1200.0,https://images.ygoprodeck.com/images/cards_cropped/17021204.jpg
17045014,Evolsaur Diplo,Dinosaur,FIRE,4.0,1600.0,800.0,https://images.ygoprodeck.com/images/cards_cropped/17045014.jpg
17063599,Heavenly Zephyr - Miradora,Dragon,WIND,7.0,2000.0,2600.0,https://images.ygoprodeck.com/images/cards_cropped/17063599.jpg
17080584,"Abyssrhine, the Atlantean Spirit",Aqua,WATER,3.0,1600.0,1600.0,https://images.ygoprodeck.com/images/cards_cropped/17080584.jpg
17086528,Xiangsheng Magician,Spellcaster,LIGHT,4.0,500.0,1500.0,https://images.ygoprodeck.com/images/cards_cropped/17086528.jpg
17115745,Yormungarde,Reptile,EARTH,3.0,1200.0,900.0,https://images.ygoprodeck.com/images/cards_cropped/17115745.jpg
17129783,Constellar Leonis,Beast,LIGHT,3.0,1000.0,1800.0,https://images.ygoprodeck.com/images/cards_cropped/17129783.jpg
17132130,Destiny HERO - Dogma,Warrior,DARK,8.0,3400.0,2400.0,https://images.ygoprodeck.com/images/cards_cropped/17132130.jpg
17141718,Flower Cardian Zebra Grass,Warrior,DARK,8.0,100.0,100.0,https://images.ygoprodeck.com/images/cards_cropped/17141718.jpg
17170970,Armored White Bear,Beast,WATER,4.0,1800.0,1400.0,https://images.ygoprodeck.com/images/cards_cropped/17170970.jpg
17185260,Inferno Hammer,Fiend,DARK,6.0,2400.0,0.0,https://images.ygoprodeck.com/images/cards_cropped/17185260.jpg
17188206,R.B. Lambda Blade,Machine,DARK,7.0,1400.0,1400.0,https://images.ygoprodeck.com/images/cards_cropped/17188206.jpg
17189532,Phantom Bounzer,Warrior,DARK,6.0,2400.0,1200.0,https://images.ygoprodeck.com/images/cards_cropped/17189532.jpg
17192817,Molten Behemoth,Pyro,FIRE,5.0,1000.0,2200.0,https://images.ygoprodeck.com/images/cards_cropped/17192817.jpg
17201174,Hammer Shark,Fish,WATER,4.0,1700.0,1500.0,https://images.ygoprodeck.com/images/cards_cropped/17201174.jpg
17201951,Full-Speed Warrior,Warrior,WIND,2.0,900.0,400.0,https://images.ygoprodeck.com/images/cards_cropped/17201951.jpg
17209452,Kewl Tune Rotary,Cyberse,LIGHT,1.0,100.0,800.0,https://images.ygoprodeck.com/images/cards_cropped/17209452.jpg
17214465,Maiden of the Aqua,Aqua,WATER,4.0,700.0,2000.0,https://images.ygoprodeck.com/images/cards_cropped/17214465.jpg
17238333,Wretched Ghost of the Attic,Fiend,DARK,2.0,550.0,400.0,https://images.ygoprodeck.com/images/cards_cropped/17238333.jpg
17241370,Gishki Natalia,Spellcaster,WATER,4.0,1800.0,900.0,https://images.ygoprodeck.com/images/cards_cropped/17241370.jpg
17241941,Gigathunder Giclops,Thunder,WIND,4.0,1400.0,1700.0,https://images.ygoprodeck.com/images/cards_cropped/17241941.jpg
17243896,Ground Spider,Insect,EARTH,4.0,0.0,1500.0,https://images.ygoprodeck.com/images/cards_cropped/17243896.jpg
17257342,Diana the Light Spirit,Thunder,LIGHT,4.0,1700.0,1000.0,https://images.ygoprodeck.com/images/cards_cropped/17257342.jpg
17259470,Zombie Master,Zombie,DARK,4.0,1800.0,0.0,https://images.ygoprodeck.com/images/cards_cropped/17259470.jpg
17264592,U.A. Rival Rebounder,Warrior,EARTH,6.0,2200.0,2300.0,https://images.ygoprodeck.com/images/cards_cropped/17264592.jpg
17266660,Herald of Orange Light,Fairy,LIGHT,2.0,300.0,500.0,https://images.ygoprodeck.com/images/cards_cropped/17266660.jpg
17272964,Mannadium Fearless,Fairy,EARTH,2.0,0.0,2000.0,https://images.ygoprodeck.com/images/cards_cropped/17272964.jpg
17285476,Naturia Mosquito,Insect,EARTH,1.0,200.0,300.0,https://images.ygoprodeck.com/images/cards_cropped/17285476.jpg
17286057,Helios Trice Megistus,Pyro,LIGHT,8.0,-1.0,-1.0,https://images.ygoprodeck.com/images/cards_cropped/17286057.jpg
17313545,Brain Golem,Fiend,DARK,6.0,2500.0,1800.0,https://images.ygoprodeck.com/images/cards_cropped/17313545.jpg
17315396,"Supay, Duskwalker",Spellcaster,EARTH,5.0,2200.0,1900.0,https://images.ygoprodeck.com/images/cards_cropped/17315396.jpg
17328157,Speedroid Horse Stilts,Machine,WIND,4.0,1100.0,1100.0,https://images.ygoprodeck.com/images/cards_cropped/17328157.jpg
17330916,Performapal Monkeyboard,Beast,EARTH,6.0,1000.0,2400.0,https://images.ygoprodeck.com/images/cards_cropped/17330916.jpg
17350692,Yomagna the Fire Phantom,Pyro,DARK,10.0,3300.0,0.0,https://images.ygoprodeck.com/images/cards_cropped/17350692.jpg
17358176,Lady of Faith,Spellcaster,LIGHT,3.0,1100.0,800.0,https://images.ygoprodeck.com/images/cards_cropped/17358176.jpg
17363041,Chrysalis Chicky,Winged Beast,WIND,2.0,600.0,400.0,https://images.ygoprodeck.com/images/cards_cropped/17363041.jpg
17390179,Flash Knight,Warrior,LIGHT,4.0,1800.0,600.0,https://images.ygoprodeck.com/images/cards_cropped/17390179.jpg
17393207,Gravekeeper's Commandant,Spellcaster,EARTH,4.0,1600.0,1500.0,https://images.ygoprodeck.com/images/cards_cropped/17393207.jpg
17415895,Volcanic Slicer,Pyro,FIRE,4.0,1800.0,1200.0,https://images.ygoprodeck.com/images/cards_cropped/17415895.jpg
17441953,Turtle Raccoon,Aqua,WATER,3.0,700.0,900.0,https://images.ygoprodeck.com/images/cards_cropped/17441953.jpg
17444133,Kaiser Sea Horse,Sea Serpent,LIGHT,4.0,1700.0,1650.0,https://images.ygoprodeck.com/images/cards_cropped/17444133.jpg
17465972,Blackwing - Auster the South Wind,Winged Beast,DARK,4.0,1300.0,0.0,https://images.ygoprodeck.com/images/cards_cropped/17465972.jpg
17469113,"Avida, Rebuilder of Worlds",Cyberse,LIGHT,11.0,3500.0,3500.0,https://images.ygoprodeck.com/images/cards_cropped/17469113.jpg
17473466,Nervedo the Shadebeast Power Patron,Illusion,DARK,10.0,300.0,200.0,https://images.ygoprodeck.com/images/cards_cropped/17473466.jpg
17475251,Brotherhood of the Fire Fist - Hawk,Beast-Warrior,FIRE,3.0,200.0,1500.0,https://images.ygoprodeck.com/images/cards_cropped/17475251.jpg
17502671,Infernity General,Fiend,DARK,7.0,2700.0,1500.0,https://images.ygoprodeck.com/images/cards_cropped/17502671.jpg
17511156,Wood Clown,Warrior,EARTH,3.0,800.0,1200.0,https://images.ygoprodeck.com/images/cards_cropped/17511156.jpg
17530001,Cuben,Thunder,LIGHT,4.0,600.0,1900.0,https://images.ygoprodeck.com/images/cards_cropped/17530001.jpg
17535588,Armored Starfish,Aqua,WATER,4.0,850.0,1400.0,https://images.ygoprodeck.com/images/cards_cropped/17535588.jpg
17535764,Gokipole,Insect,EARTH,3.0,1000.0,1200.0,https://images.ygoprodeck.com/images/cards_cropped/17535764.jpg
17540705,Performapal Dag Daggerman,Warrior,EARTH,5.0,2000.0,600.0,https://images.ygoprodeck.com/images/cards_cropped/17540705.jpg
17550376,Nemleria Dream Defender - Oreiller,Beast,LIGHT,10.0,2500.0,2000.0,https://images.ygoprodeck.com/images/cards_cropped/17550376.jpg
17559367,Deep Diver,Aqua,WATER,3.0,1000.0,1100.0,https://images.ygoprodeck.com/images/cards_cropped/17559367.jpg
17573739,"Alector, Sovereign of Birds",Winged Beast,WIND,6.0,2400.0,2000.0,https://images.ygoprodeck.com/images/cards_cropped/17573739.jpg
17597059,Byser Shock,Fiend,DARK,5.0,800.0,600.0,https://images.ygoprodeck.com/images/cards_cropped/17597059.jpg
17601919,Pumprincess the Princess of Ghosts,Zombie,DARK,3.0,900.0,1000.0,https://images.ygoprodeck.com/images/cards_cropped/17601919.jpg
17643265,Double Shark,Fish,WATER,4.0,1200.0,1600.0,https://images.ygoprodeck.com/images/cards_cropped/17643265.jpg
17649753,Worm Rakuyeh,Reptile,LIGHT,4.0,2100.0,1200.0,https://images.ygoprodeck.com/images/cards_cropped/17649753.jpg
17658803,Luster Dragon #2,Dragon,WIND,6.0,2400.0,1400.0,https://images.ygoprodeck.com/images/cards_cropped/17658803.jpg
17663375,Ancient Gear Wyvern,Machine,EARTH,4.0,1700.0,1200.0,https://images.ygoprodeck.com/images/cards_cropped/17663375.jpg
17679043,Penguin Torpedo,Aqua,WATER,3.0,550.0,300.0,https://images.ygoprodeck.com/images/cards_cropped/17679043.jpg
17706537,Fossil Tusker,Rock,EARTH,4.0,1800.0,0.0,https://images.ygoprodeck.com/images/cards_cropped/17706537.jpg
17720747,Witch of the Black Rose,Spellcaster,DARK,4.0,1700.0,1200.0,https://images.ygoprodeck.com/images/cards_cropped/17720747.jpg
17732278,Neo-Spacian Glow Moss,Plant,LIGHT,3.0,300.0,900.0,https://images.ygoprodeck.com/images/cards_cropped/17732278.jpg
17733394,Wood Remains,Zombie,DARK,3.0,1000.0,900.0,https://images.ygoprodeck.com/images/cards_cropped/17733394.jpg
17810268,Cloudian - Acid Cloud,Fairy,WATER,4.0,500.0,0.0,https://images.ygoprodeck.com/images/cards_cropped/17810268.jpg
17825378,Predaplant Triantis,Plant,DARK,8.0,2400.0,1000.0,https://images.ygoprodeck.com/images/cards_cropped/17825378.jpg
17827173,Floowandereeze & Toccan,Winged Beast,WIND,1.0,500.0,1300.0,https://images.ygoprodeck.com/images/cards_cropped/17827173.jpg
17832359,"Wonko, Noble Knight of the Forest",Beast,LIGHT,4.0,1100.0,1600.0,https://images.ygoprodeck.com/images/cards_cropped/17832359.jpg
17841097,Needle Soldier,Machine,EARTH,1.0,100.0,100.0,https://images.ygoprodeck.com/images/cards_cropped/17841097.jpg
17857780,Performapal Cheermole,Beast,EARTH,2.0,600.0,1000.0,https://images.ygoprodeck.com/images/cards_cropped/17857780.jpg
17871506,Meteor Dragon Red-Eyes Impact,Dragon,DARK,6.0,1800.0,2000.0,https://images.ygoprodeck.com/images/cards_cropped/17871506.jpg
17932494,Sonic Warrior,Warrior,WIND,2.0,1000.0,0.0,https://images.ygoprodeck.com/images/cards_cropped/17932494.jpg
17943271,Mementotlan Goblin,Fiend,DARK,1.0,400.0,400.0,https://images.ygoprodeck.com/images/cards_cropped/17943271.jpg
17946349,Mathmech Diameter,Cyberse,LIGHT,4.0,1000.0,1500.0,https://images.ygoprodeck.com/images/cards_cropped/17946349.jpg
17947697,Maiden of White,Spellcaster,LIGHT,1.0,0.0,0.0,https://images.ygoprodeck.com/images/cards_cropped/17947697.jpg
17948378,Jurrac Dino,Dinosaur,FIRE,3.0,1700.0,800.0,https://images.ygoprodeck.com/images/cards_cropped/17948378.jpg
17955766,Neo-Spacian Aqua Dolphin,Warrior,WATER,3.0,600.0,800.0,https://images.ygoprodeck.com/images/cards_cropped/17955766.jpg
17968114,Amazon of the Seas,Fish,WATER,4.0,1300.0,1400.0,https://images.ygoprodeck.com/images/cards_cropped/17968114.jpg
17979378,D/D Proud Chevalier,Fiend,DARK,5.0,2000.0,700.0,https://images.ygoprodeck.com/images/cards_cropped/17979378.jpg
17985575,Lord of D.,Spellcaster,DARK,4.0,1200.0,1100.0,https://images.ygoprodeck.com/images/cards_cropped/17985575.jpg
17988746,Parry Knights,Warrior,EARTH,6.0,2300.0,2100.0,https://images.ygoprodeck.com/images/cards_cropped/17988746.jpg
18000338,Re: EX,Dinosaur,LIGHT,4.0,1900.0,1200.0,https://images.ygoprodeck.com/images/cards_cropped/18000338.jpg
18036057,Airknight Parshath,Fairy,LIGHT,5.0,1900.0,1400.0,https://images.ygoprodeck.com/images/cards_cropped/18036057.jpg
18060565,Dragunity Primus Pilus,Winged Beast,WIND,5.0,2200.0,1600.0,https://images.ygoprodeck.com/images/cards_cropped/18060565.jpg
18063928,Tin Goldfish,Machine,WATER,4.0,800.0,2000.0,https://images.ygoprodeck.com/images/cards_cropped/18063928.jpg
18078153,Army of the Haunted,Zombie,DARK,6.0,2400.0,0.0,https://images.ygoprodeck.com/images/cards_cropped/18078153.jpg
18094166,Vision HERO Faris,Warrior,DARK,5.0,1600.0,1800.0,https://images.ygoprodeck.com/images/cards_cropped/18094166.jpg
18106132,Doll Monster Bear-Bear,Beast,WIND,4.0,0.0,0.0,https://images.ygoprodeck.com/images/cards_cropped/18106132.jpg
18108166,Mystery Shell Dragon,Wyrm,DARK,4.0,2000.0,0.0,https://images.ygoprodeck.com/images/cards_cropped/18108166.jpg
18165869,Mementotlan Dark Blade,Warrior,DARK,4.0,1800.0,1500.0,https://images.ygoprodeck.com/images/cards_cropped/18165869.jpg
18168997,Darklord Nergal,Fairy,DARK,8.0,2700.0,2500.0,https://images.ygoprodeck.com/images/cards_cropped/18168997.jpg
18175965,Guardian Dreadscythe,Fiend,DARK,8.0,2500.0,2000.0,https://images.ygoprodeck.com/images/cards_cropped/18175965.jpg
18176525,"Mitsurugi no Mikoto, Saji",Reptile,DARK,4.0,1000.0,1700.0,https://images.ygoprodeck.com/images/cards_cropped/18176525.jpg
18180762,The Thing That Hides in the Mud,Rock,EARTH,4.0,1200.0,1300.0,https://images.ygoprodeck.com/images/cards_cropped/18180762.jpg
18189187,"Neiroy, the Dream Mirror Disciple",Fairy,LIGHT,3.0,1000.0,1000.0,https://images.ygoprodeck.com/images/cards_cropped/18189187.jpg
18210764,Pendulumucho,Winged Beast,EARTH,1.0,0.0,0.0,https://images.ygoprodeck.com/images/cards_cropped/18210764.jpg
18214905,Elementsaber Lapauila,Warrior,LIGHT,4.0,400.0,2100.0,https://images.ygoprodeck.com/images/cards_cropped/18214905.jpg
18235577,Silent Strider,Insect,EARTH,2.0,300.0,700.0,https://images.ygoprodeck.com/images/cards_cropped/18235577.jpg
18236002,Prank-Kids Lampsies,Pyro,FIRE,3.0,1500.0,500.0,https://images.ygoprodeck.com/images/cards_cropped/18236002.jpg
18246479,Battle Steer,Beast-Warrior,EARTH,5.0,1800.0,1300.0,https://images.ygoprodeck.com/images/cards_cropped/18246479.jpg
18282103,The Fabled Ganashia,Beast,LIGHT,3.0,1600.0,1000.0,https://images.ygoprodeck.com/images/cards_cropped/18282103.jpg
18294799,Schwarzschild Infinity Dragon,Dragon,DARK,8.0,2000.0,0.0,https://images.ygoprodeck.com/images/cards_cropped/18294799.jpg
18300894,Silk Bomb Moth,Insect,WIND,6.0,2400.0,1000.0,https://images.ygoprodeck.com/images/cards_cropped/18300894.jpg
18318842,Abyss Soldier,Aqua,WATER,4.0,1800.0,1300.0,https://images.ygoprodeck.com/images/cards_cropped/18318842.jpg
18319762,Revealer of the Ice Barrier,Spellcaster,WATER,4.0,1700.0,1000.0,https://images.ygoprodeck.com/images/cards_cropped/18319762.jpg
18321034,Hecahands Mankibuel,Illusion,LIGHT,6.0,1850.0,1850.0,https://images.ygoprodeck.com/images/cards_cropped/18321034.jpg
18322364,Big Whale,Fish,WATER,9.0,1000.0,3000.0,https://images.ygoprodeck.com/images/cards_cropped/18322364.jpg
18325492,Gyroid,Machine,WIND,3.0,1000.0,1000.0,https://images.ygoprodeck.com/images/cards_cropped/18325492.jpg
18372968,Razor Lizard,Reptile,EARTH,3.0,1500.0,300.0,https://images.ygoprodeck.com/images/cards_cropped/18372968.jpg
18377261,Ha-Re the Sword Mikanko,Warrior,FIRE,3.0,0.0,0.0,https://images.ygoprodeck.com/images/cards_cropped/18377261.jpg
18378582,Archlord Zerato,Fairy,LIGHT,8.0,2800.0,2300.0,https://images.ygoprodeck.com/images/cards_cropped/18378582.jpg
18407024,Wattbetta,Thunder,LIGHT,2.0,100.0,0.0,https://images.ygoprodeck.com/images/cards_cropped/18407024.jpg
18426196,Noble Knight Joan,Warrior,LIGHT,4.0,1900.0,1300.0,https://images.ygoprodeck.com/images/cards_cropped/18426196.jpg
18430390,Winged Rhynos,Beast-Warrior,WIND,4.0,1800.0,500.0,https://images.ygoprodeck.com/images/cards_cropped/18430390.jpg
18444902,Tatakawa Knight,Warrior,EARTH,4.0,1500.0,0.0,https://images.ygoprodeck.com/images/cards_cropped/18444902.jpg
18474999,Impcantation Bookstone,Spellcaster,DARK,5.0,0.0,0.0,https://images.ygoprodeck.com/images/cards_cropped/18474999.jpg
18482591,Warlock of the Ice Barrier,Spellcaster,WATER,3.0,400.0,1000.0,https://images.ygoprodeck.com/images/cards_cropped/18482591.jpg
18486927,Ancient Gear Gadget,Machine,EARTH,4.0,500.0,2000.0,https://images.ygoprodeck.com/images/cards_cropped/18486927.jpg
18489208,Cursed Fig,Plant,WATER,1.0,200.0,200.0,https://images.ygoprodeck.com/images/cards_cropped/18489208.jpg
18491580,Red-Eyes Alternative Black Dragon,Dragon,DARK,7.0,2400.0,2000.0,https://images.ygoprodeck.com/images/cards_cropped/18491580.jpg
18494511,Icejade Ran Aegirine,Aqua,WATER,7.0,1500.0,2500.0,https://images.ygoprodeck.com/images/cards_cropped/18494511.jpg
18548966,Heroic Challenger - Morning Star,Warrior,EARTH,4.0,1500.0,1300.0,https://images.ygoprodeck.com/images/cards_cropped/18548966.jpg
18551923,"Medusa, Watcher of the Evil Eye",Fiend,DARK,4.0,1400.0,1600.0,https://images.ygoprodeck.com/images/cards_cropped/18551923.jpg
18558867,War Rock Bashileos,Warrior,EARTH,8.0,2700.0,2700.0,https://images.ygoprodeck.com/images/cards_cropped/18558867.jpg
18585765,Voltester,Thunder,DARK,7.0,2500.0,1000.0,https://images.ygoprodeck.com/images/cards_cropped/18585765.jpg
18590133,Goblin King,Fiend,DARK,1.0,0.0,0.0,https://images.ygoprodeck.com/images/cards_cropped/18590133.jpg
18595008,Predaplant Lilizard,Plant,DARK,3.0,1200.0,1200.0,https://images.ygoprodeck.com/images/cards_cropped/18595008.jpg
18616294,Gray Layer,Machine,LIGHT,4.0,1200.0,1000.0,https://images.ygoprodeck.com/images/cards_cropped/18616294.jpg
18621798,Fire King Avatar Arvata,Beast-Warrior,FIRE,4.0,1800.0,200.0,https://images.ygoprodeck.com/images/cards_cropped/18621798.jpg
18631392,Ma'at,Fairy,LIGHT,10.0,-1.0,-1.0,https://images.ygoprodeck.com/images/cards_cropped/18631392.jpg
18654201,Criosphinx,Rock,EARTH,6.0,1200.0,2400.0,https://images.ygoprodeck.com/images/cards_cropped/18654201.jpg
18698739,Garbage Ogre,Fiend,DARK,3.0,800.0,1300.0,https://images.ygoprodeck.com/images/cards_cropped/18698739.jpg
18710707,The Furious Sea King,Aqua,WATER,3.0,800.0,700.0,https://images.ygoprodeck.com/images/cards_cropped/18710707.jpg
18711696,Assault Sonic Warrior,Warrior,WIND,2.0,1000.0,0.0,https://images.ygoprodeck.com/images/cards_cropped/18711696.jpg
18716735,Raremetalfoes Bismugear,Psychic,FIRE,1.0,0.0,0.0,https://images.ygoprodeck.com/images/cards_cropped/18716735.jpg
18724123,Infernity Archer,Fiend,DARK,6.0,2000.0,1000.0,https://images.ygoprodeck.com/images/cards_cropped/18724123.jpg
18738846,Astrazma Urania,Thunder,LIGHT,7.0,2400.0,1000.0,https://images.ygoprodeck.com/images/cards_cropped/18738846.jpg
18743376,Metaphys Tyrant Dragon,Wyrm,LIGHT,8.0,2900.0,2500.0,https://images.ygoprodeck.com/images/cards_cropped/18743376.jpg
18760514,Mad Mauler,Zombie,DARK,2.0,400.0,200.0,https://images.ygoprodeck.com/images/cards_cropped/18760514.jpg
18789533,Dotscaper,Cyberse,EARTH,1.0,0.0,2100.0,https://images.ygoprodeck.com/images/cards_cropped/18789533.jpg
18828179,Cranium Fish,Fish,WATER,6.0,2400.0,1000.0,https://images.ygoprodeck.com/images/cards_cropped/18828179.jpg
18837926,Motivating Captain,Warrior,EARTH,1.0,400.0,1200.0,https://images.ygoprodeck.com/images/cards_cropped/18837926.jpg
18842395,Power Invader,Fiend,DARK,5.0,2200.0,0.0,https://images.ygoprodeck.com/images/cards_cropped/18842395.jpg
18847598,Advanced Crystal Beast Amber Mammoth,Beast,EARTH,4.0,1700.0,1600.0,https://images.ygoprodeck.com/images/cards_cropped/18847598.jpg
18859369,Chaos Grepher,Warrior,LIGHT,4.0,1700.0,1600.0,https://images.ygoprodeck.com/images/cards_cropped/18859369.jpg
18861006,Crimson Firewing Pegasus,Beast,FIRE,6.0,2250.0,1800.0,https://images.ygoprodeck.com/images/cards_cropped/18861006.jpg
18865703,ZW - Ultimate Shield,Aqua,EARTH,4.0,0.0,2000.0,https://images.ygoprodeck.com/images/cards_cropped/18865703.jpg
18891691,Perfect Machine King,Machine,EARTH,8.0,2700.0,1500.0,https://images.ygoprodeck.com/images/cards_cropped/18891691.jpg
18905769,Guivre,Dragon,DARK,4.0,1300.0,400.0,https://images.ygoprodeck.com/images/cards_cropped/18905769.jpg
18914778,Change Slime,Aqua,WATER,1.0,400.0,300.0,https://images.ygoprodeck.com/images/cards_cropped/18914778.jpg
18940556,Ultimate Conductor Tyranno,Dinosaur,LIGHT,10.0,3500.0,3200.0,https://images.ygoprodeck.com/images/cards_cropped/18940556.jpg
18940725,Floowandereeze & Robina,Winged Beast,WATER,1.0,600.0,1200.0,https://images.ygoprodeck.com/images/cards_cropped/18940725.jpg
18960169,Goblin Decoy Squad,Warrior,DARK,4.0,1000.0,0.0,https://images.ygoprodeck.com/images/cards_cropped/18960169.jpg
18964575,Swift Scarecrow,Machine,EARTH,1.0,0.0,0.0,https://images.ygoprodeck.com/images/cards_cropped/18964575.jpg
18988391,Amarylease,Plant,EARTH,1.0,100.0,200.0,https://images.ygoprodeck.com/images/cards_cropped/18988391.jpg
18988396,Miracle Raven,Fiend,DARK,1.0,300.0,300.0,https://images.ygoprodeck.com/images/cards_cropped/18988396.jpg
18993198,Chemicritter Oxy Ox,Beast,WIND,2.0,0.0,2100.0,https://images.ygoprodeck.com/images/cards_cropped/18993198.jpg
19000848,Buio the Dawn's Light,Fiend,DARK,3.0,1000.0,1500.0,https://images.ygoprodeck.com/images/cards_cropped/19000848.jpg
19012345,Gash the Dust Lord,Fiend,DARK,4.0,1000.0,1200.0,https://images.ygoprodeck.com/images/cards_cropped/19012345.jpg
19019586,Gem-Elephant,Rock,EARTH,3.0,400.0,1900.0,https://images.ygoprodeck.com/images/cards_cropped/19019586.jpg
19025379,Lord of the Red,Dragon,FIRE,8.0,2400.0,2100.0,https://images.ygoprodeck.com/images/cards_cropped/19025379.jpg
19028307,Beast Machine King Barbaros Ür,Beast-Warrior,EARTH,8.0,3800.0,1200.0,https://images.ygoprodeck.com/images/cards_cropped/19028307.jpg
19036557,Elementsaber Makani,Warrior,WIND,2.0,1300.0,1200.0,https://images.ygoprodeck.com/images/cards_cropped/19036557.jpg
19041767,Gemini Summoner,Spellcaster,WATER,4.0,1500.0,0.0,https://images.ygoprodeck.com/images/cards_cropped/19041767.jpg
19050066,Performapal Barokuriboh,Fiend,DARK,8.0,300.0,3000.0,https://images.ygoprodeck.com/images/cards_cropped/19050066.jpg
19086954,Second Goblin,Fiend,DARK,1.0,100.0,100.0,https://images.ygoprodeck.com/images/cards_cropped/19086954.jpg
19093698,Moissa Wight,Zombie,DARK,1.0,300.0,200.0,https://images.ygoprodeck.com/images/cards_cropped/19093698.jpg
19096726,Tri-Brigade Mercourier,Winged Beast,DARK,4.0,800.0,0.0,https://images.ygoprodeck.com/images/cards_cropped/19096726.jpg
19113101,Interceptomato,Plant,EARTH,2.0,800.0,800.0,https://images.ygoprodeck.com/images/cards_cropped/19113101.jpg
19139516,Scrap Beast,Beast,EARTH,4.0,1600.0,1300.0,https://images.ygoprodeck.com/images/cards_cropped/19139516.jpg
19144622,Fairy Tail - Matchgiru,Spellcaster,LIGHT,4.0,1850.0,1000.0,https://images.ygoprodeck.com/images/cards_cropped/19144622.jpg
19153590,Pile Armed Dragon,Dragon,WIND,7.0,2800.0,1000.0,https://images.ygoprodeck.com/images/cards_cropped/19153590.jpg
19153634,Patrician of Darkness,Zombie,DARK,5.0,2000.0,1400.0,https://images.ygoprodeck.com/images/cards_cropped/19153634.jpg
19163116,Gem-Knight Obsidian,Rock,EARTH,3.0,1500.0,1200.0,https://images.ygoprodeck.com/images/cards_cropped/19163116.jpg
19182751,Genex Neutron,Machine,LIGHT,4.0,1800.0,1200.0,https://images.ygoprodeck.com/images/cards_cropped/19182751.jpg
19190082,Valkyrie Chariot,Fairy,WIND,3.0,500.0,1000.0,https://images.ygoprodeck.com/images/cards_cropped/19190082.jpg
19211362,Nemeses Flag,Pyro,FIRE,2.0,1100.0,200.0,https://images.ygoprodeck.com/images/cards_cropped/19211362.jpg
19221310,Odd-Eyes Saber Dragon,Dragon,LIGHT,7.0,2800.0,2000.0,https://images.ygoprodeck.com/images/cards_cropped/19221310.jpg
19280589,Tellus the Little Angel,Fairy,LIGHT,3.0,500.0,500.0,https://images.ygoprodeck.com/images/cards_cropped/19280589.jpg
19299793,"Red Lotus King, Flame Crime",Fiend,FIRE,3.0,1700.0,300.0,https://images.ygoprodeck.com/images/cards_cropped/19299793.jpg
19301729,Digital Bug Registrider,Insect,LIGHT,3.0,1000.0,1000.0,https://images.ygoprodeck.com/images/cards_cropped/19301729.jpg
19302550,D/D Savant Newton,Fiend,DARK,7.0,0.0,0.0,https://images.ygoprodeck.com/images/cards_cropped/19302550.jpg
19304410,Tri-Brigade Springans Kitt,Beast,LIGHT,4.0,1700.0,1000.0,https://images.ygoprodeck.com/images/cards_cropped/19304410.jpg
19307353,Spirit Sculptor,Fairy,LIGHT,4.0,1600.0,2100.0,https://images.ygoprodeck.com/images/cards_cropped/19307353.jpg
19310321,Heraldic Beast Twin-Headed Eagle,Winged Beast,WIND,4.0,1200.0,1400.0,https://images.ygoprodeck.com/images/cards_cropped/19310321.jpg
19316241,Galaxy War Drake,Dragon,LIGHT,4.0,1500.0,1000.0,https://images.ygoprodeck.com/images/cards_cropped/19316241.jpg
19322865,Earthbound Prisoner Line Walker,Fiend,DARK,3.0,800.0,1100.0,https://images.ygoprodeck.com/images/cards_cropped/19322865.jpg
19327348,Dharc the Dark Charmer,Spellcaster,DARK,3.0,500.0,1500.0,https://images.ygoprodeck.com/images/cards_cropped/19327348.jpg
19353570,Kagemucha Knight,Warrior,DARK,3.0,0.0,0.0,https://images.ygoprodeck.com/images/cards_cropped/19353570.jpg
19357125,Dark Hunter,Fiend,DARK,4.0,1600.0,400.0,https://images.ygoprodeck.com/images/cards_cropped/19357125.jpg
19406822,Kotodama,Fairy,EARTH,3.0,0.0,1600.0,https://images.ygoprodeck.com/images/cards_cropped/19406822.jpg
19420830,Cataclysmic Cryonic Coldo,Fairy,WIND,8.0,2600.0,200.0,https://images.ygoprodeck.com/images/cards_cropped/19420830.jpg
19434243,Power Vice Dragon,Dragon,DARK,5.0,2000.0,2400.0,https://images.ygoprodeck.com/images/cards_cropped/19434243.jpg
19439119,Fabled Krus,Fiend,LIGHT,2.0,1000.0,800.0,https://images.ygoprodeck.com/images/cards_cropped/19439119.jpg
19441018,Batteryman Industrial Strength,Thunder,LIGHT,8.0,2600.0,0.0,https://images.ygoprodeck.com/images/cards_cropped/19441018.jpg
19462747,Blackwing - Decay the Ill Wind,Winged Beast,DARK,4.0,1000.0,1000.0,https://images.ygoprodeck.com/images/cards_cropped/19462747.jpg
19474136,Mandragon,Plant,EARTH,5.0,2500.0,1000.0,https://images.ygoprodeck.com/images/cards_cropped/19474136.jpg
19476824,Metaphys Ragnarok,Wyrm,LIGHT,4.0,1500.0,1000.0,https://images.ygoprodeck.com/images/cards_cropped/19476824.jpg
19489718,Magikey Mechmusket - Batosbuster,Machine,DARK,4.0,2000.0,2200.0,https://images.ygoprodeck.com/images/cards_cropped/19489718.jpg
19491080,Clown Crew Cappello,Beast-Warrior,LIGHT,5.0,1900.0,800.0,https://images.ygoprodeck.com/images/cards_cropped/19491080.jpg
19502505,Silent Paladin,Fairy,LIGHT,4.0,500.0,1500.0,https://images.ygoprodeck.com/images/cards_cropped/19502505.jpg
19505896,Nettles,Plant,EARTH,2.0,1200.0,400.0,https://images.ygoprodeck.com/images/cards_cropped/19505896.jpg
19510093,Superheavy Samurai Monk Big Benkei,Machine,EARTH,8.0,1000.0,3500.0,https://images.ygoprodeck.com/images/cards_cropped/19510093.jpg
19516687,Libromancer Agent,Warrior,EARTH,6.0,2000.0,2500.0,https://images.ygoprodeck.com/images/cards_cropped/19516687.jpg
19535693,Noh-P.U.N.K. Ze Amin,Psychic,EARTH,3.0,600.0,600.0,https://images.ygoprodeck.com/images/cards_cropped/19535693.jpg
19580308,D/D Lamia,Fiend,DARK,1.0,100.0,1900.0,https://images.ygoprodeck.com/images/cards_cropped/19580308.jpg
19594506,Neo Space Pathfinder,Warrior,LIGHT,4.0,1800.0,800.0,https://images.ygoprodeck.com/images/cards_cropped/19594506.jpg
19605133,Naturia Ladybug,Insect,EARTH,1.0,100.0,100.0,https://images.ygoprodeck.com/images/cards_cropped/19605133.jpg
19612721,Disc Fighter,Warrior,EARTH,4.0,1000.0,1000.0,https://images.ygoprodeck.com/images/cards_cropped/19612721.jpg
19619755,Performapal Five-Rainbow Magician,Spellcaster,LIGHT,1.0,100.0,100.0,https://images.ygoprodeck.com/images/cards_cropped/19619755.jpg
19636995,Red Hared Hasty Horse,Beast,WIND,5.0,2000.0,1800.0,https://images.ygoprodeck.com/images/cards_cropped/19636995.jpg
19642774,Fleur Synchron,Machine,LIGHT,2.0,400.0,200.0,https://images.ygoprodeck.com/images/cards_cropped/19642774.jpg
19642889,Koa'ki Meiru Powerhand,Machine,EARTH,4.0,2100.0,1600.0,https://images.ygoprodeck.com/images/cards_cropped/19642889.jpg
19665973,Battle Fader,Fiend,DARK,1.0,0.0,0.0,https://images.ygoprodeck.com/images/cards_cropped/19665973.jpg
19667590,Gogogo Gigas,Rock,EARTH,4.0,0.0,2200.0,https://images.ygoprodeck.com/images/cards_cropped/19667590.jpg
19680539,Noble Knight Gawayn,Warrior,LIGHT,4.0,1900.0,500.0,https://images.ygoprodeck.com/images/cards_cropped/19680539.jpg
19700943,Dododo Bot,Machine,EARTH,4.0,1800.0,1900.0,https://images.ygoprodeck.com/images/cards_cropped/19700943.jpg
19715246,Cyber Jormungardr,Machine,LIGHT,5.0,1000.0,2100.0,https://images.ygoprodeck.com/images/cards_cropped/19715246.jpg
19733961,Batteryman C,Thunder,LIGHT,2.0,0.0,0.0,https://images.ygoprodeck.com/images/cards_cropped/19733961.jpg
19737320,Gatekeeper,Machine,DARK,5.0,1500.0,1800.0,https://images.ygoprodeck.com/images/cards_cropped/19737320.jpg
19740112,Barrier Statue of the Drought,Rock,EARTH,4.0,1000.0,1000.0,https://images.ygoprodeck.com/images/cards_cropped/19740112.jpg
19743887,"VARefar, the Judge of Ball",Fiend,EARTH,11.0,2100.0,800.0,https://images.ygoprodeck.com/images/cards_cropped/19743887.jpg
19748583,"Gwenhwyfar, Queen of Noble Arms",Spellcaster,LIGHT,2.0,300.0,300.0,https://images.ygoprodeck.com/images/cards_cropped/19748583.jpg
19771459,War Rock Gactos,Warrior,EARTH,4.0,1900.0,1900.0,https://images.ygoprodeck.com/images/cards_cropped/19771459.jpg
19801646,The Legendary Fisherman II,Warrior,WATER,5.0,2200.0,1800.0,https://images.ygoprodeck.com/images/cards_cropped/19801646.jpg
19808608,D/D Berfomet,Fiend,DARK,4.0,1400.0,1800.0,https://images.ygoprodeck.com/images/cards_cropped/19808608.jpg
19847532,Infernal Flame Emperor,Pyro,FIRE,9.0,2700.0,1600.0,https://images.ygoprodeck.com/images/cards_cropped/19847532.jpg
19877898,Ultimate Insect LV7,Insect,WIND,7.0,2600.0,1200.0,https://images.ygoprodeck.com/images/cards_cropped/19877898.jpg
19882096,Scareclaw Belone,Beast,EARTH,3.0,0.0,1700.0,https://images.ygoprodeck.com/images/cards_cropped/19882096.jpg
19891131,Time Thief Regulator,Machine,DARK,4.0,600.0,200.0,https://images.ygoprodeck.com/images/cards_cropped/19891131.jpg
19899073,Ame no Murakumo no Mitsurugi,Reptile,DARK,8.0,3200.0,800.0,https://images.ygoprodeck.com/images/cards_cropped/19899073.jpg
19951423,S-Force Signify,Warrior,LIGHT,3.0,1600.0,0.0,https://images.ygoprodeck.com/images/cards_cropped/19951423.jpg
19959563,Punishment Dragon,Dragon,DARK,8.0,3000.0,2600.0,https://images.ygoprodeck.com/images/cards_cropped/19959563.jpg
19959742,Gishki Mollusk,Aqua,WATER,4.0,1700.0,900.0,https://images.ygoprodeck.com/images/cards_cropped/19959742.jpg
19963185,Advanced Crystal Beast Amethyst Cat,Beast,EARTH,3.0,1200.0,400.0,https://images.ygoprodeck.com/images/cards_cropped/19963185.jpg
20001443,Swordsoul of Mo Ye,Wyrm,WATER,4.0,1700.0,1800.0,https://images.ygoprodeck.com/images/cards_cropped/20001443.jpg
20003027,Melffy Puppy,Beast,EARTH,2.0,300.0,100.0,https://images.ygoprodeck.com/images/cards_cropped/20003027.jpg
20003527,Cloudian - Nimbusman,Fairy,WATER,5.0,1000.0,1000.0,https://images.ygoprodeck.com/images/cards_cropped/20003527.jpg
20011655,Beast of Talwar - The Sword Summit,Fiend,DARK,7.0,2400.0,2150.0,https://images.ygoprodeck.com/images/cards_cropped/20011655.jpg
20032555,Gimmick Puppet Egg Head,Machine,EARTH,4.0,1600.0,1200.0,https://images.ygoprodeck.com/images/cards_cropped/20032555.jpg
20049870,GMX Researcher Selande,Warrior,FIRE,3.0,1500.0,700.0,https://images.ygoprodeck.com/images/cards_cropped/20049870.jpg
20050865,Crystron Citree,Machine,WATER,2.0,500.0,500.0,https://images.ygoprodeck.com/images/cards_cropped/20050865.jpg
20056760,Graydle Slime,Aqua,WATER,5.0,0.0,2000.0,https://images.ygoprodeck.com/images/cards_cropped/20056760.jpg
20060230,Hard Armor,Warrior,EARTH,3.0,300.0,1200.0,https://images.ygoprodeck.com/images/cards_cropped/20060230.jpg
20065259,Kagero the Cannon Ninja,Warrior,FIRE,4.0,1600.0,2000.0,https://images.ygoprodeck.com/images/cards_cropped/20065259.jpg
20073910,Amaterasu,Fairy,LIGHT,9.0,3000.0,3000.0,https://images.ygoprodeck.com/images/cards_cropped/20073910.jpg
20127343,Genex Ally Changer,Machine,DARK,3.0,1200.0,1800.0,https://images.ygoprodeck.com/images/cards_cropped/20127343.jpg
20129614,Melffy Rabby,Beast,EARTH,2.0,0.0,2100.0,https://images.ygoprodeck.com/images/cards_cropped/20129614.jpg
20137754,Duza the Meteor Cubic Vessel,Machine,LIGHT,4.0,1600.0,1600.0,https://images.ygoprodeck.com/images/cards_cropped/20137754.jpg
20154092,Chronomaly Cabrera Trebuchet,Rock,EARTH,4.0,0.0,1800.0,https://images.ygoprodeck.com/images/cards_cropped/20154092.jpg
20155904,Zoodiac Kataroost,Beast-Warrior,EARTH,4.0,800.0,1200.0,https://images.ygoprodeck.com/images/cards_cropped/20155904.jpg
20174189,Naturia Bamboo Shoot,Plant,EARTH,5.0,2000.0,2000.0,https://images.ygoprodeck.com/images/cards_cropped/20174189.jpg
20191720,Gouki Moonsault,Warrior,EARTH,6.0,1900.0,0.0,https://images.ygoprodeck.com/images/cards_cropped/20191720.jpg
20193924,White Night Queen,Fairy,LIGHT,7.0,2100.0,800.0,https://images.ygoprodeck.com/images/cards_cropped/20193924.jpg
20210570,Regulus,Beast,LIGHT,4.0,1700.0,1000.0,https://images.ygoprodeck.com/images/cards_cropped/20210570.jpg
20228463,Ceremonial Bell,Spellcaster,LIGHT,3.0,0.0,1850.0,https://images.ygoprodeck.com/images/cards_cropped/20228463.jpg
20240828,Decoy,Beast,LIGHT,1.0,50.0,50.0,https://images.ygoprodeck.com/images/cards_cropped/20240828.jpg
20246864,Windwitch - Freeze Bell,Spellcaster,WIND,3.0,1200.0,1200.0,https://images.ygoprodeck.com/images/cards_cropped/20246864.jpg
20277376,Divine Dragon Apocralyph,Dragon,DARK,4.0,1000.0,1500.0,https://images.ygoprodeck.com/images/cards_cropped/20277376.jpg
20277860,Armored Zombie,Zombie,DARK,3.0,1500.0,0.0,https://images.ygoprodeck.com/images/cards_cropped/20277860.jpg
20281581,Performapal Momoncarpet,Beast,EARTH,3.0,1000.0,100.0,https://images.ygoprodeck.com/images/cards_cropped/20281581.jpg
20292186,Artifact Scythe,Fairy,LIGHT,5.0,2200.0,900.0,https://images.ygoprodeck.com/images/cards_cropped/20292186.jpg
20295753,Night Sword Serpent,Reptile,WATER,4.0,500.0,600.0,https://images.ygoprodeck.com/images/cards_cropped/20295753.jpg
20315854,Fairy Dragon,Dragon,WIND,4.0,1100.0,1200.0,https://images.ygoprodeck.com/images/cards_cropped/20315854.jpg
20318029,Thunder Dragonmatrix,Thunder,LIGHT,1.0,0.0,2000.0,https://images.ygoprodeck.com/images/cards_cropped/20318029.jpg
20345391,"Seal, Strategist Fur Hire",Beast-Warrior,DARK,4.0,1600.0,1000.0,https://images.ygoprodeck.com/images/cards_cropped/20345391.jpg
20351153,Hypnocorn,Beast,DARK,4.0,1400.0,600.0,https://images.ygoprodeck.com/images/cards_cropped/20351153.jpg
20357457,Pillar of the Future - Cyanos,Machine,LIGHT,1.0,500.0,1500.0,https://images.ygoprodeck.com/images/cards_cropped/20357457.jpg
20358953,Shark Cruiser,Fish,WATER,5.0,1800.0,2200.0,https://images.ygoprodeck.com/images/cards_cropped/20358953.jpg
20368763,Mecha Phantom Beast Harrliard,Machine,WIND,4.0,1800.0,800.0,https://images.ygoprodeck.com/images/cards_cropped/20368763.jpg
20394040,Lava Battleguard,Warrior,EARTH,5.0,1550.0,1800.0,https://images.ygoprodeck.com/images/cards_cropped/20394040.jpg
20403123,Performapal Sleight Hand Magician,Spellcaster,LIGHT,7.0,2500.0,2000.0,https://images.ygoprodeck.com/images/cards_cropped/20403123.jpg
20409757,Timegazer Magician,Spellcaster,DARK,3.0,1200.0,600.0,https://images.ygoprodeck.com/images/cards_cropped/20409757.jpg
20424878,Springans Rockey,Machine,FIRE,4.0,1800.0,800.0,https://images.ygoprodeck.com/images/cards_cropped/20424878.jpg
20438745,King Pyron,Pyro,FIRE,5.0,1500.0,500.0,https://images.ygoprodeck.com/images/cards_cropped/20438745.jpg
20450925,Hanewata,Fairy,LIGHT,1.0,200.0,300.0,https://images.ygoprodeck.com/images/cards_cropped/20450925.jpg
20455229,Firewall Defenser,Cyberse,DARK,4.0,1200.0,1500.0,https://images.ygoprodeck.com/images/cards_cropped/20455229.jpg
20470500,Armed Sea Hunter,Sea Serpent,WATER,4.0,1800.0,400.0,https://images.ygoprodeck.com/images/cards_cropped/20470500.jpg
20474741,Trident Warrior,Warrior,LIGHT,4.0,1800.0,1200.0,https://images.ygoprodeck.com/images/cards_cropped/20474741.jpg
20529766,Super-Electromagnetic Voltech Dragon,Thunder,LIGHT,5.0,2400.0,1000.0,https://images.ygoprodeck.com/images/cards_cropped/20529766.jpg
20537097,Mekk-Knight Blue Sky,Psychic,LIGHT,5.0,2000.0,2500.0,https://images.ygoprodeck.com/images/cards_cropped/20537097.jpg
20541432,Key Mace #2,Fiend,DARK,4.0,1050.0,1200.0,https://images.ygoprodeck.com/images/cards_cropped/20541432.jpg
20546916,Botanical Lion,Plant,EARTH,4.0,1600.0,2000.0,https://images.ygoprodeck.com/images/cards_cropped/20546916.jpg
20560620,Emperor Tanuki's Critter Count,Fiend,DARK,1.0,0.0,1600.0,https://images.ygoprodeck.com/images/cards_cropped/20560620.jpg
20568404,Jurrac Stego,Dinosaur,FIRE,4.0,1700.0,900.0,https://images.ygoprodeck.com/images/cards_cropped/20568404.jpg
20579538,Sylvan Princessprout,Plant,LIGHT,1.0,100.0,100.0,https://images.ygoprodeck.com/images/cards_cropped/20579538.jpg
20584712,SPYRAL Tough,Warrior,WIND,4.0,1900.0,1500.0,https://images.ygoprodeck.com/images/cards_cropped/20584712.jpg
20586572,Exploder Dragon,Dragon,EARTH,3.0,1000.0,0.0,https://images.ygoprodeck.com/images/cards_cropped/20586572.jpg
20618081,Salamangreat Falco,Cyberse,FIRE,4.0,1200.0,1600.0,https://images.ygoprodeck.com/images/cards_cropped/20618081.jpg
20624263,Peacock,Winged Beast,WIND,5.0,1700.0,1500.0,https://images.ygoprodeck.com/images/cards_cropped/20624263.jpg
20630765,Spellstone Sorcerer Karood,Spellcaster,LIGHT,3.0,800.0,1900.0,https://images.ygoprodeck.com/images/cards_cropped/20630765.jpg
20654247,Blue-Eyes Chaos Dragon,Dragon,DARK,8.0,3000.0,0.0,https://images.ygoprodeck.com/images/cards_cropped/20654247.jpg
20663556,Substitoad,Aqua,WATER,1.0,100.0,2000.0,https://images.ygoprodeck.com/images/cards_cropped/20663556.jpg
20700531,Pilgrim of the Ice Barrier,Warrior,WATER,4.0,1500.0,1000.0,https://images.ygoprodeck.com/images/cards_cropped/20700531.jpg
20715411,D/D/D Zero Doom Queen Machinex,Fiend,DARK,8.0,3000.0,0.0,https://images.ygoprodeck.com/images/cards_cropped/20715411.jpg
20721928,Elemental HERO Sparkman,Warrior,LIGHT,4.0,1600.0,1400.0,https://images.ygoprodeck.com/images/cards_cropped/20721928.jpg
20747792,Berry Magician Girl,Spellcaster,EARTH,1.0,400.0,400.0,https://images.ygoprodeck.com/images/cards_cropped/20747792.jpg
20758643,"Graff, Malebranche of the Burning Abyss",Fiend,DARK,3.0,1000.0,1500.0,https://images.ygoprodeck.com/images/cards_cropped/20758643.jpg
20773176,"Zefraxa, Flame Beast of the Nekroz",Dragon,FIRE,5.0,2000.0,1000.0,https://images.ygoprodeck.com/images/cards_cropped/20773176.jpg
20797524,Tricular,Machine,EARTH,3.0,300.0,300.0,https://images.ygoprodeck.com/images/cards_cropped/20797524.jpg
20799347,Virtual World Oto-Hime - Toutou,Wyrm,EARTH,6.0,1200.0,1800.0,https://images.ygoprodeck.com/images/cards_cropped/20799347.jpg
20831168,Lizard Soldier,Dragon,WIND,3.0,1100.0,800.0,https://images.ygoprodeck.com/images/cards_cropped/20831168.jpg
20838380,Shark Stickers,Fish,WATER,3.0,200.0,1000.0,https://images.ygoprodeck.com/images/cards_cropped/20838380.jpg
20848593,Ice Water,Aqua,WATER,3.0,1150.0,900.0,https://images.ygoprodeck.com/images/cards_cropped/20848593.jpg
20849090,Kozmo Forerunner,Machine,LIGHT,7.0,2800.0,1400.0,https://images.ygoprodeck.com/images/cards_cropped/20849090.jpg
20855340,Evoltile Pleuro,Reptile,FIRE,1.0,200.0,200.0,https://images.ygoprodeck.com/images/cards_cropped/20855340.jpg
20904475,Kairo Ryu-Ge Emva,Sea Serpent,WATER,10.0,3000.0,2000.0,https://images.ygoprodeck.com/images/cards_cropped/20904475.jpg
20932152,Quickdraw Synchron,Machine,WIND,5.0,700.0,1400.0,https://images.ygoprodeck.com/images/cards_cropped/20932152.jpg
20938824,Maliss <P> March Hare,Cyberse,DARK,3.0,600.0,300.0,https://images.ygoprodeck.com/images/cards_cropped/20938824.jpg
20939559,Shadowslayer,Fiend,DARK,4.0,1400.0,200.0,https://images.ygoprodeck.com/images/cards_cropped/20939559.jpg
20951752,Voltanis the Adjudicator,Fairy,LIGHT,8.0,2800.0,1400.0,https://images.ygoprodeck.com/images/cards_cropped/20951752.jpg
21015833,Hayabusa Knight,Warrior,EARTH,3.0,1000.0,700.0,https://images.ygoprodeck.com/images/cards_cropped/21015833.jpg
21036656,Cyclos the Circular Sprite,Plant,WIND,4.0,1000.0,1800.0,https://images.ygoprodeck.com/images/cards_cropped/21036656.jpg
21050476,Argostars - Fierce Parthe,Warrior,EARTH,4.0,1400.0,1400.0,https://images.ygoprodeck.com/images/cards_cropped/21050476.jpg
21051146,Blast Magician,Spellcaster,FIRE,4.0,1400.0,1700.0,https://images.ygoprodeck.com/images/cards_cropped/21051146.jpg
21051977,Acorno,Plant,EARTH,1.0,200.0,400.0,https://images.ygoprodeck.com/images/cards_cropped/21051977.jpg
21057444,Marincess Springirl,Cyberse,WATER,4.0,1200.0,1000.0,https://images.ygoprodeck.com/images/cards_cropped/21057444.jpg
21074344,Herald of Green Light,Fairy,LIGHT,2.0,300.0,500.0,https://images.ygoprodeck.com/images/cards_cropped/21074344.jpg
21088856,Spy-C-Spy,Warrior,FIRE,3.0,1200.0,1300.0,https://images.ygoprodeck.com/images/cards_cropped/21088856.jpg
21105106,Nekroz of Sophia,Spellcaster,LIGHT,11.0,3600.0,3400.0,https://images.ygoprodeck.com/images/cards_cropped/21105106.jpg
21142671,Red Nova,Fairy,FIRE,1.0,0.0,0.0,https://images.ygoprodeck.com/images/cards_cropped/21142671.jpg
21147203,Minimalian,Psychic,WATER,4.0,100.0,100.0,https://images.ygoprodeck.com/images/cards_cropped/21147203.jpg
21155323,Goggle Golem,Rock,EARTH,4.0,1500.0,500.0,https://images.ygoprodeck.com/images/cards_cropped/21155323.jpg
21159309,Majestic Dragon,Dragon,LIGHT,1.0,0.0,0.0,https://images.ygoprodeck.com/images/cards_cropped/21159309.jpg
21208154,The Wicked Avatar,Fiend,DARK,10.0,-1.0,-1.0,https://images.ygoprodeck.com/images/cards_cropped/21208154.jpg
21239280,Bone Mouse,Zombie,DARK,1.0,400.0,300.0,https://images.ygoprodeck.com/images/cards_cropped/21239280.jpg
21250202,Odd-Eyes Persona Dragon,Dragon,DARK,5.0,1200.0,2400.0,https://images.ygoprodeck.com/images/cards_cropped/21250202.jpg
21251800,Light Bringer Lucifer,Fairy,DARK,6.0,2600.0,1800.0,https://images.ygoprodeck.com/images/cards_cropped/21251800.jpg
21263083,Pale Beast,Beast,EARTH,4.0,1500.0,1200.0,https://images.ygoprodeck.com/images/cards_cropped/21263083.jpg
21291696,Electrode Beast Cation,Thunder,LIGHT,2.0,300.0,100.0,https://images.ygoprodeck.com/images/cards_cropped/21291696.jpg
21296383,Unibird,Winged Beast,WIND,2.0,100.0,600.0,https://images.ygoprodeck.com/images/cards_cropped/21296383.jpg
21296502,Toon Dark Magician,Spellcaster,DARK,7.0,2500.0,2100.0,https://images.ygoprodeck.com/images/cards_cropped/21296502.jpg
21297224,Hysteric Fairy,Fairy,LIGHT,4.0,1800.0,500.0,https://images.ygoprodeck.com/images/cards_cropped/21297224.jpg
21340051,Boar Soldier,Beast-Warrior,EARTH,4.0,2000.0,500.0,https://images.ygoprodeck.com/images/cards_cropped/21340051.jpg
21347810,Rainbow Flower,Plant,EARTH,2.0,400.0,500.0,https://images.ygoprodeck.com/images/cards_cropped/21347810.jpg
21351206,Infernoble Knight Ogier,Warrior,FIRE,4.0,1500.0,2000.0,https://images.ygoprodeck.com/images/cards_cropped/21351206.jpg
21362970,Beast Striker,Beast,EARTH,4.0,1850.0,400.0,https://images.ygoprodeck.com/images/cards_cropped/21362970.jpg
21364070,Mayosenju Hitot,Beast,WIND,10.0,2000.0,3000.0,https://images.ygoprodeck.com/images/cards_cropped/21364070.jpg
21368442,S-Force Gravitino,Psychic,LIGHT,5.0,2000.0,1400.0,https://images.ygoprodeck.com/images/cards_cropped/21368442.jpg
21377582,"Master Peace, the True Dracoslaying King",Wyrm,LIGHT,8.0,2950.0,2950.0,https://images.ygoprodeck.com/images/cards_cropped/21377582.jpg
21390858,Familiar-Possessed - Dharc,Spellcaster,DARK,4.0,1850.0,1500.0,https://images.ygoprodeck.com/images/cards_cropped/21390858.jpg
21414674,Prominence Hand,Pyro,FIRE,4.0,600.0,2000.0,https://images.ygoprodeck.com/images/cards_cropped/21414674.jpg
21417692,Dark Elf,Spellcaster,DARK,4.0,2000.0,800.0,https://images.ygoprodeck.com/images/cards_cropped/21417692.jpg
21441617,Orcust Cymbal Skeleton,Machine,DARK,3.0,1200.0,1500.0,https://images.ygoprodeck.com/images/cards_cropped/21441617.jpg
21452275,Aroma Jar,Rock,WIND,1.0,500.0,400.0,https://images.ygoprodeck.com/images/cards_cropped/21452275.jpg
21454943,Psychic Commander,Psychic,EARTH,3.0,1400.0,800.0,https://images.ygoprodeck.com/images/cards_cropped/21454943.jpg
21495657,"Zefraxi, Treasure of the Yang Zing",Wyrm,EARTH,3.0,1500.0,0.0,https://images.ygoprodeck.com/images/cards_cropped/21495657.jpg
21496848,Evigishki Tetrogre,Aqua,WATER,6.0,2600.0,2100.0,https://images.ygoprodeck.com/images/cards_cropped/21496848.jpg
21502796,"Ryko, Lightsworn Hunter",Beast,LIGHT,2.0,200.0,100.0,https://images.ygoprodeck.com/images/cards_cropped/21502796.jpg
21522601,Witchcrafter Madame Verre,Spellcaster,LIGHT,8.0,1000.0,2800.0,https://images.ygoprodeck.com/images/cards_cropped/21522601.jpg
21524779,Mahunder,Thunder,LIGHT,4.0,1400.0,700.0,https://images.ygoprodeck.com/images/cards_cropped/21524779.jpg
21546416,Armed Dragon Thunder LV5,Dragon,WIND,5.0,2400.0,1700.0,https://images.ygoprodeck.com/images/cards_cropped/21546416.jpg
21565445,"Neptabyss, the Atlantean Prince",Sea Serpent,WATER,1.0,800.0,0.0,https://images.ygoprodeck.com/images/cards_cropped/21565445.jpg
21593977,Makyura the Destructor,Warrior,DARK,4.0,1600.0,1200.0,https://images.ygoprodeck.com/images/cards_cropped/21593977.jpg
21607304,Subterror Behemoth Voltelluric,Thunder,EARTH,9.0,1900.0,3000.0,https://images.ygoprodeck.com/images/cards_cropped/21607304.jpg
21615956,Flamvell Guard,Dragon,FIRE,1.0,100.0,2000.0,https://images.ygoprodeck.com/images/cards_cropped/21615956.jpg
21620076,Pain Painter,Zombie,DARK,2.0,400.0,200.0,https://images.ygoprodeck.com/images/cards_cropped/21620076.jpg
21637502,Hecahands Breus,Illusion,DARK,7.0,2800.0,1300.0,https://images.ygoprodeck.com/images/cards_cropped/21637502.jpg
21663205,Gravekeeper's Headman,Spellcaster,DARK,3.0,500.0,1500.0,https://images.ygoprodeck.com/images/cards_cropped/21663205.jpg
21672573,Emperor Sem,Fiend,LIGHT,4.0,1300.0,2200.0,https://images.ygoprodeck.com/images/cards_cropped/21672573.jpg
21686473,D/D/D Destiny King Zero Laplace,Fiend,DARK,10.0,-1.0,0.0,https://images.ygoprodeck.com/images/cards_cropped/21686473.jpg
21698716,Crystal Beast Cobalt Eagle,Winged Beast,WIND,4.0,1400.0,800.0,https://images.ygoprodeck.com/images/cards_cropped/21698716.jpg
21727231,"Therion ""Reaper"" Fum",Aqua,WATER,7.0,1400.0,2500.0,https://images.ygoprodeck.com/images/cards_cropped/21727231.jpg
21744288,Witchcrafter Schmietta,Spellcaster,FIRE,4.0,1800.0,600.0,https://images.ygoprodeck.com/images/cards_cropped/21744288.jpg
21767650,Mermail Abyssmander,Fish,WATER,4.0,100.0,2000.0,https://images.ygoprodeck.com/images/cards_cropped/21767650.jpg
21770839,Odd-Eyes Phantasma Dragon,Dragon,DARK,8.0,3000.0,2500.0,https://images.ygoprodeck.com/images/cards_cropped/21770839.jpg
21772453,Flower Cardian Maple with Deer,Warrior,DARK,10.0,1000.0,1000.0,https://images.ygoprodeck.com/images/cards_cropped/21772453.jpg
21785144,"Gragonith, Lightsworn Dragon",Dragon,LIGHT,6.0,2000.0,1600.0,https://images.ygoprodeck.com/images/cards_cropped/21785144.jpg
21790410,Inzektor Centipede,Insect,DARK,3.0,1600.0,1200.0,https://images.ygoprodeck.com/images/cards_cropped/21790410.jpg
21817254,Mega Thunderball,Thunder,WIND,2.0,750.0,600.0,https://images.ygoprodeck.com/images/cards_cropped/21817254.jpg
21830679,Clock Wyvern,Cyberse,WIND,4.0,1800.0,1000.0,https://images.ygoprodeck.com/images/cards_cropped/21830679.jpg
21844576,Elemental HERO Avian,Warrior,WIND,3.0,1000.0,1000.0,https://images.ygoprodeck.com/images/cards_cropped/21844576.jpg
21887179,Getsu Fuhma,Warrior,DARK,4.0,1700.0,1200.0,https://images.ygoprodeck.com/images/cards_cropped/21887179.jpg
21893603,Lee the World Chalice Fairy,Fairy,LIGHT,2.0,100.0,2000.0,https://images.ygoprodeck.com/images/cards_cropped/21893603.jpg
21949879,Performapal Gentrude,Fiend,DARK,4.0,1500.0,1000.0,https://images.ygoprodeck.com/images/cards_cropped/21949879.jpg
21954587,Mermail Abyssmegalo,Sea Serpent,WATER,7.0,2400.0,1900.0,https://images.ygoprodeck.com/images/cards_cropped/21954587.jpg
21960890,Dark Necromancer,Zombie,DARK,4.0,1000.0,1400.0,https://images.ygoprodeck.com/images/cards_cropped/21960890.jpg
21970285,Dragon Horn Hunter,Warrior,DARK,6.0,2300.0,1000.0,https://images.ygoprodeck.com/images/cards_cropped/21970285.jpg
21977828,Inzektor Giga-Weevil,Insect,DARK,6.0,0.0,2600.0,https://images.ygoprodeck.com/images/cards_cropped/21977828.jpg
21999001,Cipher Twin Raptor,Machine,LIGHT,4.0,1600.0,800.0,https://images.ygoprodeck.com/images/cards_cropped/21999001.jpg
22009013,Steelswarm Moth,Fiend,DARK,6.0,2400.0,0.0,https://images.ygoprodeck.com/images/cards_cropped/22009013.jpg
22011689,Predaplant Moray Nepenthes,Plant,DARK,4.0,1600.0,1000.0,https://images.ygoprodeck.com/images/cards_cropped/22011689.jpg
22026707,Curtain of the Dark Ones,Spellcaster,DARK,2.0,600.0,500.0,https://images.ygoprodeck.com/images/cards_cropped/22026707.jpg
22056710,Vampire Genesis,Zombie,DARK,8.0,3000.0,2100.0,https://images.ygoprodeck.com/images/cards_cropped/22056710.jpg
22073844,Dogmatika Nexus,Spellcaster,LIGHT,11.0,3200.0,3200.0,https://images.ygoprodeck.com/images/cards_cropped/22073844.jpg
22076135,Mermail Abyssturge,Fish,WATER,4.0,1700.0,1100.0,https://images.ygoprodeck.com/images/cards_cropped/22076135.jpg
22091345,Performapal Spikeagle,Winged Beast,WIND,2.0,900.0,900.0,https://images.ygoprodeck.com/images/cards_cropped/22091345.jpg
22091647,Immortal Phoenix Gearfried,Warrior,FIRE,9.0,3000.0,2200.0,https://images.ygoprodeck.com/images/cards_cropped/22091647.jpg
22106558,Mechanical Mechanic,Machine,WIND,3.0,500.0,500.0,https://images.ygoprodeck.com/images/cards_cropped/22106558.jpg
22134079,Gravekeeper's Ambusher,Spellcaster,DARK,4.0,1700.0,0.0,https://images.ygoprodeck.com/images/cards_cropped/22134079.jpg
22138839,Predaplant Banksiogre,Plant,DARK,6.0,2000.0,100.0,https://images.ygoprodeck.com/images/cards_cropped/22138839.jpg
22171591,Doctor Cranium,Psychic,EARTH,1.0,100.0,100.0,https://images.ygoprodeck.com/images/cards_cropped/22171591.jpg
22174866,Aromage Cananga,Plant,EARTH,3.0,1400.0,1000.0,https://images.ygoprodeck.com/images/cards_cropped/22174866.jpg
22180094,S-Force Rappa Chiyomaru,Warrior,DARK,2.0,800.0,1000.0,https://images.ygoprodeck.com/images/cards_cropped/22180094.jpg
22200403,Hypnosister,Psychic,WIND,4.0,1300.0,1400.0,https://images.ygoprodeck.com/images/cards_cropped/22200403.jpg
22211622,Supreme King Gate Infinity,Fiend,DARK,7.0,0.0,0.0,https://images.ygoprodeck.com/images/cards_cropped/22211622.jpg
22219822,Trickstar Mandrake,Fairy,LIGHT,2.0,0.0,1000.0,https://images.ygoprodeck.com/images/cards_cropped/22219822.jpg
22227683,Deskbot 004,Machine,EARTH,4.0,500.0,500.0,https://images.ygoprodeck.com/images/cards_cropped/22227683.jpg
22318971,Uni-Horned Familiar,Beast,LIGHT,2.0,0.0,1000.0,https://images.ygoprodeck.com/images/cards_cropped/22318971.jpg
22339232,Wightmare,Zombie,DARK,1.0,300.0,200.0,https://images.ygoprodeck.com/images/cards_cropped/22339232.jpg
22371016,Ally of Justice Unknown Crusher,Machine,DARK,3.0,1200.0,800.0,https://images.ygoprodeck.com/images/cards_cropped/22371016.jpg
22377815,Aquarian Alessa,Aqua,WATER,4.0,1500.0,500.0,https://images.ygoprodeck.com/images/cards_cropped/22377815.jpg
22382087,Garum the Storm Vassal,Winged Beast,WIND,3.0,800.0,1000.0,https://images.ygoprodeck.com/images/cards_cropped/22382087.jpg
22386234,Aurora Paragon,Fairy,LIGHT,4.0,1500.0,1000.0,https://images.ygoprodeck.com/images/cards_cropped/22386234.jpg
22404675,Mithra the Thunder Vassal,Thunder,LIGHT,2.0,800.0,1000.0,https://images.ygoprodeck.com/images/cards_cropped/22404675.jpg
22411609,Volcanic Trooper,Pyro,FIRE,3.0,1000.0,1000.0,https://images.ygoprodeck.com/images/cards_cropped/22411609.jpg
22419772,Fairy Guardian,Fairy,WIND,3.0,1000.0,1000.0,https://images.ygoprodeck.com/images/cards_cropped/22419772.jpg
22420202,Drytron Delta Altais,Machine,LIGHT,1.0,2000.0,0.0,https://images.ygoprodeck.com/images/cards_cropped/22420202.jpg
22435424,Drytron Nu II,Machine,LIGHT,1.0,2000.0,0.0,https://images.ygoprodeck.com/images/cards_cropped/22435424.jpg
22446869,Mermail Abyssteus,Aqua,WATER,7.0,1700.0,2400.0,https://images.ygoprodeck.com/images/cards_cropped/22446869.jpg
22499034,"Ignis Heat, the True Dracowarrior",Wyrm,FIRE,5.0,2400.0,1000.0,https://images.ygoprodeck.com/images/cards_cropped/22499034.jpg
22499463,Venom Cobra,Reptile,EARTH,4.0,100.0,2000.0,https://images.ygoprodeck.com/images/cards_cropped/22499463.jpg
22512237,Mechanical Hound,Machine,EARTH,7.0,2800.0,1500.0,https://images.ygoprodeck.com/images/cards_cropped/22512237.jpg
22512406,Masked Ninja Ebisu,Warrior,WIND,4.0,1200.0,1800.0,https://images.ygoprodeck.com/images/cards_cropped/22512406.jpg
22530212,Magic Hand,Spellcaster,DARK,4.0,800.0,1600.0,https://images.ygoprodeck.com/images/cards_cropped/22530212.jpg
22567609,Nimble Momonga,Beast,EARTH,2.0,1000.0,100.0,https://images.ygoprodeck.com/images/cards_cropped/22567609.jpg
22586618,Simorgh of Darkness,Winged Beast,DARK,8.0,2900.0,2000.0,https://images.ygoprodeck.com/images/cards_cropped/22586618.jpg
22587018,Hydrogeddon,Dinosaur,WATER,4.0,1600.0,1000.0,https://images.ygoprodeck.com/images/cards_cropped/22587018.jpg
22609617,Mataza the Zapper,Warrior,DARK,3.0,1300.0,800.0,https://images.ygoprodeck.com/images/cards_cropped/22609617.jpg
22617205,Stellarknight Zefraxciton,Fiend,LIGHT,4.0,1900.0,0.0,https://images.ygoprodeck.com/images/cards_cropped/22617205.jpg
22623509,"Verre, the Maid of Endymion",Spellcaster,LIGHT,4.0,500.0,1400.0,https://images.ygoprodeck.com/images/cards_cropped/22623509.jpg
22624373,"Lyla, Lightsworn Sorceress",Spellcaster,LIGHT,4.0,1700.0,200.0,https://images.ygoprodeck.com/images/cards_cropped/22624373.jpg
22657402,"Isolde, Belle of the Underworld",Zombie,DARK,4.0,1000.0,0.0,https://images.ygoprodeck.com/images/cards_cropped/22657402.jpg
22662014,Amazement Assistant Delia,Machine,LIGHT,4.0,1800.0,1400.0,https://images.ygoprodeck.com/images/cards_cropped/22662014.jpg
22666164,Commander Covington,Machine,EARTH,4.0,1000.0,600.0,https://images.ygoprodeck.com/images/cards_cropped/22666164.jpg
22712877,Paralyzing Mushroom,Thunder,LIGHT,5.0,1400.0,0.0,https://images.ygoprodeck.com/images/cards_cropped/22712877.jpg
22734799,Summoner of the Sacred Beasts,Thunder,LIGHT,8.0,2300.0,3000.0,https://images.ygoprodeck.com/images/cards_cropped/22734799.jpg
22754505,Small Piece Golem,Rock,EARTH,3.0,1100.0,0.0,https://images.ygoprodeck.com/images/cards_cropped/22754505.jpg
22790789,B.E.S. Crystal Core,Machine,WATER,5.0,2100.0,1000.0,https://images.ygoprodeck.com/images/cards_cropped/22790789.jpg
22790910,Sage of Wisdom - Himmel,Machine,EARTH,5.0,500.0,2500.0,https://images.ygoprodeck.com/images/cards_cropped/22790910.jpg
22804410,Deep-Eyes White Dragon,Dragon,LIGHT,10.0,0.0,0.0,https://images.ygoprodeck.com/images/cards_cropped/22804410.jpg
22812068,Earth Armor Ninja,Warrior,EARTH,5.0,1600.0,1200.0,https://images.ygoprodeck.com/images/cards_cropped/22812068.jpg
22812963,Regenesis Lord,Illusion,LIGHT,10.0,2500.0,2500.0,https://images.ygoprodeck.com/images/cards_cropped/22812963.jpg
22835145,Blackwing - Blizzard the Far North,Winged Beast,DARK,2.0,1300.0,0.0,https://images.ygoprodeck.com/images/cards_cropped/22835145.jpg
22837504,Mist Valley Soldier,Winged Beast,WIND,4.0,1700.0,300.0,https://images.ygoprodeck.com/images/cards_cropped/22837504.jpg
22842214,Sea Lancer,Beast-Warrior,WATER,5.0,1300.0,1000.0,https://images.ygoprodeck.com/images/cards_cropped/22842214.jpg
22855882,Fiend Sword,Warrior,DARK,4.0,1400.0,800.0,https://images.ygoprodeck.com/images/cards_cropped/22855882.jpg
22865492,Vision HERO Increase,Warrior,DARK,3.0,900.0,1100.0,https://images.ygoprodeck.com/images/cards_cropped/22865492.jpg
22873798,Hyena,Beast,EARTH,3.0,1000.0,300.0,https://images.ygoprodeck.com/images/cards_cropped/22873798.jpg
22910685,Green Phantom King,Plant,EARTH,3.0,500.0,1600.0,https://images.ygoprodeck.com/images/cards_cropped/22910685.jpg
22912101,Surge Blitzclique,Thunder,EARTH,4.0,1800.0,1200.0,https://images.ygoprodeck.com/images/cards_cropped/22912101.jpg
22916281,Chosen by the World Chalice,Psychic,FIRE,3.0,1600.0,0.0,https://images.ygoprodeck.com/images/cards_cropped/22916281.jpg
22916418,Mantman the Ultrahuman,Psychic,LIGHT,7.0,2400.0,1200.0,https://images.ygoprodeck.com/images/cards_cropped/22916418.jpg
22923081,Breaker the Dark Magical Warrior,Spellcaster,DARK,6.0,1600.0,1000.0,https://images.ygoprodeck.com/images/cards_cropped/22923081.jpg
22938501,Regenesis Sage,Spellcaster,WATER,7.0,2500.0,2500.0,https://images.ygoprodeck.com/images/cards_cropped/22938501.jpg
22970795,Wightlord,Zombie,LIGHT,1.0,300.0,200.0,https://images.ygoprodeck.com/images/cards_cropped/22970795.jpg
22996376,Behemoth the King of All Animals,Beast,EARTH,7.0,2700.0,1500.0,https://images.ygoprodeck.com/images/cards_cropped/22996376.jpg
23015896,Fire King High Avatar Garunix,Winged Beast,FIRE,8.0,2700.0,1700.0,https://images.ygoprodeck.com/images/cards_cropped/23015896.jpg
23032273,Megirus Light,Fiend,DARK,3.0,900.0,600.0,https://images.ygoprodeck.com/images/cards_cropped/23032273.jpg
23051413,Naturia Stag Beetle,Insect,EARTH,6.0,2200.0,1500.0,https://images.ygoprodeck.com/images/cards_cropped/23051413.jpg
23064604,Erebus the Underworld Monarch,Zombie,DARK,8.0,2800.0,1000.0,https://images.ygoprodeck.com/images/cards_cropped/23064604.jpg
23076639,Gazelle the King of Mythical Claws,Beast,EARTH,4.0,1500.0,1200.0,https://images.ygoprodeck.com/images/cards_cropped/23076639.jpg
23087070,Rose Witch,Plant,EARTH,4.0,1600.0,1000.0,https://images.ygoprodeck.com/images/cards_cropped/23087070.jpg
23093373,Selettrice Vaalmonica,Spellcaster,WATER,4.0,1200.0,1200.0,https://images.ygoprodeck.com/images/cards_cropped/23093373.jpg
23093604,X-Saber Pashuul,Warrior,EARTH,2.0,100.0,0.0,https://images.ygoprodeck.com/images/cards_cropped/23093604.jpg
23099524,Pharaonic Advent,Spellcaster,DARK,8.0,2000.0,2000.0,https://images.ygoprodeck.com/images/cards_cropped/23099524.jpg
23115241,X-Saber Anu Piranha,Warrior,EARTH,4.0,1800.0,1100.0,https://images.ygoprodeck.com/images/cards_cropped/23115241.jpg
23116808,"Goka, the Pyre of Malice",Zombie,FIRE,6.0,2200.0,1900.0,https://images.ygoprodeck.com/images/cards_cropped/23116808.jpg
23118924,Element Doom,Fiend,DARK,4.0,1500.0,1200.0,https://images.ygoprodeck.com/images/cards_cropped/23118924.jpg
23147658,Weathering Soldier,Rock,EARTH,4.0,2000.0,1200.0,https://images.ygoprodeck.com/images/cards_cropped/23147658.jpg
23151193,Diabellstar Vengeance,Fiend,DARK,8.0,2500.0,2100.0,https://images.ygoprodeck.com/images/cards_cropped/23151193.jpg
23166823,Ritual Beast Tamer Zefrawendi,Psychic,WIND,3.0,1500.0,1000.0,https://images.ygoprodeck.com/images/cards_cropped/23166823.jpg
23168060,Key Man the Key Warrior,Warrior,EARTH,2.0,1000.0,500.0,https://images.ygoprodeck.com/images/cards_cropped/23168060.jpg
23205979,Spirit Reaper,Zombie,DARK,3.0,300.0,200.0,https://images.ygoprodeck.com/images/cards_cropped/23205979.jpg
23219323,Junk Warrior/Assault Mode,Warrior,DARK,7.0,2800.0,1800.0,https://images.ygoprodeck.com/images/cards_cropped/23219323.jpg
23220533,Starry Knight Rayel,Fairy,LIGHT,4.0,1800.0,700.0,https://images.ygoprodeck.com/images/cards_cropped/23220533.jpg
23220863,Magical Cavalry of Cxulub,Dinosaur,EARTH,4.0,1500.0,1800.0,https://images.ygoprodeck.com/images/cards_cropped/23220863.jpg
23234094,Evolsaur Elias,Dinosaur,FIRE,6.0,100.0,2400.0,https://images.ygoprodeck.com/images/cards_cropped/23234094.jpg
23265594,Heavy Mech Support Platform,Machine,DARK,3.0,500.0,500.0,https://images.ygoprodeck.com/images/cards_cropped/23265594.jpg
23274061,Wattsquirrel,Thunder,LIGHT,3.0,700.0,100.0,https://images.ygoprodeck.com/images/cards_cropped/23274061.jpg
23288411,Mementoal Tecuhtlica - Combined Creation,Wyrm,EARTH,11.0,5000.0,5000.0,https://images.ygoprodeck.com/images/cards_cropped/23288411.jpg
23289281,Karate Man,Warrior,EARTH,3.0,1000.0,1000.0,https://images.ygoprodeck.com/images/cards_cropped/23289281.jpg
23296404,Igknight Lancer,Warrior,FIRE,7.0,2600.0,1800.0,https://images.ygoprodeck.com/images/cards_cropped/23296404.jpg
23297235,Flamvell Firedog,Beast,FIRE,4.0,1900.0,200.0,https://images.ygoprodeck.com/images/cards_cropped/23297235.jpg
23303072,Montage Dragon,Dragon,EARTH,8.0,-1.0,0.0,https://images.ygoprodeck.com/images/cards_cropped/23303072.jpg
23309606,Infernal Incinerator,Fiend,FIRE,6.0,2800.0,1800.0,https://images.ygoprodeck.com/images/cards_cropped/23309606.jpg
23331400,Link Streamer,Cyberse,LIGHT,4.0,1600.0,1800.0,https://images.ygoprodeck.com/images/cards_cropped/23331400.jpg
23377694,Performapal Sellshell Crab,Aqua,WATER,5.0,500.0,2500.0,https://images.ygoprodeck.com/images/cards_cropped/23377694.jpg
23379054,"Ghost Charon, the Underworld Boatman",Zombie,DARK,2.0,500.0,0.0,https://images.ygoprodeck.com/images/cards_cropped/23379054.jpg
23384666,"Gizmek Taniguku, the Immobile Intellect",Machine,EARTH,3.0,1450.0,1450.0,https://images.ygoprodeck.com/images/cards_cropped/23384666.jpg
23401839,Senju of the Thousand Hands,Fairy,LIGHT,4.0,1400.0,1000.0,https://images.ygoprodeck.com/images/cards_cropped/23401839.jpg
23408872,Tradetoad,Aqua,WATER,1.0,100.0,2000.0,https://images.ygoprodeck.com/images/cards_cropped/23408872.jpg
23421244,Reborn Zombie,Zombie,DARK,4.0,1000.0,1600.0,https://images.ygoprodeck.com/images/cards_cropped/23421244.jpg
23431858,Tenyi Spirit - Vishuda,Wyrm,DARK,7.0,1500.0,2500.0,https://images.ygoprodeck.com/images/cards_cropped/23431858.jpg
23434538,"Maxx ""C""",Insect,EARTH,2.0,500.0,200.0,https://images.ygoprodeck.com/images/cards_cropped/23434538.jpg
23440231,Infernoid Devyaty,Fiend,FIRE,9.0,2900.0,2900.0,https://images.ygoprodeck.com/images/cards_cropped/23440231.jpg
23469398,Machina Air Raider,Machine,EARTH,8.0,1500.0,2600.0,https://images.ygoprodeck.com/images/cards_cropped/23469398.jpg
23512906,Gold Pride - Leon,Warrior,WIND,3.0,1500.0,1200.0,https://images.ygoprodeck.com/images/cards_cropped/23512906.jpg
23535429,Stronghold Guardian,Warrior,EARTH,4.0,0.0,1500.0,https://images.ygoprodeck.com/images/cards_cropped/23535429.jpg
23536866,Gazer Shark,Fish,WATER,5.0,1000.0,1900.0,https://images.ygoprodeck.com/images/cards_cropped/23536866.jpg
23558733,Phoenixian Cluster Amaryllis,Plant,FIRE,8.0,2200.0,0.0,https://images.ygoprodeck.com/images/cards_cropped/23558733.jpg
23571046,Quillbolt Hedgehog,Machine,EARTH,2.0,800.0,800.0,https://images.ygoprodeck.com/images/cards_cropped/23571046.jpg
23619206,"Simorgh, Bird of Calamity",Winged Beast,WIND,3.0,1500.0,200.0,https://images.ygoprodeck.com/images/cards_cropped/23619206.jpg
23623653,Spiritual Beast Tamer Lara,Psychic,LIGHT,1.0,100.0,2000.0,https://images.ygoprodeck.com/images/cards_cropped/23623653.jpg
23635815,Jerry Beans Man,Plant,EARTH,3.0,1750.0,0.0,https://images.ygoprodeck.com/images/cards_cropped/23635815.jpg
23657016,Tenpai Dragon Genroku,Dragon,FIRE,3.0,0.0,1000.0,https://images.ygoprodeck.com/images/cards_cropped/23657016.jpg
23659124,Sea King Dragon,Sea Serpent,WATER,6.0,2000.0,1700.0,https://images.ygoprodeck.com/images/cards_cropped/23659124.jpg
23689697,Mobius the Mega Monarch,Aqua,WATER,8.0,2800.0,1000.0,https://images.ygoprodeck.com/images/cards_cropped/23689697.jpg
23720856,Zubababancho Gagagacoat,Warrior,EARTH,4.0,1800.0,100.0,https://images.ygoprodeck.com/images/cards_cropped/23720856.jpg
23738096,Supply Soldier of the Indestructible Insects,Insect,EARTH,5.0,600.0,300.0,https://images.ygoprodeck.com/images/cards_cropped/23738096.jpg
23740893,Yosenju Kodam,Beast-Warrior,WIND,1.0,0.0,0.0,https://images.ygoprodeck.com/images/cards_cropped/23740893.jpg
23756165,Allure Queen LV5,Spellcaster,DARK,5.0,1000.0,1000.0,https://images.ygoprodeck.com/images/cards_cropped/23756165.jpg
23770284,Strong Wind Dragon,Dragon,WIND,6.0,2400.0,1000.0,https://images.ygoprodeck.com/images/cards_cropped/23770284.jpg
23771716,7 Colored Fish,Fish,WATER,4.0,1800.0,800.0,https://images.ygoprodeck.com/images/cards_cropped/23771716.jpg
23782705,Machina Sniper,Machine,EARTH,4.0,1800.0,800.0,https://images.ygoprodeck.com/images/cards_cropped/23782705.jpg
23792058,Speedroid Hexasaucer,Machine,WIND,4.0,100.0,1600.0,https://images.ygoprodeck.com/images/cards_cropped/23792058.jpg
23829452,Artmage Power Patron,Illusion,EARTH,1.0,300.0,200.0,https://images.ygoprodeck.com/images/cards_cropped/23829452.jpg
23846921,Arcana Force XXI - The World,Fairy,LIGHT,8.0,3100.0,3100.0,https://images.ygoprodeck.com/images/cards_cropped/23846921.jpg
23850421,Jack Wyvern,Machine,DARK,4.0,1800.0,0.0,https://images.ygoprodeck.com/images/cards_cropped/23850421.jpg
23851033,Odd-Eyes Gravity Dragon,Dragon,EARTH,7.0,2800.0,2500.0,https://images.ygoprodeck.com/images/cards_cropped/23851033.jpg
23856331,"Inferno of the Sacred Beasts - Uria, Lord of Searing Flames",Pyro,FIRE,10.0,0.0,0.0,https://images.ygoprodeck.com/images/cards_cropped/23856331.jpg
23857661,Bujingi Fox,Beast,LIGHT,4.0,200.0,2100.0,https://images.ygoprodeck.com/images/cards_cropped/23857661.jpg
23893227,Cyber Dragon Core,Machine,LIGHT,2.0,400.0,1500.0,https://images.ygoprodeck.com/images/cards_cropped/23893227.jpg
23898021,"Lilith, Lady of Lament",Fiend,DARK,3.0,2000.0,0.0,https://images.ygoprodeck.com/images/cards_cropped/23898021.jpg
23899727,Mermail Abysslinde,Aqua,WATER,3.0,1500.0,1200.0,https://images.ygoprodeck.com/images/cards_cropped/23899727.jpg
23915499,Crashbug Y,Fiend,DARK,3.0,1400.0,1600.0,https://images.ygoprodeck.com/images/cards_cropped/23915499.jpg
23920796,Mimighoul Cerberus,Beast,EARTH,1.0,400.0,1800.0,https://images.ygoprodeck.com/images/cards_cropped/23920796.jpg
23923758,Steam Knight - Hamburk,Warrior,FIRE,8.0,2500.0,200.0,https://images.ygoprodeck.com/images/cards_cropped/23923758.jpg
23927545,Jurrac Protops,Dinosaur,FIRE,4.0,1700.0,1200.0,https://images.ygoprodeck.com/images/cards_cropped/23927545.jpg
23927567,An Owl of Luck,Winged Beast,WIND,2.0,300.0,500.0,https://images.ygoprodeck.com/images/cards_cropped/23927567.jpg
23931679,Ocean Dragon Lord - Kairyu-Shin,Sea Serpent,WATER,5.0,2000.0,1700.0,https://images.ygoprodeck.com/images/cards_cropped/23931679.jpg
23950192,Cryomancer of the Ice Barrier,Aqua,WATER,2.0,1300.0,0.0,https://images.ygoprodeck.com/images/cards_cropped/23950192.jpg
23979249,Bujin Arasuda,Beast-Warrior,LIGHT,4.0,1600.0,1900.0,https://images.ygoprodeck.com/images/cards_cropped/23979249.jpg
24019092,Igknight Paladin,Warrior,FIRE,4.0,1400.0,1900.0,https://images.ygoprodeck.com/images/cards_cropped/24019092.jpg
24025620,Twin-Shield Defender,Warrior,EARTH,4.0,700.0,1600.0,https://images.ygoprodeck.com/images/cards_cropped/24025620.jpg
24027078,"Morgan, the Enchantress of Avalon",Spellcaster,DARK,3.0,1300.0,1600.0,https://images.ygoprodeck.com/images/cards_cropped/24027078.jpg
24040093,Fabled Grimro,Fiend,LIGHT,4.0,1700.0,1000.0,https://images.ygoprodeck.com/images/cards_cropped/24040093.jpg
24062258,Secret Sect Druid Dru,Spellcaster,DARK,4.0,1800.0,0.0,https://images.ygoprodeck.com/images/cards_cropped/24062258.jpg
24073068,Gouki Suprex,Warrior,EARTH,4.0,1800.0,0.0,https://images.ygoprodeck.com/images/cards_cropped/24073068.jpg
24079759,Goblin Biker Dugg Charger,Warrior,EARTH,3.0,1600.0,0.0,https://images.ygoprodeck.com/images/cards_cropped/24079759.jpg
24087580,Amazoness Silver Sword Master,Warrior,EARTH,3.0,1200.0,2000.0,https://images.ygoprodeck.com/images/cards_cropped/24087580.jpg
24088928,Skull Archfiend of Chaos,Fiend,DARK,6.0,2500.0,1200.0,https://images.ygoprodeck.com/images/cards_cropped/24088928.jpg
24096499,"Valerifawn, Mystical Beast of the Forest",Beast,EARTH,2.0,400.0,900.0,https://images.ygoprodeck.com/images/cards_cropped/24096499.jpg
24101897,Ghostrick Nekomusume,Spellcaster,DARK,2.0,400.0,900.0,https://images.ygoprodeck.com/images/cards_cropped/24101897.jpg
24103628,Phantom Magician,Spellcaster,DARK,3.0,600.0,700.0,https://images.ygoprodeck.com/images/cards_cropped/24103628.jpg
24104865,Alien Mother,Reptile,DARK,6.0,2300.0,1500.0,https://images.ygoprodeck.com/images/cards_cropped/24104865.jpg
24128274,Deepsea Warrior,Warrior,WATER,5.0,1600.0,1800.0,https://images.ygoprodeck.com/images/cards_cropped/24128274.jpg
24131534,Igknight Squire,Warrior,FIRE,3.0,0.0,2000.0,https://images.ygoprodeck.com/images/cards_cropped/24131534.jpg
24137081,Drill Barnacle,Aqua,WATER,3.0,300.0,0.0,https://images.ygoprodeck.com/images/cards_cropped/24137081.jpg
24140059,A Cat of Ill Omen,Beast,DARK,2.0,500.0,300.0,https://images.ygoprodeck.com/images/cards_cropped/24140059.jpg
24150026,"Karakuri Muso mdl 818 ""Haipa""",Machine,EARTH,4.0,2100.0,1100.0,https://images.ygoprodeck.com/images/cards_cropped/24150026.jpg
24154052,Protron,Cyberse,EARTH,1.0,100.0,100.0,https://images.ygoprodeck.com/images/cards_cropped/24154052.jpg
24158464,Tindangle Jhrelth,Fiend,DARK,3.0,0.0,1800.0,https://images.ygoprodeck.com/images/cards_cropped/24158464.jpg
24175232,Cerulean Sacred Phoenix of Nephthys,Winged Beast,FIRE,8.0,3000.0,1000.0,https://images.ygoprodeck.com/images/cards_cropped/24175232.jpg
24184846,Battlin' Boxer Rib Gardna,Warrior,FIRE,3.0,100.0,1400.0,https://images.ygoprodeck.com/images/cards_cropped/24184846.jpg
24194033,Dorover,Aqua,WATER,3.0,900.0,800.0,https://images.ygoprodeck.com/images/cards_cropped/24194033.jpg
24203749,The Great Gallant Bandit,Warrior,WIND,10.0,2500.0,2000.0,https://images.ygoprodeck.com/images/cards_cropped/24203749.jpg
24215921,Gruesome Grave Squirmer,Fiend,DARK,1.0,0.0,0.0,https://images.ygoprodeck.com/images/cards_cropped/24215921.jpg
24218047,Unmasked Dragon,Wyrm,FIRE,3.0,1400.0,1100.0,https://images.ygoprodeck.com/images/cards_cropped/24218047.jpg
24221739,Protector of the Sanctuary,Fiend,EARTH,4.0,1100.0,1900.0,https://images.ygoprodeck.com/images/cards_cropped/24221739.jpg
24226942,Chaos Nephthys,Winged Beast,DARK,8.0,2400.0,1600.0,https://images.ygoprodeck.com/images/cards_cropped/24226942.jpg
24291651,Ganbara Knight,Warrior,LIGHT,4.0,0.0,1800.0,https://images.ygoprodeck.com/images/cards_cropped/24291651.jpg
24311372,Zoa,Fiend,DARK,7.0,2600.0,1900.0,https://images.ygoprodeck.com/images/cards_cropped/24311372.jpg
24311595,Rescueroid,Machine,FIRE,6.0,1600.0,1800.0,https://images.ygoprodeck.com/images/cards_cropped/24311595.jpg
24317029,Gravekeeper's Spy,Spellcaster,DARK,4.0,1200.0,2000.0,https://images.ygoprodeck.com/images/cards_cropped/24317029.jpg
24326617,Escher the Frost Vassal,Aqua,WATER,4.0,800.0,1000.0,https://images.ygoprodeck.com/images/cards_cropped/24326617.jpg
24348204,The Bewitching Phantom Thief,Spellcaster,DARK,2.0,700.0,700.0,https://images.ygoprodeck.com/images/cards_cropped/24348204.jpg
24384095,Kujakujaku,Winged Beast,WIND,3.0,1200.0,900.0,https://images.ygoprodeck.com/images/cards_cropped/24384095.jpg
24413299,The Suppression Pluto,Fiend,DARK,8.0,2600.0,2000.0,https://images.ygoprodeck.com/images/cards_cropped/24413299.jpg
24419823,Minefieldriller,Machine,EARTH,4.0,1500.0,1500.0,https://images.ygoprodeck.com/images/cards_cropped/24419823.jpg
24431911,Tellusion the Magna Warrior,Rock,EARTH,8.0,2500.0,2500.0,https://images.ygoprodeck.com/images/cards_cropped/24431911.jpg
24432029,Genex Blastfan,Spellcaster,WIND,4.0,1600.0,1300.0,https://images.ygoprodeck.com/images/cards_cropped/24432029.jpg
24433920,Pendulum Machine,Machine,DARK,6.0,1750.0,2000.0,https://images.ygoprodeck.com/images/cards_cropped/24433920.jpg
24435369,Mermaid Knight,Aqua,WATER,4.0,1500.0,700.0,https://images.ygoprodeck.com/images/cards_cropped/24435369.jpg
24454387,Zuttomozaurus,Dinosaur,EARTH,2.0,500.0,400.0,https://images.ygoprodeck.com/images/cards_cropped/24454387.jpg
24506253,Chronomaly Acambaro Figures,Rock,EARTH,5.0,1000.0,1800.0,https://images.ygoprodeck.com/images/cards_cropped/24506253.jpg
24508238,D.D. Crow,Winged Beast,DARK,1.0,100.0,100.0,https://images.ygoprodeck.com/images/cards_cropped/24508238.jpg
24514503,Soulicer Crystal,Aqua,LIGHT,6.0,300.0,1900.0,https://images.ygoprodeck.com/images/cards_cropped/24514503.jpg
24521325,Template Skipper,Cyberse,DARK,1.0,0.0,0.0,https://images.ygoprodeck.com/images/cards_cropped/24521325.jpg
24521754,Goldilocks the Battle Landscaper,Machine,EARTH,10.0,0.0,3000.0,https://images.ygoprodeck.com/images/cards_cropped/24521754.jpg
24530661,Master Kyonshee,Zombie,EARTH,4.0,1750.0,1000.0,https://images.ygoprodeck.com/images/cards_cropped/24530661.jpg
24557335,Tenyi Spirit - Shthana,Wyrm,WATER,4.0,400.0,2000.0,https://images.ygoprodeck.com/images/cards_cropped/24557335.jpg
24573625,Deskbot 008,Machine,EARTH,8.0,500.0,500.0,https://images.ygoprodeck.com/images/cards_cropped/24573625.jpg
24610207,Star Drawing,Spellcaster,EARTH,4.0,1600.0,1000.0,https://images.ygoprodeck.com/images/cards_cropped/24610207.jpg
24611934,Ryu-Kishin Powered,Fiend,DARK,4.0,1600.0,1200.0,https://images.ygoprodeck.com/images/cards_cropped/24611934.jpg
24621460,"Karakuri Komachi mdl 224 ""Ninishi""",Machine,EARTH,3.0,0.0,1900.0,https://images.ygoprodeck.com/images/cards_cropped/24621460.jpg
24635329,Qadshaddoll Keios,Spellcaster,LIGHT,2.0,900.0,100.0,https://images.ygoprodeck.com/images/cards_cropped/24635329.jpg
24639891,Gunkan Suship Shari,Aqua,FIRE,4.0,2000.0,0.0,https://images.ygoprodeck.com/images/cards_cropped/24639891.jpg
24643913,Liberator Eto,Reptile,DARK,8.0,4000.0,0.0,https://images.ygoprodeck.com/images/cards_cropped/24643913.jpg
24644634,Naturia White Oak,Plant,EARTH,4.0,1800.0,1400.0,https://images.ygoprodeck.com/images/cards_cropped/24644634.jpg
24658418,Galaxy Tyranno,Dinosaur,LIGHT,8.0,2000.0,0.0,https://images.ygoprodeck.com/images/cards_cropped/24658418.jpg
24661486,Cold Enchanter,Aqua,WATER,4.0,1600.0,1200.0,https://images.ygoprodeck.com/images/cards_cropped/24661486.jpg
24689197,Aromalilith Rosalina,Plant,DARK,1.0,0.0,0.0,https://images.ygoprodeck.com/images/cards_cropped/24689197.jpg
24694698,Naturia Marron,Plant,EARTH,3.0,1200.0,700.0,https://images.ygoprodeck.com/images/cards_cropped/24694698.jpg
24701235,Nikitama,Fairy,LIGHT,4.0,800.0,1800.0,https://images.ygoprodeck.com/images/cards_cropped/24701235.jpg
24725825,Electric Virus,Thunder,LIGHT,3.0,1000.0,1000.0,https://images.ygoprodeck.com/images/cards_cropped/24725825.jpg
24731391,Cyberse Magician,Cyberse,DARK,7.0,2500.0,2000.0,https://images.ygoprodeck.com/images/cards_cropped/24731391.jpg
24731453,Snow Plow Hustle Rustle,Machine,EARTH,10.0,2500.0,3000.0,https://images.ygoprodeck.com/images/cards_cropped/24731453.jpg
24779554,Rucia of the White Forest,Spellcaster,LIGHT,4.0,800.0,1500.0,https://images.ygoprodeck.com/images/cards_cropped/24779554.jpg
24857466,Van'Dalgyon the Dark Dragon Lord,Dragon,DARK,8.0,2800.0,2500.0,https://images.ygoprodeck.com/images/cards_cropped/24857466.jpg
24861088,Chronomaly Nebra Disk,Machine,LIGHT,4.0,1800.0,1500.0,https://images.ygoprodeck.com/images/cards_cropped/24861088.jpg
24892828,Returned of the Tistina,Aqua,FIRE,2.0,500.0,500.0,https://images.ygoprodeck.com/images/cards_cropped/24892828.jpg
24907044,Abyss Actor - Leading Lady,Fiend,DARK,4.0,1500.0,1000.0,https://images.ygoprodeck.com/images/cards_cropped/24907044.jpg
24919805,Ruffian Railcar,Machine,EARTH,4.0,1800.0,1000.0,https://images.ygoprodeck.com/images/cards_cropped/24919805.jpg
24925387,Adamancipator Conductor,Rock,EARTH,6.0,1400.0,1100.0,https://images.ygoprodeck.com/images/cards_cropped/24925387.jpg
24996659,Wattkiwi,Thunder,LIGHT,3.0,600.0,100.0,https://images.ygoprodeck.com/images/cards_cropped/24996659.jpg
25034083,Decoyroid,Machine,WIND,2.0,300.0,500.0,https://images.ygoprodeck.com/images/cards_cropped/25034083.jpg
25109950,The Little Swordsman of Aile,Warrior,WATER,3.0,800.0,1300.0,https://images.ygoprodeck.com/images/cards_cropped/25109950.jpg
25123713,"Dyna, Hero Fur Hire",Beast-Warrior,EARTH,6.0,2500.0,1400.0,https://images.ygoprodeck.com/images/cards_cropped/25123713.jpg
25131968,Ken the Warrior Dragon,Warrior,LIGHT,3.0,1300.0,1550.0,https://images.ygoprodeck.com/images/cards_cropped/25131968.jpg
25137581,"Sneaky ""C""",Insect,EARTH,7.0,1300.0,2500.0,https://images.ygoprodeck.com/images/cards_cropped/25137581.jpg
25148255,Junk Anchor,Warrior,EARTH,2.0,0.0,0.0,https://images.ygoprodeck.com/images/cards_cropped/25148255.jpg
25158975,Destiny HERO - Destro-Dogma,Warrior,DARK,8.0,3400.0,2400.0,https://images.ygoprodeck.com/images/cards_cropped/25158975.jpg
25163248,Chronomaly Mayan Machine,Machine,EARTH,3.0,1500.0,700.0,https://images.ygoprodeck.com/images/cards_cropped/25163248.jpg
25166510,Salamangreat Beat Bison,Cyberse,FIRE,8.0,2800.0,1000.0,https://images.ygoprodeck.com/images/cards_cropped/25166510.jpg
25171661,Infernity Dwarf,Warrior,DARK,2.0,800.0,500.0,https://images.ygoprodeck.com/images/cards_cropped/25171661.jpg
25191307,Raidraptor - Bloom Vulture,Winged Beast,DARK,4.0,300.0,1900.0,https://images.ygoprodeck.com/images/cards_cropped/25191307.jpg
25206027,Interplanetarypurplythorny Dragon,Dragon,DARK,5.0,2200.0,1100.0,https://images.ygoprodeck.com/images/cards_cropped/25206027.jpg
25236056,Rare Metal Dragon,Dragon,DARK,4.0,2400.0,1200.0,https://images.ygoprodeck.com/images/cards_cropped/25236056.jpg
25244515,Yosenju Tsujik,Beast-Warrior,WIND,4.0,1000.0,0.0,https://images.ygoprodeck.com/images/cards_cropped/25244515.jpg
25247218,Big Piece Golem,Rock,EARTH,5.0,2100.0,0.0,https://images.ygoprodeck.com/images/cards_cropped/25247218.jpg
25259669,Goblindbergh,Warrior,EARTH,4.0,1400.0,0.0,https://images.ygoprodeck.com/images/cards_cropped/25259669.jpg
25262697,Gravekeeper's Assailant,Spellcaster,DARK,4.0,1500.0,1500.0,https://images.ygoprodeck.com/images/cards_cropped/25262697.jpg
25273572,G Golem Pebble Dog,Cyberse,EARTH,2.0,300.0,1000.0,https://images.ygoprodeck.com/images/cards_cropped/25273572.jpg
25280974,Legion the Fiend Jester,Spellcaster,DARK,4.0,1300.0,1500.0,https://images.ygoprodeck.com/images/cards_cropped/25280974.jpg
25339070,Darklord Nasten,Fairy,DARK,7.0,2600.0,2600.0,https://images.ygoprodeck.com/images/cards_cropped/25339070.jpg
25343017,Hushed Psychic Cleric,Psychic,EARTH,3.0,0.0,2100.0,https://images.ygoprodeck.com/images/cards_cropped/25343017.jpg
25343280,Spirit of the Pharaoh,Zombie,LIGHT,6.0,2500.0,2000.0,https://images.ygoprodeck.com/images/cards_cropped/25343280.jpg
25397880,Chronicler of Nephthys,Spellcaster,WIND,2.0,300.0,1200.0,https://images.ygoprodeck.com/images/cards_cropped/25397880.jpg
25415052,Shinobaroness Peacock,Winged Beast,WIND,8.0,2500.0,3000.0,https://images.ygoprodeck.com/images/cards_cropped/25415052.jpg
25449584,Kaiza the Hidden Star,Warrior,EARTH,5.0,1000.0,2100.0,https://images.ygoprodeck.com/images/cards_cropped/25449584.jpg
25451383,Albion the Shrouded Dragon,Dragon,DARK,8.0,2500.0,2000.0,https://images.ygoprodeck.com/images/cards_cropped/25451383.jpg
25451652,Darklord Morningstar,Fairy,DARK,11.0,3000.0,3000.0,https://images.ygoprodeck.com/images/cards_cropped/25451652.jpg
25460258,Darkflare Dragon,Dragon,DARK,5.0,2400.0,1200.0,https://images.ygoprodeck.com/images/cards_cropped/25460258.jpg
25484449,Wind-Up Shark,Fish,WATER,4.0,1500.0,1300.0,https://images.ygoprodeck.com/images/cards_cropped/25484449.jpg
25494711,Deskbot 009,Machine,EARTH,9.0,500.0,500.0,https://images.ygoprodeck.com/images/cards_cropped/25494711.jpg
25524823,Gravekeeper's Oracle,Spellcaster,DARK,10.0,2000.0,1500.0,https://images.ygoprodeck.com/images/cards_cropped/25524823.jpg
25531465,Magicat,Spellcaster,LIGHT,2.0,600.0,500.0,https://images.ygoprodeck.com/images/cards_cropped/25531465.jpg
25533642,Altergeist Meluseek,Spellcaster,WATER,1.0,500.0,300.0,https://images.ygoprodeck.com/images/cards_cropped/25533642.jpg
25538345,The Phantom Knights of Torn Scales,Warrior,DARK,3.0,600.0,1600.0,https://images.ygoprodeck.com/images/cards_cropped/25538345.jpg
25550531,Purrely,Fairy,LIGHT,1.0,100.0,100.0,https://images.ygoprodeck.com/images/cards_cropped/25550531.jpg
25551951,Blowback Dragon,Machine,DARK,6.0,2300.0,1200.0,https://images.ygoprodeck.com/images/cards_cropped/25551951.jpg
25554552,Rokket Loader,Dragon,DARK,4.0,1500.0,1500.0,https://images.ygoprodeck.com/images/cards_cropped/25554552.jpg
25592142,Astellar of the White Forest,Spellcaster,LIGHT,2.0,0.0,0.0,https://images.ygoprodeck.com/images/cards_cropped/25592142.jpg
25607552,Nowru Aries the Vernal Dragon,Dragon,WIND,7.0,2000.0,2500.0,https://images.ygoprodeck.com/images/cards_cropped/25607552.jpg
25629622,Abyss Actor - Superstar,Fiend,DARK,7.0,2500.0,1800.0,https://images.ygoprodeck.com/images/cards_cropped/25629622.jpg
25643346,"Malice, Lady of Lament",Fiend,DARK,3.0,1000.0,1000.0,https://images.ygoprodeck.com/images/cards_cropped/25643346.jpg
25652259,Queen's Knight,Warrior,LIGHT,4.0,1500.0,1600.0,https://images.ygoprodeck.com/images/cards_cropped/25652259.jpg
25652655,Changer Synchron,Machine,DARK,1.0,0.0,0.0,https://images.ygoprodeck.com/images/cards_cropped/25652655.jpg
25654671,Naturia Spiderfang,Insect,EARTH,4.0,2100.0,400.0,https://images.ygoprodeck.com/images/cards_cropped/25654671.jpg
25716180,Wind-Up Kitten,Beast,EARTH,2.0,800.0,500.0,https://images.ygoprodeck.com/images/cards_cropped/25716180.jpg
25726386,Megalith Aratron,Rock,EARTH,8.0,2000.0,3000.0,https://images.ygoprodeck.com/images/cards_cropped/25726386.jpg
25727454,Master Craftsman Gamil,Pyro,FIRE,2.0,200.0,200.0,https://images.ygoprodeck.com/images/cards_cropped/25727454.jpg
25771826,Ally of Justice Garadholg,Machine,DARK,4.0,1600.0,400.0,https://images.ygoprodeck.com/images/cards_cropped/25771826.jpg
25773409,Legendary Jujitsu Master,Rock,EARTH,3.0,1300.0,1800.0,https://images.ygoprodeck.com/images/cards_cropped/25773409.jpg
25784595,Bone Archfiend,Fiend,DARK,4.0,1800.0,0.0,https://images.ygoprodeck.com/images/cards_cropped/25784595.jpg
25788011,Risebell the Star Adjuster,Psychic,WIND,3.0,800.0,800.0,https://images.ygoprodeck.com/images/cards_cropped/25788011.jpg
25795273,Al-Lumi'raj,Wyrm,WIND,3.0,1600.0,1000.0,https://images.ygoprodeck.com/images/cards_cropped/25795273.jpg
25801745,"Lo, the Prayers of the Voiceless Voice",Fairy,LIGHT,1.0,50.0,2050.0,https://images.ygoprodeck.com/images/cards_cropped/25801745.jpg
25811989,Infernoid Piaty,Fiend,FIRE,5.0,2200.0,0.0,https://images.ygoprodeck.com/images/cards_cropped/25811989.jpg
25824484,Sylvan Hermitree,Plant,FIRE,8.0,2700.0,1800.0,https://images.ygoprodeck.com/images/cards_cropped/25824484.jpg
25833572,Gate Guardian,Warrior,DARK,11.0,3750.0,3400.0,https://images.ygoprodeck.com/images/cards_cropped/25833572.jpg
25847467,"Kahkki, Guerilla of Dark World",Fiend,DARK,2.0,300.0,500.0,https://images.ygoprodeck.com/images/cards_cropped/25847467.jpg
25857246,Nekroz of Valkyrus,Spellcaster,WATER,8.0,2900.0,1700.0,https://images.ygoprodeck.com/images/cards_cropped/25857246.jpg
25857977,D/D/D Vice King Requiem,Fiend,DARK,8.0,2800.0,2000.0,https://images.ygoprodeck.com/images/cards_cropped/25857977.jpg
25865565,Crystron Sulfador,Machine,WATER,5.0,1900.0,2250.0,https://images.ygoprodeck.com/images/cards_cropped/25865565.jpg
25866285,Naturia Stinkbug,Insect,EARTH,3.0,200.0,500.0,https://images.ygoprodeck.com/images/cards_cropped/25866285.jpg
25882881,Dokuroizo the Grim Reaper,Zombie,DARK,3.0,900.0,1200.0,https://images.ygoprodeck.com/images/cards_cropped/25882881.jpg
25920413,Alien Skull,Reptile,WIND,4.0,1600.0,1800.0,https://images.ygoprodeck.com/images/cards_cropped/25920413.jpg
25924653,Gladiator Beast Darius,Beast-Warrior,EARTH,4.0,1700.0,300.0,https://images.ygoprodeck.com/images/cards_cropped/25924653.jpg
25926710,Kelbek the Ancient Vanguard,Fairy,EARTH,4.0,1500.0,1800.0,https://images.ygoprodeck.com/images/cards_cropped/25926710.jpg
25935625,"Jiaotu, Darkness of the Yang Zing",Wyrm,DARK,2.0,0.0,2000.0,https://images.ygoprodeck.com/images/cards_cropped/25935625.jpg
25955164,Sanga of the Thunder,Thunder,LIGHT,7.0,2600.0,2200.0,https://images.ygoprodeck.com/images/cards_cropped/25955164.jpg
25988873,Dragunity Partisan,Dragon,WIND,2.0,1200.0,800.0,https://images.ygoprodeck.com/images/cards_cropped/25988873.jpg
26016357,Madolche Marmalmaide,Spellcaster,EARTH,4.0,800.0,2000.0,https://images.ygoprodeck.com/images/cards_cropped/26016357.jpg
26034577,Infernoid Antra,Fiend,FIRE,2.0,0.0,2000.0,https://images.ygoprodeck.com/images/cards_cropped/26034577.jpg
26046205,Vengeful Shinobi,Warrior,DARK,2.0,400.0,800.0,https://images.ygoprodeck.com/images/cards_cropped/26046205.jpg
26057276,Satellarknight Betelgeuse,Warrior,LIGHT,4.0,700.0,1900.0,https://images.ygoprodeck.com/images/cards_cropped/26057276.jpg
26077387,Sky Striker Ace - Raye,Warrior,DARK,4.0,1500.0,1500.0,https://images.ygoprodeck.com/images/cards_cropped/26077387.jpg
26082117,Gagaga Magician,Spellcaster,DARK,4.0,1500.0,1000.0,https://images.ygoprodeck.com/images/cards_cropped/26082117.jpg
26082229,Invasion of Flames,Pyro,FIRE,3.0,1300.0,1200.0,https://images.ygoprodeck.com/images/cards_cropped/26082229.jpg
26084285,Gravekeeper's Watcher,Spellcaster,DARK,4.0,1000.0,1000.0,https://images.ygoprodeck.com/images/cards_cropped/26084285.jpg
26118970,Red Rose Dragon,Dragon,DARK,3.0,1000.0,1800.0,https://images.ygoprodeck.com/images/cards_cropped/26118970.jpg
26157485,Iron Chain Blaster,Warrior,EARTH,2.0,1100.0,0.0,https://images.ygoprodeck.com/images/cards_cropped/26157485.jpg
26185991,Pinch Hopper,Insect,EARTH,4.0,1000.0,1200.0,https://images.ygoprodeck.com/images/cards_cropped/26185991.jpg
26202165,Sangan,Fiend,DARK,3.0,1000.0,600.0,https://images.ygoprodeck.com/images/cards_cropped/26202165.jpg
26205777,Thestalos the Firestorm Monarch,Pyro,FIRE,6.0,2400.0,1000.0,https://images.ygoprodeck.com/images/cards_cropped/26205777.jpg
26223582,Buerillabaisse de Nouvelles,Beast-Warrior,DARK,1.0,400.0,1850.0,https://images.ygoprodeck.com/images/cards_cropped/26223582.jpg
26236560,Unchained Twins - Aruha,Fiend,FIRE,3.0,1500.0,1500.0,https://images.ygoprodeck.com/images/cards_cropped/26236560.jpg
26254876,Gemini Lancer,Sea Serpent,WATER,4.0,1800.0,1400.0,https://images.ygoprodeck.com/images/cards_cropped/26254876.jpg
26259179,Couple of Aces,Fairy,EARTH,2.0,100.0,100.0,https://images.ygoprodeck.com/images/cards_cropped/26259179.jpg
26270847,Performapal Silver Claw,Beast,DARK,4.0,1800.0,800.0,https://images.ygoprodeck.com/images/cards_cropped/26270847.jpg
26293219,Burning Skull Head,Zombie,FIRE,3.0,1000.0,800.0,https://images.ygoprodeck.com/images/cards_cropped/26293219.jpg
26302107,Danger! Dogman!,Beast-Warrior,DARK,7.0,2400.0,1000.0,https://images.ygoprodeck.com/images/cards_cropped/26302107.jpg
26302522,Blast Sphere,Machine,DARK,4.0,1400.0,1400.0,https://images.ygoprodeck.com/images/cards_cropped/26302522.jpg
26308721,Predaplant Pterapenthes,Plant,DARK,3.0,300.0,2100.0,https://images.ygoprodeck.com/images/cards_cropped/26308721.jpg
26364381,Demiurge Ema,Fairy,LIGHT,8.0,3300.0,2000.0,https://images.ygoprodeck.com/images/cards_cropped/26364381.jpg
26376390,Copycat,Spellcaster,LIGHT,1.0,0.0,0.0,https://images.ygoprodeck.com/images/cards_cropped/26376390.jpg
26378150,Rude Kaiser,Beast-Warrior,EARTH,5.0,1800.0,1600.0,https://images.ygoprodeck.com/images/cards_cropped/26378150.jpg
26381750,Soaring Eagle Above the Searing Land,Winged Beast,FIRE,1.0,100.0,0.0,https://images.ygoprodeck.com/images/cards_cropped/26381750.jpg
26400609,"Tidal, Dragon Ruler of Waterfalls",Dragon,WATER,7.0,2600.0,2000.0,https://images.ygoprodeck.com/images/cards_cropped/26400609.jpg
26420373,Speedroid Passinglider,Machine,WIND,5.0,2200.0,2000.0,https://images.ygoprodeck.com/images/cards_cropped/26420373.jpg
26439287,Proto-Cyber Dragon,Machine,LIGHT,3.0,1100.0,600.0,https://images.ygoprodeck.com/images/cards_cropped/26439287.jpg
26495087,Vampire Lady,Zombie,DARK,4.0,1550.0,1550.0,https://images.ygoprodeck.com/images/cards_cropped/26495087.jpg
26517393,Spirit of the Fall Wind,Fairy,WIND,4.0,1800.0,900.0,https://images.ygoprodeck.com/images/cards_cropped/26517393.jpg
26523337,"Psiics, Moonlight of the Ghoti",Fish,WATER,6.0,2400.0,0.0,https://images.ygoprodeck.com/images/cards_cropped/26523337.jpg
26548709,Ragnaraika Samurai Beetle,Insect,LIGHT,3.0,1500.0,0.0,https://images.ygoprodeck.com/images/cards_cropped/26548709.jpg
26561172,Myutant Mutant,Psychic,WATER,1.0,0.0,0.0,https://images.ygoprodeck.com/images/cards_cropped/26561172.jpg
26566878,Fiend Scorpion,Insect,EARTH,2.0,900.0,200.0,https://images.ygoprodeck.com/images/cards_cropped/26566878.jpg
26570480,Madolche Chickolates,Beast,EARTH,3.0,800.0,1500.0,https://images.ygoprodeck.com/images/cards_cropped/26570480.jpg
26577155,Dragunity Remus,Dragon,WIND,2.0,800.0,800.0,https://images.ygoprodeck.com/images/cards_cropped/26577155.jpg
26582143,Gladiator Beast Gistel,Beast,EARTH,3.0,1200.0,2000.0,https://images.ygoprodeck.com/images/cards_cropped/26582143.jpg
26638543,Metrognome,Fairy,EARTH,4.0,1800.0,1600.0,https://images.ygoprodeck.com/images/cards_cropped/26638543.jpg
26655293,Magnarokket Dragon,Dragon,DARK,4.0,1800.0,1200.0,https://images.ygoprodeck.com/images/cards_cropped/26655293.jpg
26669055,Sage of Silence,Spellcaster,LIGHT,4.0,1400.0,1000.0,https://images.ygoprodeck.com/images/cards_cropped/26669055.jpg
26674724,Nekroz of Brionac,Warrior,WATER,6.0,2300.0,1400.0,https://images.ygoprodeck.com/images/cards_cropped/26674724.jpg
26701483,Card Ejector,Spellcaster,EARTH,3.0,400.0,400.0,https://images.ygoprodeck.com/images/cards_cropped/26701483.jpg
26704411,The Fabled Kokkator,Beast,LIGHT,4.0,1700.0,1500.0,https://images.ygoprodeck.com/images/cards_cropped/26704411.jpg
26722601,Steelswarm Gatekeeper,Fiend,DARK,4.0,1500.0,1900.0,https://images.ygoprodeck.com/images/cards_cropped/26722601.jpg
26732909,Justice of Prophecy,Spellcaster,EARTH,3.0,1600.0,800.0,https://images.ygoprodeck.com/images/cards_cropped/26732909.jpg
26746975,Dark Guardian,Warrior,DARK,12.0,3800.0,3800.0,https://images.ygoprodeck.com/images/cards_cropped/26746975.jpg
26775203,Blackwing - Ghibli the Searing Wind,Winged Beast,DARK,3.0,0.0,1600.0,https://images.ygoprodeck.com/images/cards_cropped/26775203.jpg
26842483,Justice Bringer,Warrior,EARTH,4.0,1700.0,1000.0,https://images.ygoprodeck.com/images/cards_cropped/26842483.jpg
26857786,Cursed Fire King Doom Burst,Fiend,FIRE,3.0,1600.0,800.0,https://images.ygoprodeck.com/images/cards_cropped/26857786.jpg
26866984,Trias Hierarchia,Fairy,LIGHT,9.0,1900.0,2900.0,https://images.ygoprodeck.com/images/cards_cropped/26866984.jpg
26873574,Chaos Daedalus,Sea Serpent,DARK,7.0,2600.0,1500.0,https://images.ygoprodeck.com/images/cards_cropped/26873574.jpg
26885836,Heroic Challenger - War Hammer,Warrior,EARTH,6.0,2100.0,1300.0,https://images.ygoprodeck.com/images/cards_cropped/26885836.jpg
26889158,Salamangreat Gazelle,Cyberse,FIRE,3.0,1500.0,1000.0,https://images.ygoprodeck.com/images/cards_cropped/26889158.jpg
26913989,Geistgrinder Golem,Fiend,DARK,8.0,3000.0,300.0,https://images.ygoprodeck.com/images/cards_cropped/26913989.jpg
26914168,Dark Honest,Fairy,DARK,4.0,1100.0,1900.0,https://images.ygoprodeck.com/images/cards_cropped/26914168.jpg
26932788,Javelin Beetle,Insect,EARTH,8.0,2450.0,2550.0,https://images.ygoprodeck.com/images/cards_cropped/26932788.jpg
26964762,Destiny HERO - Dark Angel,Warrior,DARK,1.0,0.0,0.0,https://images.ygoprodeck.com/images/cards_cropped/26964762.jpg
26976414,Atlantean Pikeman,Sea Serpent,WATER,2.0,1400.0,0.0,https://images.ygoprodeck.com/images/cards_cropped/26976414.jpg
26993374,X-Saber Uruz,Beast-Warrior,EARTH,4.0,1600.0,1000.0,https://images.ygoprodeck.com/images/cards_cropped/26993374.jpg
27004302,Gem-Armadillo,Rock,EARTH,4.0,1700.0,500.0,https://images.ygoprodeck.com/images/cards_cropped/27004302.jpg
27012717,Fierce Tiger Monghu,Beast,EARTH,4.0,1700.0,1000.0,https://images.ygoprodeck.com/images/cards_cropped/27012717.jpg
27015862,Veda Kalanta,Warrior,DARK,8.0,2500.0,2100.0,https://images.ygoprodeck.com/images/cards_cropped/27015862.jpg
27024795,Alviss of the Nordic Alfar,Spellcaster,DARK,4.0,1500.0,1000.0,https://images.ygoprodeck.com/images/cards_cropped/27024795.jpg
27036706,Starry Knight Ciel,Fairy,LIGHT,4.0,1700.0,800.0,https://images.ygoprodeck.com/images/cards_cropped/27036706.jpg
27054370,Firewing Pegasus,Beast,FIRE,6.0,2250.0,1800.0,https://images.ygoprodeck.com/images/cards_cropped/27054370.jpg
27094595,Graveyard and the Hand of Invitation,Zombie,DARK,3.0,700.0,900.0,https://images.ygoprodeck.com/images/cards_cropped/27094595.jpg
27103517,Wicked Acolyte Chilam Sabak,Reptile,DARK,8.0,2500.0,0.0,https://images.ygoprodeck.com/images/cards_cropped/27103517.jpg
27107590,Time Maiden,Fairy,LIGHT,1.0,0.0,0.0,https://images.ygoprodeck.com/images/cards_cropped/27107590.jpg
27125110,Thousand-Eyes Idol,Spellcaster,DARK,1.0,0.0,0.0,https://images.ygoprodeck.com/images/cards_cropped/27125110.jpg
27126980,Gem-Knight Sapphire,Aqua,EARTH,4.0,0.0,2100.0,https://images.ygoprodeck.com/images/cards_cropped/27126980.jpg
27132350,Fire Sorcerer,Spellcaster,FIRE,4.0,1000.0,1500.0,https://images.ygoprodeck.com/images/cards_cropped/27132350.jpg
27132400,Altergeist Malwisp,Spellcaster,LIGHT,3.0,1500.0,0.0,https://images.ygoprodeck.com/images/cards_cropped/27132400.jpg
27134209,"Beargram, Shelled Emperor of the Forest Crown",Insect,EARTH,9.0,3400.0,2900.0,https://images.ygoprodeck.com/images/cards_cropped/27134209.jpg
27143874,Dino-Sewing,Fiend,EARTH,4.0,0.0,0.0,https://images.ygoprodeck.com/images/cards_cropped/27143874.jpg
27182739,Mathmech Sigma,Cyberse,LIGHT,4.0,1000.0,1500.0,https://images.ygoprodeck.com/images/cards_cropped/27182739.jpg
27189308,Cheepcheepcheep,Winged Beast,WIND,1.0,300.0,200.0,https://images.ygoprodeck.com/images/cards_cropped/27189308.jpg
27198001,Nine-Tailed Fox,Zombie,FIRE,6.0,2200.0,2000.0,https://images.ygoprodeck.com/images/cards_cropped/27198001.jpg
27204311,"Nibiru, the Primal Being",Rock,LIGHT,11.0,3000.0,600.0,https://images.ygoprodeck.com/images/cards_cropped/27204311.jpg
27217742,Brohunder,Thunder,LIGHT,4.0,900.0,400.0,https://images.ygoprodeck.com/images/cards_cropped/27217742.jpg
27260347,Snake-Eyes Diabellstar,Spellcaster,FIRE,8.0,2800.0,2600.0,https://images.ygoprodeck.com/images/cards_cropped/27260347.jpg
27268998,Metalzoa X,Machine,DARK,8.0,3000.0,2300.0,https://images.ygoprodeck.com/images/cards_cropped/27268998.jpg
27279764,Apoqliphort Towers,Machine,EARTH,10.0,3000.0,2600.0,https://images.ygoprodeck.com/images/cards_cropped/27279764.jpg
27288416,Mokey Mokey,Fairy,LIGHT,1.0,300.0,100.0,https://images.ygoprodeck.com/images/cards_cropped/27288416.jpg
27324313,Wattkid,Thunder,LIGHT,3.0,1000.0,500.0,https://images.ygoprodeck.com/images/cards_cropped/27324313.jpg
27352108,Chobham Armor Dragon,Dragon,DARK,1.0,0.0,0.0,https://images.ygoprodeck.com/images/cards_cropped/27352108.jpg
27354732,Mythical Beast Jackal King,Spellcaster,DARK,6.0,2400.0,1400.0,https://images.ygoprodeck.com/images/cards_cropped/27354732.jpg
27383719,S-Force Lapcewell,Fiend,LIGHT,6.0,2400.0,2500.0,https://images.ygoprodeck.com/images/cards_cropped/27383719.jpg
27407330,Lightray Grepher,Warrior,LIGHT,4.0,1700.0,1600.0,https://images.ygoprodeck.com/images/cards_cropped/27407330.jpg
27408609,Golden Homunculus,Warrior,LIGHT,6.0,1500.0,1500.0,https://images.ygoprodeck.com/images/cards_cropped/27408609.jpg
27415516,"Stream, Dragon Ruler of Droplets",Dragon,WATER,4.0,1600.0,2000.0,https://images.ygoprodeck.com/images/cards_cropped/27415516.jpg
27416701,Shiba-Warrior Taro,Beast-Warrior,EARTH,2.0,800.0,600.0,https://images.ygoprodeck.com/images/cards_cropped/27416701.jpg
27439792,Chaos Summoning Beast,Fiend,DARK,1.0,0.0,0.0,https://images.ygoprodeck.com/images/cards_cropped/27439792.jpg
27450400,Cosmic Compass,Machine,EARTH,1.0,100.0,300.0,https://images.ygoprodeck.com/images/cards_cropped/27450400.jpg
27480536,Armored Shark,Fish,WATER,3.0,500.0,2000.0,https://images.ygoprodeck.com/images/cards_cropped/27480536.jpg
27483935,Ancient Gear Commander,Machine,EARTH,4.0,500.0,2000.0,https://images.ygoprodeck.com/images/cards_cropped/27483935.jpg
27491571,Ghostrick Witch,Spellcaster,DARK,2.0,1200.0,200.0,https://images.ygoprodeck.com/images/cards_cropped/27491571.jpg
27520594,Sunseed Genius Loci,Plant,EARTH,1.0,0.0,600.0,https://images.ygoprodeck.com/images/cards_cropped/27520594.jpg
27527047,Secret Guards of the Ice Barrier,Aqua,WATER,2.0,100.0,1600.0,https://images.ygoprodeck.com/images/cards_cropped/27527047.jpg
27553701,Absolute King - Megaplunder,Dinosaur,EARTH,6.0,2000.0,1500.0,https://images.ygoprodeck.com/images/cards_cropped/27553701.jpg
27618634,The Unhappy Girl,Spellcaster,LIGHT,2.0,400.0,300.0,https://images.ygoprodeck.com/images/cards_cropped/27618634.jpg
27632240,Altitude Knight,Warrior,WIND,4.0,1400.0,1200.0,https://images.ygoprodeck.com/images/cards_cropped/27632240.jpg
27655513,Skreech,Reptile,WATER,4.0,1500.0,400.0,https://images.ygoprodeck.com/images/cards_cropped/27655513.jpg
27657173,Red-Eyes Black Meteor Dragon,Dragon,DARK,6.0,2000.0,2000.0,https://images.ygoprodeck.com/images/cards_cropped/27657173.jpg
27660735,Speedroid Tri-Eyed Dice,Machine,WIND,3.0,300.0,1500.0,https://images.ygoprodeck.com/images/cards_cropped/27660735.jpg
27671321,Lightning Conger,Thunder,WATER,3.0,350.0,750.0,https://images.ygoprodeck.com/images/cards_cropped/27671321.jpg
27704731,Metalflame Swordsman,Machine,FIRE,6.0,2500.0,1600.0,https://images.ygoprodeck.com/images/cards_cropped/27704731.jpg
27750191,Yokotuner,Beast,EARTH,1.0,800.0,600.0,https://images.ygoprodeck.com/images/cards_cropped/27750191.jpg
27755794,Radiant Typhoon Meghala,Fairy,WIND,3.0,500.0,1500.0,https://images.ygoprodeck.com/images/cards_cropped/27755794.jpg
27756115,Superheavy Samurai Soulbeads,Machine,EARTH,1.0,0.0,0.0,https://images.ygoprodeck.com/images/cards_cropped/27756115.jpg
27762803,Naturia Beetle,Insect,EARTH,4.0,400.0,1800.0,https://images.ygoprodeck.com/images/cards_cropped/27762803.jpg
27769400,Tualatin,Fairy,LIGHT,8.0,2800.0,2500.0,https://images.ygoprodeck.com/images/cards_cropped/27769400.jpg
27780618,Vision HERO Vyon,Warrior,DARK,4.0,1000.0,1200.0,https://images.ygoprodeck.com/images/cards_cropped/27780618.jpg
27782503,The Six Samurai - Irou,Warrior,DARK,4.0,1700.0,1200.0,https://images.ygoprodeck.com/images/cards_cropped/27782503.jpg
27784944,The Weather Painter Aurora,Fairy,DARK,6.0,2200.0,2000.0,https://images.ygoprodeck.com/images/cards_cropped/27784944.jpg
27796375,Great Sorcerer of the Nekroz,Spellcaster,WATER,4.0,1500.0,800.0,https://images.ygoprodeck.com/images/cards_cropped/27796375.jpg
27827903,Genex Ally Crusher,Machine,DARK,4.0,1000.0,2000.0,https://images.ygoprodeck.com/images/cards_cropped/27827903.jpg
27868563,Goblin Biker Boom Mach,Warrior,WIND,3.0,1300.0,0.0,https://images.ygoprodeck.com/images/cards_cropped/27868563.jpg
27869883,Shadowpriestess of Ohm,Spellcaster,DARK,4.0,1700.0,1600.0,https://images.ygoprodeck.com/images/cards_cropped/27869883.jpg
27870033,Pursuit Chaser,Machine,EARTH,3.0,1400.0,600.0,https://images.ygoprodeck.com/images/cards_cropped/27870033.jpg
27877771,Sniffer Dragon,Dragon,DARK,2.0,800.0,400.0,https://images.ygoprodeck.com/images/cards_cropped/27877771.jpg
27882993,Infernalqueen Salmon,Fish,WATER,5.0,2400.0,1000.0,https://images.ygoprodeck.com/images/cards_cropped/27882993.jpg
27911549,Parasite Paracide,Insect,EARTH,2.0,500.0,300.0,https://images.ygoprodeck.com/images/cards_cropped/27911549.jpg
27918365,"World Legacy - ""World Crown""",Machine,DARK,6.0,2000.0,2000.0,https://images.ygoprodeck.com/images/cards_cropped/27918365.jpg
27927359,Harpie Lady 2,Winged Beast,WIND,4.0,1300.0,1400.0,https://images.ygoprodeck.com/images/cards_cropped/27927359.jpg
27944249,"Windaar, Sage of Gusto",Psychic,WIND,6.0,2000.0,1000.0,https://images.ygoprodeck.com/images/cards_cropped/27944249.jpg
27971137,Zombowwow,Zombie,DARK,2.0,1000.0,1000.0,https://images.ygoprodeck.com/images/cards_cropped/27971137.jpg
27978707,Superheavy Samurai Flutist,Machine,EARTH,3.0,500.0,1000.0,https://images.ygoprodeck.com/images/cards_cropped/27978707.jpg
27993919,LaSolfachord Angelia,Fairy,FIRE,6.0,2300.0,1400.0,https://images.ygoprodeck.com/images/cards_cropped/27993919.jpg
27995943,Dr. Frankenderp,Psychic,DARK,3.0,300.0,300.0,https://images.ygoprodeck.com/images/cards_cropped/27995943.jpg
28002611,Gadget Hauler,Machine,EARTH,6.0,1300.0,0.0,https://images.ygoprodeck.com/images/cards_cropped/28002611.jpg
28003512,The Judgement Hand,Warrior,EARTH,3.0,1400.0,700.0,https://images.ygoprodeck.com/images/cards_cropped/28003512.jpg
28004531,"Rex, Freight Fur Hire",Dinosaur,EARTH,2.0,300.0,200.0,https://images.ygoprodeck.com/images/cards_cropped/28004531.jpg
28031913,Crusadia Leonis,Beast,EARTH,3.0,1200.0,1600.0,https://images.ygoprodeck.com/images/cards_cropped/28031913.jpg
28053106,Cyber Egg Angel,Fairy,LIGHT,2.0,200.0,300.0,https://images.ygoprodeck.com/images/cards_cropped/28053106.jpg
28066831,Gusto Thunbolt,Thunder,WIND,4.0,1500.0,1200.0,https://images.ygoprodeck.com/images/cards_cropped/28066831.jpg
28103028,Ignihorse Dragonis,Sea Serpent,FIRE,7.0,2400.0,1000.0,https://images.ygoprodeck.com/images/cards_cropped/28103028.jpg
28112535,Toon Barrel Dragon,Machine,DARK,7.0,2600.0,2200.0,https://images.ygoprodeck.com/images/cards_cropped/28112535.jpg
28115467,MiSolfachord Eliteia,Fairy,WATER,3.0,1100.0,400.0,https://images.ygoprodeck.com/images/cards_cropped/28115467.jpg
28118128,Baby Raccoon Tantan,Beast,EARTH,2.0,0.0,800.0,https://images.ygoprodeck.com/images/cards_cropped/28118128.jpg
28124263,Morphtronic Cameran,Machine,LIGHT,2.0,800.0,600.0,https://images.ygoprodeck.com/images/cards_cropped/28124263.jpg
28139785,Wrecker Panda,Beast,EARTH,2.0,800.0,800.0,https://images.ygoprodeck.com/images/cards_cropped/28139785.jpg
28143906,Roc from the Valley of Haze,Winged Beast,WIND,6.0,2400.0,1400.0,https://images.ygoprodeck.com/images/cards_cropped/28143906.jpg
28151978,Speedroid Dominobutterfly,Machine,WIND,2.0,100.0,300.0,https://images.ygoprodeck.com/images/cards_cropped/28151978.jpg
28174796,Marincess Mandarin,Cyberse,WATER,1.0,100.0,100.0,https://images.ygoprodeck.com/images/cards_cropped/28174796.jpg
28183605,Dragunity Dux,Winged Beast,WIND,4.0,1500.0,1000.0,https://images.ygoprodeck.com/images/cards_cropped/28183605.jpg
28190303,Blackwing - Gladius the Midnight Sun,Winged Beast,DARK,3.0,800.0,1500.0,https://images.ygoprodeck.com/images/cards_cropped/28190303.jpg
28194325,Heroic Challenger - Clasp Sword,Warrior,EARTH,1.0,300.0,100.0,https://images.ygoprodeck.com/images/cards_cropped/28194325.jpg
28201945,Traptrix Nepenthes,Plant,EARTH,4.0,800.0,2000.0,https://images.ygoprodeck.com/images/cards_cropped/28201945.jpg
28279543,Curse of Dragon,Dragon,DARK,5.0,2000.0,1500.0,https://images.ygoprodeck.com/images/cards_cropped/28279543.jpg
28297833,Necroface,Zombie,DARK,4.0,1200.0,1800.0,https://images.ygoprodeck.com/images/cards_cropped/28297833.jpg
28306253,Angry Burger,Warrior,DARK,6.0,2800.0,1850.0,https://images.ygoprodeck.com/images/cards_cropped/28306253.jpg
28332833,Flamvell Poun,Pyro,FIRE,1.0,200.0,200.0,https://images.ygoprodeck.com/images/cards_cropped/28332833.jpg
28348537,Blizzard Princess,Spellcaster,WATER,8.0,2800.0,2100.0,https://images.ygoprodeck.com/images/cards_cropped/28348537.jpg
28348939,White Tiger Summoner,Spellcaster,EARTH,3.0,1000.0,1700.0,https://images.ygoprodeck.com/images/cards_cropped/28348939.jpg
28355718,Destiny HERO - Double Dude,Warrior,DARK,6.0,1000.0,1000.0,https://images.ygoprodeck.com/images/cards_cropped/28355718.jpg
28357177,Hade-Hane,Beast,EARTH,5.0,900.0,1000.0,https://images.ygoprodeck.com/images/cards_cropped/28357177.jpg
28358902,Crimson Sentry,Warrior,FIRE,4.0,1500.0,1200.0,https://images.ygoprodeck.com/images/cards_cropped/28358902.jpg
28363749,Fire Opal Head,Dinosaur,FIRE,6.0,2500.0,1000.0,https://images.ygoprodeck.com/images/cards_cropped/28363749.jpg
28388927,Battlewasp - Sting the Poison,Insect,WIND,2.0,400.0,800.0,https://images.ygoprodeck.com/images/cards_cropped/28388927.jpg
28406301,D/D Gryphon,Fiend,DARK,4.0,1200.0,1200.0,https://images.ygoprodeck.com/images/cards_cropped/28406301.jpg
28423537,"Archfiend Emperor, the First Lord of Horror",Fiend,DARK,8.0,3000.0,2000.0,https://images.ygoprodeck.com/images/cards_cropped/28423537.jpg
28427869,Smoke Mosquito,Insect,DARK,1.0,0.0,0.0,https://images.ygoprodeck.com/images/cards_cropped/28427869.jpg
28450915,Invader from Another Dimension,Fiend,DARK,4.0,950.0,1400.0,https://images.ygoprodeck.com/images/cards_cropped/28450915.jpg
28454232,Enneacraft - Asta.PIXEA,Machine,LIGHT,9.0,3000.0,2500.0,https://images.ygoprodeck.com/images/cards_cropped/28454232.jpg
28465301,Worm Opera,Reptile,LIGHT,2.0,400.0,800.0,https://images.ygoprodeck.com/images/cards_cropped/28465301.jpg
28470714,Bladefly,Insect,WIND,2.0,600.0,700.0,https://images.ygoprodeck.com/images/cards_cropped/28470714.jpg
28546905,Illusionist Faceless Mage,Spellcaster,DARK,5.0,1200.0,2200.0,https://images.ygoprodeck.com/images/cards_cropped/28546905.jpg
28563545,Dragon Seeker,Fiend,DARK,6.0,2000.0,2100.0,https://images.ygoprodeck.com/images/cards_cropped/28563545.jpg
28565527,Golden Dragon Summoner,Spellcaster,LIGHT,4.0,1000.0,1000.0,https://images.ygoprodeck.com/images/cards_cropped/28565527.jpg
28570310,Mythical Beast Garuda,Spellcaster,LIGHT,4.0,1200.0,1600.0,https://images.ygoprodeck.com/images/cards_cropped/28570310.jpg
28573958,The Agent of Miracles - Jupiter,Fairy,LIGHT,4.0,1800.0,1000.0,https://images.ygoprodeck.com/images/cards_cropped/28573958.jpg
28577986,Mermail Abyssocea,Aqua,WATER,3.0,1100.0,1900.0,https://images.ygoprodeck.com/images/cards_cropped/28577986.jpg
28593329,Dark Angel,Fairy,DARK,5.0,0.0,0.0,https://images.ygoprodeck.com/images/cards_cropped/28593329.jpg
28601770,Mist Archfiend,Fiend,DARK,5.0,2400.0,0.0,https://images.ygoprodeck.com/images/cards_cropped/28601770.jpg
28630501,Yosenju Kama 3,Beast-Warrior,WIND,4.0,1500.0,800.0,https://images.ygoprodeck.com/images/cards_cropped/28630501.jpg
28637168,Crane Crane,Winged Beast,EARTH,3.0,300.0,900.0,https://images.ygoprodeck.com/images/cards_cropped/28637168.jpg
28642461,K9-66a Jokul,Aqua,DARK,5.0,2000.0,1900.0,https://images.ygoprodeck.com/images/cards_cropped/28642461.jpg
28651380,"Raviel, Lord of Phantasms - Shimmering Scraper",Fiend,DARK,10.0,4000.0,4000.0,https://images.ygoprodeck.com/images/cards_cropped/28651380.jpg
28674152,"Radian, the Multidimensional Kaiju",Fiend,DARK,7.0,2800.0,2500.0,https://images.ygoprodeck.com/images/cards_cropped/28674152.jpg
28692962,Mekk-Knight Purple Nightfall,Psychic,LIGHT,8.0,2500.0,2000.0,https://images.ygoprodeck.com/images/cards_cropped/28692962.jpg
28711704,Toon Black Luster Soldier,Warrior,EARTH,8.0,3000.0,2500.0,https://images.ygoprodeck.com/images/cards_cropped/28711704.jpg
28715905,Ursarctic Megapolar,Beast-Warrior,WATER,8.0,2500.0,700.0,https://images.ygoprodeck.com/images/cards_cropped/28715905.jpg
28720123,"Dinomight Powerload, the Dracoslayer",Machine,WATER,4.0,1700.0,1800.0,https://images.ygoprodeck.com/images/cards_cropped/28720123.jpg
28725004,Tainted Wisdom,Fiend,DARK,3.0,1250.0,800.0,https://images.ygoprodeck.com/images/cards_cropped/28725004.jpg
28736826,Ultimate Baseball Homerun King,Warrior,FIRE,4.0,1500.0,300.0,https://images.ygoprodeck.com/images/cards_cropped/28736826.jpg
28754338,Legendary Atlantean Tridon,Sea Serpent,WATER,3.0,1600.0,800.0,https://images.ygoprodeck.com/images/cards_cropped/28754338.jpg
28762303,Icejade Tinola,Aqua,WATER,4.0,1000.0,1000.0,https://images.ygoprodeck.com/images/cards_cropped/28762303.jpg
28770951,Galaxy Cleric,Spellcaster,LIGHT,4.0,1500.0,600.0,https://images.ygoprodeck.com/images/cards_cropped/28770951.jpg
28803166,Lacrima the Crimson Tears,Fiend,LIGHT,4.0,1200.0,1200.0,https://images.ygoprodeck.com/images/cards_cropped/28803166.jpg
28806532,The Weather Painter Cloud,Fairy,WIND,3.0,1500.0,1000.0,https://images.ygoprodeck.com/images/cards_cropped/28806532.jpg
28859794,Shield Wing,Winged Beast,WIND,2.0,0.0,900.0,https://images.ygoprodeck.com/images/cards_cropped/28859794.jpg
28865322,"Aether, the Evil Empowering Dragon",Dragon,DARK,6.0,2300.0,1600.0,https://images.ygoprodeck.com/images/cards_cropped/28865322.jpg
28868394,Traptrix Vesiculo,Plant,EARTH,4.0,1400.0,1400.0,https://images.ygoprodeck.com/images/cards_cropped/28868394.jpg
28877382,DoomZ V Five - Amalthe,Dragon,DARK,4.0,1600.0,1200.0,https://images.ygoprodeck.com/images/cards_cropped/28877382.jpg
28877602,Evoltile Odonto,Reptile,FIRE,2.0,500.0,1200.0,https://images.ygoprodeck.com/images/cards_cropped/28877602.jpg
28884172,Gagaga Mancer,Spellcaster,DARK,4.0,100.0,100.0,https://images.ygoprodeck.com/images/cards_cropped/28884172.jpg
28929131,"Zaphion, the Timelord",Fairy,WATER,10.0,0.0,0.0,https://images.ygoprodeck.com/images/cards_cropped/28929131.jpg
28933734,Mask of Darkness,Fiend,DARK,2.0,900.0,400.0,https://images.ygoprodeck.com/images/cards_cropped/28933734.jpg
28954097,Mirror Swordknight,Illusion,LIGHT,4.0,1900.0,300.0,https://images.ygoprodeck.com/images/cards_cropped/28954097.jpg
28966434,Solitaire Magician,Spellcaster,LIGHT,4.0,1600.0,1300.0,https://images.ygoprodeck.com/images/cards_cropped/28966434.jpg
28968609,Garbage Golem,Fiend,DARK,4.0,0.0,0.0,https://images.ygoprodeck.com/images/cards_cropped/28968609.jpg
28985331,Armageddon Knight,Warrior,DARK,4.0,1400.0,1200.0,https://images.ygoprodeck.com/images/cards_cropped/28985331.jpg
28990150,Photon Cerberus,Beast,LIGHT,3.0,1300.0,600.0,https://images.ygoprodeck.com/images/cards_cropped/28990150.jpg
29013526,Storming Wynn,Spellcaster,WIND,4.0,800.0,1500.0,https://images.ygoprodeck.com/images/cards_cropped/29013526.jpg
29021114,Silver Gadget,Machine,LIGHT,4.0,1500.0,1000.0,https://images.ygoprodeck.com/images/cards_cropped/29021114.jpg
29054481,Mist Valley Watcher,Spellcaster,WIND,4.0,1500.0,1900.0,https://images.ygoprodeck.com/images/cards_cropped/29054481.jpg
29081251,Hublot the Dark Directory of Death,Zombie,DARK,6.0,1300.0,1800.0,https://images.ygoprodeck.com/images/cards_cropped/29081251.jpg
29088922,Fortune Lady Water,Spellcaster,WATER,4.0,-1.0,-1.0,https://images.ygoprodeck.com/images/cards_cropped/29088922.jpg
29092121,Cipher Biplane,Machine,LIGHT,6.0,1000.0,2000.0,https://images.ygoprodeck.com/images/cards_cropped/29092121.jpg
29099860,Gouki Machine Suprex,Warrior,EARTH,4.0,1800.0,0.0,https://images.ygoprodeck.com/images/cards_cropped/29099860.jpg
29107423,Ruddy Rose Witch,Plant,LIGHT,1.0,800.0,1700.0,https://images.ygoprodeck.com/images/cards_cropped/29107423.jpg
29116732,Daybreaker,Warrior,LIGHT,4.0,1700.0,0.0,https://images.ygoprodeck.com/images/cards_cropped/29116732.jpg
29139104,Avalanching Aussa,Spellcaster,EARTH,4.0,800.0,1500.0,https://images.ygoprodeck.com/images/cards_cropped/29139104.jpg
29146185,World of Prophecy,Spellcaster,LIGHT,9.0,2900.0,2400.0,https://images.ygoprodeck.com/images/cards_cropped/29146185.jpg
29155212,Pumpking the King of Ghosts,Zombie,DARK,6.0,1800.0,2000.0,https://images.ygoprodeck.com/images/cards_cropped/29155212.jpg
29157292,Metal Illusionist,Spellcaster,LIGHT,1.0,0.0,0.0,https://images.ygoprodeck.com/images/cards_cropped/29157292.jpg
29169993,Performapal Teeter Totter Hopper,Insect,EARTH,4.0,100.0,1200.0,https://images.ygoprodeck.com/images/cards_cropped/29169993.jpg
29172562,Steel Ogre Grotto #1,Machine,EARTH,5.0,1400.0,1800.0,https://images.ygoprodeck.com/images/cards_cropped/29172562.jpg
29177818,Rose Girl,Plant,EARTH,3.0,800.0,600.0,https://images.ygoprodeck.com/images/cards_cropped/29177818.jpg
29216198,Gravitic Orb,Fiend,DARK,3.0,1100.0,700.0,https://images.ygoprodeck.com/images/cards_cropped/29216198.jpg
29216967,Gimmick Puppet Scissor Arms,Machine,DARK,4.0,1200.0,600.0,https://images.ygoprodeck.com/images/cards_cropped/29216967.jpg
29246354,Chrysalis Pinny,Plant,LIGHT,2.0,100.0,700.0,https://images.ygoprodeck.com/images/cards_cropped/29246354.jpg
29251488,Chef de Nouvelles,Fiend,LIGHT,3.0,1000.0,1850.0,https://images.ygoprodeck.com/images/cards_cropped/29251488.jpg
29253591,Dragunity Couse,Dragon,WIND,2.0,1000.0,200.0,https://images.ygoprodeck.com/images/cards_cropped/29253591.jpg
29280200,Vanquish Soul Dr. Mad Love,Fiend,DARK,4.0,1200.0,2000.0,https://images.ygoprodeck.com/images/cards_cropped/29280200.jpg
29280589,Edge Imp Scythe,Fiend,DARK,3.0,1000.0,0.0,https://images.ygoprodeck.com/images/cards_cropped/29280589.jpg
29284413,Joker's Knight,Warrior,LIGHT,5.0,2000.0,1400.0,https://images.ygoprodeck.com/images/cards_cropped/29284413.jpg
29302858,Vanquish Soul Razen,Warrior,FIRE,4.0,1800.0,1500.0,https://images.ygoprodeck.com/images/cards_cropped/29302858.jpg
29303524,Seleglare the Luminous Lunar Dragon,Dragon,LIGHT,6.0,2400.0,1000.0,https://images.ygoprodeck.com/images/cards_cropped/29303524.jpg
29311166,Assault Wyvern,Dragon,LIGHT,4.0,1800.0,1100.0,https://images.ygoprodeck.com/images/cards_cropped/29311166.jpg
29330706,Armed Protector Dragon,Dragon,LIGHT,8.0,2000.0,2800.0,https://images.ygoprodeck.com/images/cards_cropped/29330706.jpg
29348048,Vendread Scavenger,Zombie,DARK,8.0,2800.0,0.0,https://images.ygoprodeck.com/images/cards_cropped/29348048.jpg
29353756,ZW - Eagle Claw,Winged Beast,WIND,5.0,2000.0,1200.0,https://images.ygoprodeck.com/images/cards_cropped/29353756.jpg
29374928,Armored Bitron,Cyberse,DARK,2.0,500.0,0.0,https://images.ygoprodeck.com/images/cards_cropped/29374928.jpg
29380133,Yado Karu,Aqua,WATER,4.0,900.0,1700.0,https://images.ygoprodeck.com/images/cards_cropped/29380133.jpg
29402771,Rainbow Marine Mermaid,Fish,WATER,5.0,1550.0,1700.0,https://images.ygoprodeck.com/images/cards_cropped/29402771.jpg
29415459,Mekk-Knight Yellow Star,Psychic,LIGHT,7.0,2200.0,2800.0,https://images.ygoprodeck.com/images/cards_cropped/29415459.jpg
29417188,Psi-Blocker,Psychic,WIND,4.0,1200.0,300.0,https://images.ygoprodeck.com/images/cards_cropped/29417188.jpg
29424328,"Diabolos, King of the Abyss",Dragon,DARK,7.0,2800.0,1000.0,https://images.ygoprodeck.com/images/cards_cropped/29424328.jpg
29432356,Zefraath,Rock,EARTH,11.0,3450.0,2950.0,https://images.ygoprodeck.com/images/cards_cropped/29432356.jpg
29436665,Dark Eradicator Warlock,Spellcaster,DARK,7.0,2500.0,2100.0,https://images.ygoprodeck.com/images/cards_cropped/29436665.jpg
29439831,Morgana the Witch of Eyes,Spellcaster,DARK,4.0,1500.0,2100.0,https://images.ygoprodeck.com/images/cards_cropped/29439831.jpg
29491031,The Snake Hair,Zombie,DARK,4.0,1500.0,1200.0,https://images.ygoprodeck.com/images/cards_cropped/29491031.jpg
29491334,Kozmo DOG Fighter,Machine,DARK,6.0,2000.0,2400.0,https://images.ygoprodeck.com/images/cards_cropped/29491334.jpg
29537493,Ursarctic Mikpolar,Beast,WATER,7.0,700.0,2000.0,https://images.ygoprodeck.com/images/cards_cropped/29537493.jpg
29570824,"Ekto Enneacraft - ""tromarIA""",Machine,EARTH,1.0,100.0,1000.0,https://images.ygoprodeck.com/images/cards_cropped/29570824.jpg
29587993,Mist Valley Apex Avian,Winged Beast,WIND,7.0,2700.0,2000.0,https://images.ygoprodeck.com/images/cards_cropped/29587993.jpg
29590752,Gladiator Beast Octavius,Winged Beast,LIGHT,7.0,2500.0,1200.0,https://images.ygoprodeck.com/images/cards_cropped/29590752.jpg
29596581,Thunder Dragonroar,Thunder,DARK,6.0,2400.0,0.0,https://images.ygoprodeck.com/images/cards_cropped/29596581.jpg
29601381,Springans Captain Sargas,Machine,FIRE,8.0,1500.0,2800.0,https://images.ygoprodeck.com/images/cards_cropped/29601381.jpg
29603180,Annihilator Archfiend,Fiend,DARK,9.0,2000.0,3000.0,https://images.ygoprodeck.com/images/cards_cropped/29603180.jpg
29616941,Beautiful Beast Trainer,Warrior,EARTH,5.0,1750.0,1500.0,https://images.ygoprodeck.com/images/cards_cropped/29616941.jpg
29618570,Gray Wing,Dragon,WIND,3.0,1300.0,700.0,https://images.ygoprodeck.com/images/cards_cropped/29618570.jpg
29654737,Amazoness Chain Master,Warrior,EARTH,4.0,1500.0,1300.0,https://images.ygoprodeck.com/images/cards_cropped/29654737.jpg
29687169,"Arnis, the Empowered Warrior",Warrior,FIRE,4.0,1700.0,1200.0,https://images.ygoprodeck.com/images/cards_cropped/29687169.jpg
29692206,Twin Long Rods #2,Aqua,WATER,3.0,850.0,700.0,https://images.ygoprodeck.com/images/cards_cropped/29692206.jpg
29716911,Capacitor Stalker,Cyberse,LIGHT,5.0,2000.0,1000.0,https://images.ygoprodeck.com/images/cards_cropped/29716911.jpg
29719112,Cyber Pharos,Machine,LIGHT,1.0,0.0,2100.0,https://images.ygoprodeck.com/images/cards_cropped/29719112.jpg
29726552,"Kumongous, the Sticky String Kaiju",Insect,EARTH,7.0,2400.0,2500.0,https://images.ygoprodeck.com/images/cards_cropped/29726552.jpg
29802344,Snakeyashi,Plant,EARTH,4.0,1000.0,1200.0,https://images.ygoprodeck.com/images/cards_cropped/29802344.jpg
29834183,Graydle Eagle,Aqua,WATER,3.0,1500.0,500.0,https://images.ygoprodeck.com/images/cards_cropped/29834183.jpg
29838323,Crystron Thystvern,Machine,WATER,3.0,1500.0,1500.0,https://images.ygoprodeck.com/images/cards_cropped/29838323.jpg
29884951,Swordsoul Auspice Chunjun,Wyrm,EARTH,6.0,2400.0,1800.0,https://images.ygoprodeck.com/images/cards_cropped/29884951.jpg
29888389,Gishki Shadow,Sea Serpent,WATER,4.0,1200.0,1000.0,https://images.ygoprodeck.com/images/cards_cropped/29888389.jpg
29904964,Arisen Gaia the Fierce Knight,Warrior,DARK,7.0,2300.0,2100.0,https://images.ygoprodeck.com/images/cards_cropped/29904964.jpg
29905795,The Fabled Chawa,Beast,LIGHT,1.0,200.0,100.0,https://images.ygoprodeck.com/images/cards_cropped/29905795.jpg
29913783,Super Anti-Kaiju War Machine Mecha-Thunder-King,Machine,LIGHT,9.0,2200.0,2100.0,https://images.ygoprodeck.com/images/cards_cropped/29913783.jpg
29925614,Chaos Allure Queen,Spellcaster,LIGHT,7.0,1500.0,1500.0,https://images.ygoprodeck.com/images/cards_cropped/29925614.jpg
29927283,Returned Dino Daneen,Dinosaur,WATER,1.0,400.0,1200.0,https://images.ygoprodeck.com/images/cards_cropped/29927283.jpg
29942771,Naturia Camellia,Plant,EARTH,4.0,1400.0,700.0,https://images.ygoprodeck.com/images/cards_cropped/29942771.jpg
29947751,Morphtronic Magnen,Thunder,EARTH,3.0,800.0,800.0,https://images.ygoprodeck.com/images/cards_cropped/29947751.jpg
29948642,Dig Beak,Beast,EARTH,2.0,500.0,800.0,https://images.ygoprodeck.com/images/cards_cropped/29948642.jpg
29951323,Zap Mustung,Thunder,LIGHT,4.0,1600.0,1500.0,https://images.ygoprodeck.com/images/cards_cropped/29951323.jpg
29975188,Cyber Dragon Vier,Machine,LIGHT,4.0,1100.0,1600.0,https://images.ygoprodeck.com/images/cards_cropped/29975188.jpg
29981935,Bujin Torifune,Beast-Warrior,LIGHT,4.0,1500.0,500.0,https://images.ygoprodeck.com/images/cards_cropped/29981935.jpg
29996433,Dinowrestler Capoeiraptor,Dinosaur,EARTH,4.0,1800.0,0.0,https://images.ygoprodeck.com/images/cards_cropped/29996433.jpg
30012506,A-Assault Core,Machine,LIGHT,4.0,1900.0,200.0,https://images.ygoprodeck.com/images/cards_cropped/30012506.jpg
30013902,Sunseed Shadow,Plant,EARTH,1.0,0.0,400.0,https://images.ygoprodeck.com/images/cards_cropped/30013902.jpg
30037118,Devouring Sarcoughagus,Zombie,DARK,4.0,0.0,0.0,https://images.ygoprodeck.com/images/cards_cropped/30037118.jpg
30042158,Cyber Ouroboros,Machine,DARK,2.0,100.0,600.0,https://images.ygoprodeck.com/images/cards_cropped/30042158.jpg
30068120,Edge Imp Sabres,Fiend,DARK,3.0,1200.0,800.0,https://images.ygoprodeck.com/images/cards_cropped/30068120.jpg
30069398,Wall of Ivy,Plant,EARTH,2.0,300.0,1200.0,https://images.ygoprodeck.com/images/cards_cropped/30069398.jpg
30079770,Red-Eyes Black Flare Dragon,Dragon,DARK,7.0,2400.0,2000.0,https://images.ygoprodeck.com/images/cards_cropped/30079770.jpg
30090452,Zanki,Warrior,EARTH,5.0,1500.0,1700.0,https://images.ygoprodeck.com/images/cards_cropped/30090452.jpg
30106950,"Suanni, Fire of the Yang Zing",Wyrm,FIRE,4.0,1900.0,0.0,https://images.ygoprodeck.com/images/cards_cropped/30106950.jpg
30113682,Judge Man,Warrior,EARTH,6.0,2200.0,1500.0,https://images.ygoprodeck.com/images/cards_cropped/30113682.jpg
30114823,Code Generator,Cyberse,EARTH,3.0,1300.0,500.0,https://images.ygoprodeck.com/images/cards_cropped/30114823.jpg
30118701,Todoroki the Earthbolt Star,Warrior,EARTH,6.0,2100.0,0.0,https://images.ygoprodeck.com/images/cards_cropped/30118701.jpg
30118811,Backup @Ignister,Cyberse,DARK,3.0,1200.0,800.0,https://images.ygoprodeck.com/images/cards_cropped/30118811.jpg
30126992,Lightray Diabolos,Dragon,LIGHT,7.0,2800.0,1000.0,https://images.ygoprodeck.com/images/cards_cropped/30126992.jpg
30190809,Gear Golem the Moving Fortress,Machine,EARTH,4.0,800.0,2200.0,https://images.ygoprodeck.com/images/cards_cropped/30190809.jpg
30208479,Magician of Black Chaos,Spellcaster,DARK,8.0,2800.0,2600.0,https://images.ygoprodeck.com/images/cards_cropped/30208479.jpg
30213599,Gravekeeper's Descendant,Spellcaster,DARK,4.0,1500.0,1200.0,https://images.ygoprodeck.com/images/cards_cropped/30213599.jpg
30221870,Meklord Emperor Wisel - Synchro Absorption,Machine,DARK,1.0,2500.0,2500.0,https://images.ygoprodeck.com/images/cards_cropped/30221870.jpg
30227494,Psychic Tracker,Psychic,EARTH,3.0,1600.0,600.0,https://images.ygoprodeck.com/images/cards_cropped/30227494.jpg
30230789,"Karakuri Merchant mdl 177 ""Inashichi""",Machine,EARTH,2.0,500.0,1500.0,https://images.ygoprodeck.com/images/cards_cropped/30230789.jpg
30243636,Hungry Burger,Warrior,DARK,6.0,2000.0,1850.0,https://images.ygoprodeck.com/images/cards_cropped/30243636.jpg
30270176,Crimson Nova the Dark Cubic Lord,Fiend,DARK,10.0,3000.0,0.0,https://images.ygoprodeck.com/images/cards_cropped/30270176.jpg
30276969,Reese the Ice Mistress,Sea Serpent,WATER,2.0,800.0,800.0,https://images.ygoprodeck.com/images/cards_cropped/30276969.jpg
30291086,Mental Tuner,Psychic,LIGHT,3.0,200.0,2100.0,https://images.ygoprodeck.com/images/cards_cropped/30291086.jpg
30299166,Worm Tentacles,Reptile,LIGHT,4.0,1700.0,700.0,https://images.ygoprodeck.com/images/cards_cropped/30299166.jpg
30303854,Laval Archer,Pyro,FIRE,4.0,1000.0,200.0,https://images.ygoprodeck.com/images/cards_cropped/30303854.jpg
30312361,Phantom of Chaos,Fiend,DARK,4.0,0.0,0.0,https://images.ygoprodeck.com/images/cards_cropped/30312361.jpg
30314994,Element Dragon,Dragon,LIGHT,4.0,1500.0,1200.0,https://images.ygoprodeck.com/images/cards_cropped/30314994.jpg
30325729,Dokuroyaiba,Fiend,FIRE,3.0,1000.0,400.0,https://images.ygoprodeck.com/images/cards_cropped/30325729.jpg
30327674,Chaos Witch,Spellcaster,DARK,4.0,1500.0,1500.0,https://images.ygoprodeck.com/images/cards_cropped/30327674.jpg
30328508,Shaddoll Squamata,Spellcaster,DARK,4.0,1800.0,1000.0,https://images.ygoprodeck.com/images/cards_cropped/30328508.jpg
30334522,Gishki Psychelone,Fiend,WATER,4.0,2150.0,1650.0,https://images.ygoprodeck.com/images/cards_cropped/30334522.jpg
30348744,T.G. Drill Fish,Fish,WATER,1.0,100.0,800.0,https://images.ygoprodeck.com/images/cards_cropped/30348744.jpg
30373970,Miasma Dragon Tistina,Aqua,DARK,10.0,2000.0,0.0,https://images.ygoprodeck.com/images/cards_cropped/30373970.jpg
30382214,Flower Cardian Cherry Blossom,Warrior,DARK,3.0,100.0,100.0,https://images.ygoprodeck.com/images/cards_cropped/30382214.jpg
30394645,Dogmatika Lawbringer,Spellcaster,LIGHT,8.0,2000.0,2000.0,https://images.ygoprodeck.com/images/cards_cropped/30394645.jpg
30397786,"Blue-Eyes White Dragon, the White Phantom Beast",Dragon,LIGHT,8.0,3000.0,2500.0,https://images.ygoprodeck.com/images/cards_cropped/30397786.jpg
30399511,Genex Power Planner,Spellcaster,LIGHT,1.0,300.0,200.0,https://images.ygoprodeck.com/images/cards_cropped/30399511.jpg
30411385,Valkyrie Zweite,Fairy,LIGHT,5.0,1600.0,1600.0,https://images.ygoprodeck.com/images/cards_cropped/30411385.jpg
30432463,Dimonno Vaalmonica,Fiend,LIGHT,4.0,1200.0,2100.0,https://images.ygoprodeck.com/images/cards_cropped/30432463.jpg
30451366,Mystical Sheep #1,Beast,EARTH,3.0,1150.0,900.0,https://images.ygoprodeck.com/images/cards_cropped/30451366.jpg
30464153,Uminotaurus,Aqua,WATER,4.0,1700.0,1000.0,https://images.ygoprodeck.com/images/cards_cropped/30464153.jpg
30492798,Djinn Disserere of Rituals,Fiend,DARK,1.0,200.0,200.0,https://images.ygoprodeck.com/images/cards_cropped/30492798.jpg
30494314,Red-Headed Oni,Zombie,DARK,4.0,1700.0,1000.0,https://images.ygoprodeck.com/images/cards_cropped/30494314.jpg
30525991,Witch Doctor of Sparta,Spellcaster,EARTH,4.0,400.0,2000.0,https://images.ygoprodeck.com/images/cards_cropped/30525991.jpg
30532390,Sky Scout,Winged Beast,WIND,4.0,1800.0,600.0,https://images.ygoprodeck.com/images/cards_cropped/30532390.jpg
30537973,Predaplant Spider Orchid,Plant,DARK,1.0,0.0,0.0,https://images.ygoprodeck.com/images/cards_cropped/30537973.jpg
30539496,"True King Lithosagym, the Disaster",Wyrm,EARTH,9.0,2500.0,2300.0,https://images.ygoprodeck.com/images/cards_cropped/30539496.jpg
30575681,Noble Knight Bedwyr,Warrior,LIGHT,4.0,1600.0,1500.0,https://images.ygoprodeck.com/images/cards_cropped/30575681.jpg
30576089,Blue-Eyes Jet Dragon,Dragon,LIGHT,8.0,3000.0,0.0,https://images.ygoprodeck.com/images/cards_cropped/30576089.jpg
30583090,Evil HERO Dead-End Prison,Rock,LIGHT,4.0,1700.0,1100.0,https://images.ygoprodeck.com/images/cards_cropped/30583090.jpg
30587695,Beetron,Insect,DARK,4.0,1600.0,900.0,https://images.ygoprodeck.com/images/cards_cropped/30587695.jpg
30603688,Apprentice Illusion Magician,Spellcaster,DARK,6.0,2000.0,1700.0,https://images.ygoprodeck.com/images/cards_cropped/30603688.jpg
30608985,Magical Undertaker,Spellcaster,DARK,2.0,400.0,400.0,https://images.ygoprodeck.com/images/cards_cropped/30608985.jpg
30646525,"Garlandolf, King of Destruction",Fiend,DARK,7.0,2500.0,1400.0,https://images.ygoprodeck.com/images/cards_cropped/30646525.jpg
30655537,Cyber Falcon,Machine,WIND,4.0,1400.0,1200.0,https://images.ygoprodeck.com/images/cards_cropped/30655537.jpg
30676200,Hero of the Ashened City,Pyro,DARK,7.0,2600.0,2100.0,https://images.ygoprodeck.com/images/cards_cropped/30676200.jpg
30680659,Water Enchantress of the Temple,Spellcaster,WATER,3.0,1500.0,1200.0,https://images.ygoprodeck.com/images/cards_cropped/30680659.jpg
30707994,Maximum Six,Warrior,EARTH,6.0,1900.0,1600.0,https://images.ygoprodeck.com/images/cards_cropped/30707994.jpg
30765615,"Ringowurm, the Dragon Guarding the Hundred Apples",Dragon,LIGHT,2.0,100.0,1100.0,https://images.ygoprodeck.com/images/cards_cropped/30765615.jpg
30778711,Shadow Ghoul,Zombie,DARK,5.0,1600.0,1300.0,https://images.ygoprodeck.com/images/cards_cropped/30778711.jpg
30794966,Hieratic Dragon of Asar,Dragon,LIGHT,7.0,2600.0,700.0,https://images.ygoprodeck.com/images/cards_cropped/30794966.jpg
30811116,Mecha Phantom Beast Stealthray,Machine,WIND,3.0,100.0,2100.0,https://images.ygoprodeck.com/images/cards_cropped/30811116.jpg
30829071,Amazement Ambassador Bufo,Beast,EARTH,3.0,1600.0,900.0,https://images.ygoprodeck.com/images/cards_cropped/30829071.jpg
30860696,Rocket Warrior,Warrior,LIGHT,4.0,1500.0,1300.0,https://images.ygoprodeck.com/images/cards_cropped/30860696.jpg
30875635,Miracle Ejector,Spellcaster,EARTH,3.0,400.0,400.0,https://images.ygoprodeck.com/images/cards_cropped/30875635.jpg
30907810,Magical Musket Mastermind Zakiel,Fiend,LIGHT,8.0,2500.0,2500.0,https://images.ygoprodeck.com/images/cards_cropped/30907810.jpg
30914564,Sacred Crane,Winged Beast,LIGHT,4.0,1600.0,400.0,https://images.ygoprodeck.com/images/cards_cropped/30914564.jpg
30915572,Gallis the Star Beast,Beast,EARTH,3.0,800.0,800.0,https://images.ygoprodeck.com/images/cards_cropped/30915572.jpg
30929786,Brotherhood of the Fire Fist - Rooster,Beast-Warrior,FIRE,3.0,1500.0,100.0,https://images.ygoprodeck.com/images/cards_cropped/30929786.jpg
30936186,Koa'ki Meiru Urnight,Beast-Warrior,EARTH,4.0,2000.0,1500.0,https://images.ygoprodeck.com/images/cards_cropped/30936186.jpg
30968774,Swap Cleric,Cyberse,EARTH,2.0,500.0,1000.0,https://images.ygoprodeck.com/images/cards_cropped/30968774.jpg
31034919,Mad Reloader,Fiend,DARK,1.0,0.0,0.0,https://images.ygoprodeck.com/images/cards_cropped/31034919.jpg
31038159,Genesis Dragon,Dragon,LIGHT,6.0,2200.0,1800.0,https://images.ygoprodeck.com/images/cards_cropped/31038159.jpg
31042659,Supreme Sovereign Serpent of Golgonda,Reptile,FIRE,8.0,-1.0,0.0,https://images.ygoprodeck.com/images/cards_cropped/31042659.jpg
31053337,Blackwing - Abrolhos the Megaquake,Winged Beast,DARK,7.0,2600.0,1800.0,https://images.ygoprodeck.com/images/cards_cropped/31053337.jpg
31059809,Silent Sea Nettle,Aqua,WATER,4.0,800.0,1300.0,https://images.ygoprodeck.com/images/cards_cropped/31059809.jpg
31061682,Kozmo Farmgirl,Psychic,LIGHT,3.0,1500.0,1000.0,https://images.ygoprodeck.com/images/cards_cropped/31061682.jpg
31102447,Amazoness Spy,Warrior,EARTH,3.0,800.0,1200.0,https://images.ygoprodeck.com/images/cards_cropped/31102447.jpg
31118030,Prediction Princess Arrowsylph,Fairy,WIND,4.0,1000.0,1400.0,https://images.ygoprodeck.com/images/cards_cropped/31118030.jpg
31122090,Gyakutenno Megami,Fairy,LIGHT,6.0,1800.0,2000.0,https://images.ygoprodeck.com/images/cards_cropped/31122090.jpg
31149212,Kashtira Riseheart,Warrior,FIRE,4.0,1500.0,2100.0,https://images.ygoprodeck.com/images/cards_cropped/31149212.jpg
31173519,Rai Rider,Thunder,LIGHT,3.0,1200.0,1400.0,https://images.ygoprodeck.com/images/cards_cropped/31173519.jpg
31175914,Attack Gainer,Warrior,EARTH,1.0,0.0,0.0,https://images.ygoprodeck.com/images/cards_cropped/31175914.jpg
31178212,Majespecter Unicorn - Kirin,Spellcaster,WIND,6.0,2000.0,2000.0,https://images.ygoprodeck.com/images/cards_cropped/31178212.jpg
31181711,Superheavy Samurai Soulshield Wall,Machine,EARTH,3.0,1200.0,1200.0,https://images.ygoprodeck.com/images/cards_cropped/31181711.jpg
31230289,Doodle Beast - Stego,Dinosaur,EARTH,5.0,1200.0,1800.0,https://images.ygoprodeck.com/images/cards_cropped/31230289.jpg
31241087,Transcendosaurus Meteorus,Dinosaur,FIRE,12.0,3500.0,700.0,https://images.ygoprodeck.com/images/cards_cropped/31241087.jpg
31242786,Souleater,Fish,EARTH,4.0,1200.0,0.0,https://images.ygoprodeck.com/images/cards_cropped/31242786.jpg
31247589,Gladiator Beast Dimacari,Beast,EARTH,4.0,1600.0,1200.0,https://images.ygoprodeck.com/images/cards_cropped/31247589.jpg
31259606,Supreme Sea Mare,Aqua,WATER,4.0,1500.0,1600.0,https://images.ygoprodeck.com/images/cards_cropped/31259606.jpg
31281980,Healing Wave Generator,Machine,LIGHT,4.0,800.0,1600.0,https://images.ygoprodeck.com/images/cards_cropped/31281980.jpg
31292357,Performage Hat Tricker,Spellcaster,EARTH,4.0,1100.0,1100.0,https://images.ygoprodeck.com/images/cards_cropped/31292357.jpg
31303283,Hazy Flame Hyppogrif,Pyro,FIRE,6.0,2100.0,200.0,https://images.ygoprodeck.com/images/cards_cropped/31303283.jpg
31305911,Marshmallon,Fairy,LIGHT,3.0,300.0,500.0,https://images.ygoprodeck.com/images/cards_cropped/31305911.jpg
31314549,Raidraptor - Singing Lanius,Winged Beast,DARK,4.0,100.0,100.0,https://images.ygoprodeck.com/images/cards_cropped/31314549.jpg
31353051,Exploderokket Dragon,Dragon,DARK,7.0,2000.0,2000.0,https://images.ygoprodeck.com/images/cards_cropped/31353051.jpg
31374201,"Whitebeard, the Plunder Patroll Helm",Fiend,WATER,4.0,1500.0,1000.0,https://images.ygoprodeck.com/images/cards_cropped/31374201.jpg
31383545,XX-Saber Darksoul,Beast,EARTH,3.0,100.0,100.0,https://images.ygoprodeck.com/images/cards_cropped/31383545.jpg
31425736,Cupsy☆Yummy,Beast,LIGHT,1.0,0.0,1600.0,https://images.ygoprodeck.com/images/cards_cropped/31425736.jpg
31440046,Prank-Kids Rocksies,Rock,EARTH,4.0,1500.0,1500.0,https://images.ygoprodeck.com/images/cards_cropped/31440046.jpg
31440542,Rafflesia Seduction,Plant,EARTH,2.0,300.0,900.0,https://images.ygoprodeck.com/images/cards_cropped/31440542.jpg
31447217,Wingweaver,Fairy,LIGHT,7.0,2750.0,2400.0,https://images.ygoprodeck.com/images/cards_cropped/31447217.jpg
31456110,Evilswarm Golem,Rock,DARK,5.0,2150.0,1250.0,https://images.ygoprodeck.com/images/cards_cropped/31456110.jpg
31464658,Three-Eyed Ghost,Fiend,DARK,3.0,900.0,800.0,https://images.ygoprodeck.com/images/cards_cropped/31464658.jpg
31467949,"Recon, Scout Fur Hire",Beast,WIND,2.0,1000.0,500.0,https://images.ygoprodeck.com/images/cards_cropped/31467949.jpg
31477025,Mr. Volcano,Pyro,FIRE,5.0,2100.0,1300.0,https://images.ygoprodeck.com/images/cards_cropped/31477025.jpg
31480215,Mecha Phantom Beast Warbluran,Machine,WIND,1.0,300.0,300.0,https://images.ygoprodeck.com/images/cards_cropped/31480215.jpg
31516413,Hieratic Dragon of Nebthet,Dragon,LIGHT,5.0,2000.0,1600.0,https://images.ygoprodeck.com/images/cards_cropped/31516413.jpg
31525442,Zolga the Prophet,Fairy,EARTH,4.0,1700.0,1200.0,https://images.ygoprodeck.com/images/cards_cropped/31525442.jpg
31531914,Unchained Ogre Shma,Fiend,WATER,4.0,1500.0,2000.0,https://images.ygoprodeck.com/images/cards_cropped/31531914.jpg
31533704,Mecha Phantom Beast Megaraptor,Machine,WIND,4.0,1900.0,1000.0,https://images.ygoprodeck.com/images/cards_cropped/31533704.jpg
31553716,Spear Dragon,Dragon,WIND,4.0,1900.0,0.0,https://images.ygoprodeck.com/images/cards_cropped/31553716.jpg
31557782,Ancient Gear,Machine,EARTH,2.0,100.0,800.0,https://images.ygoprodeck.com/images/cards_cropped/31557782.jpg
31560081,Magician of Faith,Spellcaster,LIGHT,1.0,300.0,400.0,https://images.ygoprodeck.com/images/cards_cropped/31560081.jpg
31571902,Malevolent Mech - Goku En,Zombie,LIGHT,6.0,2400.0,1400.0,https://images.ygoprodeck.com/images/cards_cropped/31571902.jpg
31588572,Unchained Twins - Sarama,Fiend,DARK,3.0,1500.0,1500.0,https://images.ygoprodeck.com/images/cards_cropped/31588572.jpg
31596518,Eidos the Underworld Monarch,Spellcaster,DARK,6.0,2400.0,1000.0,https://images.ygoprodeck.com/images/cards_cropped/31596518.jpg
31600513,Praying Mantis,Insect,WIND,4.0,1500.0,1200.0,https://images.ygoprodeck.com/images/cards_cropped/31600513.jpg
31600845,Amazement Abomination Arlekino,Psychic,LIGHT,7.0,2600.0,2200.0,https://images.ygoprodeck.com/images/cards_cropped/31600845.jpg
31615285,Cactus Bouncer,Plant,EARTH,4.0,1800.0,300.0,https://images.ygoprodeck.com/images/cards_cropped/31615285.jpg
31629407,Magical Musketeer Starfire,Fiend,LIGHT,4.0,1300.0,1700.0,https://images.ygoprodeck.com/images/cards_cropped/31629407.jpg
31683874,Fortune Fairy Ann,Spellcaster,DARK,5.0,0.0,0.0,https://images.ygoprodeck.com/images/cards_cropped/31683874.jpg
31692182,Koa'ki Meiru Hydro Barrier,Aqua,WATER,3.0,1000.0,1900.0,https://images.ygoprodeck.com/images/cards_cropped/31692182.jpg
31699677,Magikuriboh,Fiend,DARK,1.0,300.0,200.0,https://images.ygoprodeck.com/images/cards_cropped/31699677.jpg
31709826,Revival Jam,Aqua,WATER,4.0,1500.0,500.0,https://images.ygoprodeck.com/images/cards_cropped/31709826.jpg
31733941,Red-Eyes Toon Dragon,Dragon,DARK,7.0,2400.0,2000.0,https://images.ygoprodeck.com/images/cards_cropped/31733941.jpg
31755044,Zoodiac Whiptail,Beast-Warrior,EARTH,4.0,1200.0,400.0,https://images.ygoprodeck.com/images/cards_cropped/31755044.jpg
31759689,Tindangle Hound,Fiend,DARK,7.0,2500.0,0.0,https://images.ygoprodeck.com/images/cards_cropped/31759689.jpg
31764353,Familiar-Possessed - Wynn,Spellcaster,WIND,4.0,1850.0,1500.0,https://images.ygoprodeck.com/images/cards_cropped/31764353.jpg
31764700,Yubel - The Ultimate Nightmare,Fiend,DARK,12.0,0.0,0.0,https://images.ygoprodeck.com/images/cards_cropped/31764700.jpg
31766317,Archfiend Empress,Fiend,DARK,8.0,2900.0,2100.0,https://images.ygoprodeck.com/images/cards_cropped/31766317.jpg
31768112,Oilman,Machine,EARTH,2.0,400.0,400.0,https://images.ygoprodeck.com/images/cards_cropped/31768112.jpg
31772684,Vendread Revenants,Zombie,DARK,4.0,1800.0,200.0,https://images.ygoprodeck.com/images/cards_cropped/31772684.jpg
31786629,Thunder Dragon,Thunder,LIGHT,5.0,1600.0,1500.0,https://images.ygoprodeck.com/images/cards_cropped/31786629.jpg
31812496,Stone Statue of the Aztecs,Rock,EARTH,4.0,300.0,2000.0,https://images.ygoprodeck.com/images/cards_cropped/31812496.jpg
31826057,Symphonic Warrior Piaano,Machine,WIND,3.0,900.0,1300.0,https://images.ygoprodeck.com/images/cards_cropped/31826057.jpg
31829185,Dark Necrofear,Fiend,DARK,8.0,2200.0,2800.0,https://images.ygoprodeck.com/images/cards_cropped/31829185.jpg
31887806,Tobari the Sky Ninja,Winged Beast,EARTH,1.0,0.0,0.0,https://images.ygoprodeck.com/images/cards_cropped/31887806.jpg
31887905,Familiar-Possessed - Aussa,Spellcaster,EARTH,4.0,1850.0,1500.0,https://images.ygoprodeck.com/images/cards_cropped/31887905.jpg
31890399,Fiend's Mirror,Fiend,DARK,6.0,2100.0,1800.0,https://images.ygoprodeck.com/images/cards_cropped/31890399.jpg
31904181,The Six Samurai - Nisashi,Warrior,WIND,4.0,1400.0,700.0,https://images.ygoprodeck.com/images/cards_cropped/31904181.jpg
31930787,Meklord Emperor Skiel,Machine,WIND,1.0,2200.0,2200.0,https://images.ygoprodeck.com/images/cards_cropped/31930787.jpg
31944175,Threshold Borg,Cyberse,EARTH,7.0,2400.0,2000.0,https://images.ygoprodeck.com/images/cards_cropped/31944175.jpg
31975743,Ape Magician,Beast,DARK,3.0,800.0,1200.0,https://images.ygoprodeck.com/images/cards_cropped/31975743.jpg
31986288,Regenerating Rose,Plant,DARK,7.0,0.0,1500.0,https://images.ygoprodeck.com/images/cards_cropped/31986288.jpg
31987203,Harvest Angel of Doom,Fairy,DARK,4.0,1800.0,1000.0,https://images.ygoprodeck.com/images/cards_cropped/31987203.jpg
31987274,Flying Fish,Fish,WIND,4.0,800.0,500.0,https://images.ygoprodeck.com/images/cards_cropped/31987274.jpg
31991800,Majespecter Raccoon - Bunbuku,Spellcaster,WIND,3.0,1200.0,900.0,https://images.ygoprodeck.com/images/cards_cropped/31991800.jpg
32012841,Millennium Shield,Warrior,EARTH,5.0,0.0,3000.0,https://images.ygoprodeck.com/images/cards_cropped/32012841.jpg
32013448,Evening Twilight Knight,Warrior,DARK,4.0,500.0,2000.0,https://images.ygoprodeck.com/images/cards_cropped/32013448.jpg
32061192,Maliss <P> Dormouse,Cyberse,DARK,3.0,900.0,300.0,https://images.ygoprodeck.com/images/cards_cropped/32061192.jpg
32126000,Learning Elf,Spellcaster,LIGHT,3.0,1400.0,1500.0,https://images.ygoprodeck.com/images/cards_cropped/32126000.jpg
32134638,Dinomist Ankylos,Machine,WATER,4.0,1500.0,2000.0,https://images.ygoprodeck.com/images/cards_cropped/32134638.jpg
32146097,D/D Pandora,Fiend,DARK,5.0,1700.0,2100.0,https://images.ygoprodeck.com/images/cards_cropped/32146097.jpg
32164201,ZW - Pegasus Twin Saber,Beast,LIGHT,5.0,1000.0,2100.0,https://images.ygoprodeck.com/images/cards_cropped/32164201.jpg
32176662,Flip Frozen,Cyberse,WATER,1.0,500.0,500.0,https://images.ygoprodeck.com/images/cards_cropped/32176662.jpg
32181268,Amano-Iwato,Rock,EARTH,4.0,1900.0,1200.0,https://images.ygoprodeck.com/images/cards_cropped/32181268.jpg
32202803,Bujingi Wolf,Beast,LIGHT,4.0,1100.0,2000.0,https://images.ygoprodeck.com/images/cards_cropped/32202803.jpg
32231618,Prediction Princess Coinorma,Fairy,EARTH,3.0,800.0,1400.0,https://images.ygoprodeck.com/images/cards_cropped/32231618.jpg
32240937,Ultimate Obedient Fiend,Fiend,FIRE,10.0,3500.0,3000.0,https://images.ygoprodeck.com/images/cards_cropped/32240937.jpg
32269855,The All-Seeing White Tiger,Beast,WIND,3.0,1300.0,500.0,https://images.ygoprodeck.com/images/cards_cropped/32269855.jpg
32271987,Featherizer,Spellcaster,WIND,2.0,700.0,1100.0,https://images.ygoprodeck.com/images/cards_cropped/32271987.jpg
32274490,Skull Servant,Zombie,DARK,1.0,300.0,200.0,https://images.ygoprodeck.com/images/cards_cropped/32274490.jpg
32281491,ZS - Ouroboros Sage,Warrior,DARK,3.0,600.0,0.0,https://images.ygoprodeck.com/images/cards_cropped/32281491.jpg
32295838,Digitron,Cyberse,EARTH,2.0,1500.0,0.0,https://images.ygoprodeck.com/images/cards_cropped/32295838.jpg
32296881,Bountiful Artemis,Fairy,LIGHT,4.0,1600.0,1700.0,https://images.ygoprodeck.com/images/cards_cropped/32296881.jpg
32305461,Fortune Fairy En,Spellcaster,FIRE,2.0,0.0,0.0,https://images.ygoprodeck.com/images/cards_cropped/32305461.jpg
32314730,Koa'ki Meiru Crusader,Beast-Warrior,EARTH,4.0,1900.0,1300.0,https://images.ygoprodeck.com/images/cards_cropped/32314730.jpg
32339440,Bujin Yamato,Beast-Warrior,LIGHT,4.0,1800.0,200.0,https://images.ygoprodeck.com/images/cards_cropped/32339440.jpg
32344688,Dark Chimera,Fiend,DARK,5.0,1610.0,1460.0,https://images.ygoprodeck.com/images/cards_cropped/32344688.jpg
32349062,D/D Dog,Fiend,DARK,6.0,2000.0,2000.0,https://images.ygoprodeck.com/images/cards_cropped/32349062.jpg
32362575,Magical Merchant,Insect,LIGHT,1.0,200.0,700.0,https://images.ygoprodeck.com/images/cards_cropped/32362575.jpg
32391566,Extra Veiler,Spellcaster,LIGHT,2.0,600.0,200.0,https://images.ygoprodeck.com/images/cards_cropped/32391566.jpg
32393580,Cyber Shark,Fish,WATER,5.0,2100.0,2000.0,https://images.ygoprodeck.com/images/cards_cropped/32393580.jpg
32422602,Ancient Warriors - Ingenious Zhuge Kong,Beast-Warrior,WIND,4.0,1000.0,2000.0,https://images.ygoprodeck.com/images/cards_cropped/32422602.jpg
32452818,Beaver Warrior,Beast-Warrior,EARTH,4.0,1200.0,1500.0,https://images.ygoprodeck.com/images/cards_cropped/32452818.jpg
32465539,Digital Bug Cocoondenser,Insect,LIGHT,3.0,0.0,2000.0,https://images.ygoprodeck.com/images/cards_cropped/32465539.jpg
32472237,Metalrokket Dragon,Dragon,DARK,4.0,1700.0,1400.0,https://images.ygoprodeck.com/images/cards_cropped/32472237.jpg
32476434,Shogi Lance,Beast-Warrior,EARTH,3.0,500.0,500.0,https://images.ygoprodeck.com/images/cards_cropped/32476434.jpg
32476603,Silverrokket Dragon,Dragon,DARK,4.0,1900.0,100.0,https://images.ygoprodeck.com/images/cards_cropped/32476603.jpg
32484853,Singularity Fiend,Fiend,DARK,1.0,0.0,0.0,https://images.ygoprodeck.com/images/cards_cropped/32484853.jpg
32485518,Immortal Ruler,Zombie,EARTH,4.0,1800.0,200.0,https://images.ygoprodeck.com/images/cards_cropped/32485518.jpg
32491822,"Hamon, Lord of Striking Thunder",Thunder,LIGHT,10.0,4000.0,4000.0,https://images.ygoprodeck.com/images/cards_cropped/32491822.jpg
32539892,Minar,Insect,EARTH,3.0,850.0,750.0,https://images.ygoprodeck.com/images/cards_cropped/32539892.jpg
32541773,The Portrait's Secret,Fiend,EARTH,4.0,1200.0,1500.0,https://images.ygoprodeck.com/images/cards_cropped/32541773.jpg
32543380,Volcanic Doomfire,Pyro,FIRE,8.0,3000.0,1800.0,https://images.ygoprodeck.com/images/cards_cropped/32543380.jpg
32548609,Wattmole,Thunder,LIGHT,3.0,0.0,100.0,https://images.ygoprodeck.com/images/cards_cropped/32548609.jpg
32569498,Korogashi,Insect,EARTH,2.0,550.0,400.0,https://images.ygoprodeck.com/images/cards_cropped/32569498.jpg
32588805,The Despair Uranus,Rock,LIGHT,8.0,2900.0,2300.0,https://images.ygoprodeck.com/images/cards_cropped/32588805.jpg
32600024,Chamber Dragonmaid,Dragon,DARK,4.0,500.0,1800.0,https://images.ygoprodeck.com/images/cards_cropped/32600024.jpg
32619583,"Sillva, Warlord of Dark World",Fiend,DARK,5.0,2300.0,1400.0,https://images.ygoprodeck.com/images/cards_cropped/32619583.jpg
32623004,Nopenguin,Aqua,WATER,3.0,1600.0,100.0,https://images.ygoprodeck.com/images/cards_cropped/32623004.jpg
32626733,Spiral Serpent,Sea Serpent,WATER,8.0,2900.0,2900.0,https://images.ygoprodeck.com/images/cards_cropped/32626733.jpg
32679370,Hero Kid,Warrior,EARTH,2.0,300.0,600.0,https://images.ygoprodeck.com/images/cards_cropped/32679370.jpg
32687071,Amorphage Sloth,Dragon,EARTH,6.0,2250.0,0.0,https://images.ygoprodeck.com/images/cards_cropped/32687071.jpg
32696942,Big Belly Knight,Warrior,EARTH,4.0,1000.0,1600.0,https://images.ygoprodeck.com/images/cards_cropped/32696942.jpg
32710364,Crystal Beast Ruby Carbuncle,Fairy,LIGHT,3.0,300.0,300.0,https://images.ygoprodeck.com/images/cards_cropped/32710364.jpg
32731036,The Bystial Lubellion,Dragon,LIGHT,8.0,2500.0,3000.0,https://images.ygoprodeck.com/images/cards_cropped/32731036.jpg
32744558,R-Genex Overseer,Spellcaster,DARK,2.0,200.0,100.0,https://images.ygoprodeck.com/images/cards_cropped/32744558.jpg
32750341,Battlin' Boxer Sparrer,Warrior,FIRE,4.0,1200.0,1400.0,https://images.ygoprodeck.com/images/cards_cropped/32750341.jpg
32750510,Ice Master,Spellcaster,WATER,8.0,2500.0,2000.0,https://images.ygoprodeck.com/images/cards_cropped/32750510.jpg
32759190,Hecahands Yadel,Illusion,LIGHT,6.0,2100.0,1600.0,https://images.ygoprodeck.com/images/cards_cropped/32759190.jpg
32761286,Scrap Worm,Insect,EARTH,2.0,500.0,100.0,https://images.ygoprodeck.com/images/cards_cropped/32761286.jpg
32762201,Ancient Gear Statue,Machine,EARTH,2.0,500.0,800.0,https://images.ygoprodeck.com/images/cards_cropped/32762201.jpg
32787239,Performapal Trumpanda,Beast,EARTH,3.0,800.0,800.0,https://images.ygoprodeck.com/images/cards_cropped/32787239.jpg
32809211,Jinzo #7,Machine,DARK,2.0,500.0,400.0,https://images.ygoprodeck.com/images/cards_cropped/32809211.jpg
32825095,White Moray,Fish,WATER,2.0,600.0,200.0,https://images.ygoprodeck.com/images/cards_cropped/32825095.jpg
32841045,Magical Musketeer Caspar,Fiend,LIGHT,3.0,1200.0,2000.0,https://images.ygoprodeck.com/images/cards_cropped/32841045.jpg
32872239,Gallugallud the Endless Enigma,Fiend,FIRE,6.0,2000.0,2000.0,https://images.ygoprodeck.com/images/cards_cropped/32872239.jpg
32872833,"Parsec, the Interstellar Dragon",Dragon,LIGHT,8.0,800.0,800.0,https://images.ygoprodeck.com/images/cards_cropped/32872833.jpg
32907538,Grapple Blocker,Psychic,EARTH,4.0,1200.0,2000.0,https://images.ygoprodeck.com/images/cards_cropped/32907538.jpg
32909498,Kashtira Fenrir,Psychic,EARTH,7.0,2400.0,2400.0,https://images.ygoprodeck.com/images/cards_cropped/32909498.jpg
32912040,Triamid Master,Rock,EARTH,4.0,1800.0,700.0,https://images.ygoprodeck.com/images/cards_cropped/32912040.jpg
32918479,Majestic Mech - Senku,Fairy,LIGHT,4.0,1000.0,500.0,https://images.ygoprodeck.com/images/cards_cropped/32918479.jpg
32933942,Crystal Beast Amethyst Cat,Beast,EARTH,3.0,1200.0,400.0,https://images.ygoprodeck.com/images/cards_cropped/32933942.jpg
32965616,Elemental Grace Doriado,Spellcaster,LIGHT,9.0,0.0,0.0,https://images.ygoprodeck.com/images/cards_cropped/32965616.jpg
32975247,Divine Dragon Titanomakhia,Dragon,LIGHT,10.0,3000.0,2000.0,https://images.ygoprodeck.com/images/cards_cropped/32975247.jpg
32991027,"Georgius, Swordman of the Ice Barrier",Winged Beast,WATER,6.0,2000.0,1200.0,https://images.ygoprodeck.com/images/cards_cropped/32991027.jpg
33008376,Materiactor Gigadra,Dragon,DARK,3.0,1000.0,1000.0,https://images.ygoprodeck.com/images/cards_cropped/33008376.jpg
33015627,"Sandaion, the Timelord",Fairy,LIGHT,10.0,4000.0,4000.0,https://images.ygoprodeck.com/images/cards_cropped/33015627.jpg
33022867,Emperor Maju Garzett,Fiend,DARK,9.0,0.0,0.0,https://images.ygoprodeck.com/images/cards_cropped/33022867.jpg
33034646,Flame Armor Ninja,Warrior,FIRE,4.0,1700.0,1000.0,https://images.ygoprodeck.com/images/cards_cropped/33034646.jpg
33064647,One-Eyed Shield Dragon,Dragon,WIND,3.0,700.0,1300.0,https://images.ygoprodeck.com/images/cards_cropped/33064647.jpg
33066139,Reaper of the Cards,Fiend,DARK,5.0,1380.0,1930.0,https://images.ygoprodeck.com/images/cards_cropped/33066139.jpg
33093439,Cyber Eltanin,Machine,LIGHT,10.0,-1.0,-1.0,https://images.ygoprodeck.com/images/cards_cropped/33093439.jpg
33103459,Performapal Corn,Beast-Warrior,LIGHT,3.0,600.0,1000.0,https://images.ygoprodeck.com/images/cards_cropped/33103459.jpg
33112041,Volcanic Rat,Pyro,FIRE,1.0,500.0,500.0,https://images.ygoprodeck.com/images/cards_cropped/33112041.jpg
33145233,Djinn Demolisher of Rituals,Fiend,DARK,3.0,1500.0,600.0,https://images.ygoprodeck.com/images/cards_cropped/33145233.jpg
33178416,Misairuzame,Fish,WATER,5.0,1400.0,1600.0,https://images.ygoprodeck.com/images/cards_cropped/33178416.jpg
33184167,Tribe-Infecting Virus,Aqua,WATER,4.0,1600.0,1000.0,https://images.ygoprodeck.com/images/cards_cropped/33184167.jpg
33212663,Archnemeses Eschatos,Dragon,LIGHT,11.0,3000.0,2500.0,https://images.ygoprodeck.com/images/cards_cropped/33212663.jpg
33225925,Milla the Temporal Magician,Spellcaster,LIGHT,4.0,1800.0,1000.0,https://images.ygoprodeck.com/images/cards_cropped/33225925.jpg
33245030,Sphere Kuriboh,Fiend,DARK,1.0,300.0,200.0,https://images.ygoprodeck.com/images/cards_cropped/33245030.jpg
33256280,Metalfoes Goldriver,Psychic,FIRE,4.0,1900.0,500.0,https://images.ygoprodeck.com/images/cards_cropped/33256280.jpg
33282498,Arkbrave Dragon,Dragon,LIGHT,7.0,2400.0,2000.0,https://images.ygoprodeck.com/images/cards_cropped/33282498.jpg
33296432,"Dogmatika Adin, the Enlightened",Spellcaster,LIGHT,4.0,1000.0,1800.0,https://images.ygoprodeck.com/images/cards_cropped/33296432.jpg
33300669,Amorphage Envy,Dragon,EARTH,4.0,0.0,2050.0,https://images.ygoprodeck.com/images/cards_cropped/33300669.jpg
33302589,Constellar Castor,Fairy,LIGHT,4.0,1700.0,600.0,https://images.ygoprodeck.com/images/cards_cropped/33302589.jpg
33314479,Flying Red Carp,Fish,WATER,4.0,500.0,500.0,https://images.ygoprodeck.com/images/cards_cropped/33314479.jpg
33318980,Soldier Gaia the Fierce Knight,Warrior,DARK,8.0,2600.0,2100.0,https://images.ygoprodeck.com/images/cards_cropped/33318980.jpg
33325951,Shinobaroness Shade Peacock,Winged Beast,WIND,4.0,1500.0,2000.0,https://images.ygoprodeck.com/images/cards_cropped/33325951.jpg
33331231,Surgical Striker - H.A.M.P.,Machine,DARK,8.0,2500.0,2500.0,https://images.ygoprodeck.com/images/cards_cropped/33331231.jpg
33334269,D/D Ghost,Fiend,DARK,2.0,600.0,300.0,https://images.ygoprodeck.com/images/cards_cropped/33334269.jpg
33347467,Ghost Ship,Fiend,LIGHT,5.0,1900.0,1000.0,https://images.ygoprodeck.com/images/cards_cropped/33347467.jpg
33365932,Volcanic Shell,Pyro,FIRE,1.0,100.0,0.0,https://images.ygoprodeck.com/images/cards_cropped/33365932.jpg
33393090,Yowie,Reptile,EARTH,3.0,500.0,500.0,https://images.ygoprodeck.com/images/cards_cropped/33393090.jpg
33396948,Exodia the Forbidden One,Spellcaster,DARK,3.0,1000.0,1000.0,https://images.ygoprodeck.com/images/cards_cropped/33396948.jpg
33413638,Cockroach Knight,Insect,EARTH,3.0,800.0,900.0,https://images.ygoprodeck.com/images/cards_cropped/33413638.jpg
33420078,Plaguespreader Zombie,Zombie,DARK,2.0,400.0,200.0,https://images.ygoprodeck.com/images/cards_cropped/33420078.jpg
33438265,R.B. Ga10 Cutter,Machine,EARTH,4.0,700.0,700.0,https://images.ygoprodeck.com/images/cards_cropped/33438265.jpg
33438666,Vampire Grimson,Zombie,DARK,5.0,2000.0,1400.0,https://images.ygoprodeck.com/images/cards_cropped/33438666.jpg
33455338,Maniacal Servant,Spellcaster,DARK,3.0,600.0,1000.0,https://images.ygoprodeck.com/images/cards_cropped/33455338.jpg
33460840,Guardian of Felgrand,Warrior,LIGHT,4.0,500.0,500.0,https://images.ygoprodeck.com/images/cards_cropped/33460840.jpg
33491462,Snowdrop the Rikka Fairy,Plant,WATER,8.0,1200.0,2600.0,https://images.ygoprodeck.com/images/cards_cropped/33491462.jpg
33506331,Clear Cube,Machine,DARK,1.0,0.0,0.0,https://images.ygoprodeck.com/images/cards_cropped/33506331.jpg
33508719,Morphing Jar,Rock,EARTH,2.0,700.0,600.0,https://images.ygoprodeck.com/images/cards_cropped/33508719.jpg
33537328,Earthbound Immortal Cusillu,Beast,DARK,10.0,2800.0,2400.0,https://images.ygoprodeck.com/images/cards_cropped/33537328.jpg
33543890,Drytron Beta Rastaban,Machine,LIGHT,1.0,2000.0,0.0,https://images.ygoprodeck.com/images/cards_cropped/33543890.jpg
33545259,Ancient Warriors - Ambitious Cao De,Beast-Warrior,FIRE,8.0,3000.0,2500.0,https://images.ygoprodeck.com/images/cards_cropped/33545259.jpg
33551032,Umbral Horror Unform,Fiend,DARK,4.0,0.0,0.0,https://images.ygoprodeck.com/images/cards_cropped/33551032.jpg
33621868,Giganto,Machine,DARK,5.0,1700.0,1800.0,https://images.ygoprodeck.com/images/cards_cropped/33621868.jpg
33655493,Belial - Marquis of Darkness,Fiend,DARK,8.0,2800.0,2400.0,https://images.ygoprodeck.com/images/cards_cropped/33655493.jpg
33656832,Acrobatic Magician,Spellcaster,DARK,5.0,800.0,2300.0,https://images.ygoprodeck.com/images/cards_cropped/33656832.jpg
33695750,Des Mosquito,Insect,DARK,3.0,500.0,500.0,https://images.ygoprodeck.com/images/cards_cropped/33695750.jpg
33725002,V Salamander,Spellcaster,FIRE,4.0,1500.0,1300.0,https://images.ygoprodeck.com/images/cards_cropped/33725002.jpg
33731070,"Beiige, Vanguard of Dark World",Fiend,DARK,4.0,1600.0,1300.0,https://images.ygoprodeck.com/images/cards_cropped/33731070.jpg
33734439,Three-Legged Zombies,Zombie,DARK,3.0,1100.0,800.0,https://images.ygoprodeck.com/images/cards_cropped/33734439.jpg
33744268,Z-Zillion Tank,Machine,LIGHT,4.0,1500.0,1300.0,https://images.ygoprodeck.com/images/cards_cropped/33744268.jpg
33746252,Majesty's Fiend,Fiend,LIGHT,6.0,2400.0,1000.0,https://images.ygoprodeck.com/images/cards_cropped/33746252.jpg
33750025,Samsara Dragon,Dragon,LIGHT,1.0,0.0,0.0,https://images.ygoprodeck.com/images/cards_cropped/33750025.jpg
33776734,Winged Kuriboh LV9,Fairy,LIGHT,9.0,-1.0,-1.0,https://images.ygoprodeck.com/images/cards_cropped/33776734.jpg
33822112,Mad Tempest Xenovader△ Ploutonion,Psychic,WIND,7.0,2100.0,2800.0,https://images.ygoprodeck.com/images/cards_cropped/33822112.jpg
33823832,Performapal Fire Mufflerlion,Beast,FIRE,3.0,800.0,800.0,https://images.ygoprodeck.com/images/cards_cropped/33823832.jpg
33833230,Performapal Seal Eel,Fish,WATER,1.0,100.0,100.0,https://images.ygoprodeck.com/images/cards_cropped/33833230.jpg
33837653,Tenma the Sky Star,Warrior,LIGHT,5.0,2100.0,1000.0,https://images.ygoprodeck.com/images/cards_cropped/33837653.jpg
33854624,Bystial Magnamhut,Dragon,DARK,6.0,2500.0,2000.0,https://images.ygoprodeck.com/images/cards_cropped/33854624.jpg
33866130,Naturia Cliff,Rock,EARTH,4.0,1500.0,1000.0,https://images.ygoprodeck.com/images/cards_cropped/33866130.jpg
33875961,Dark Catapulter,Machine,EARTH,4.0,1000.0,1500.0,https://images.ygoprodeck.com/images/cards_cropped/33875961.jpg
33878931,Togex,Beast,EARTH,5.0,1600.0,1800.0,https://images.ygoprodeck.com/images/cards_cropped/33878931.jpg
33883834,Shien's Squire,Warrior,EARTH,1.0,300.0,700.0,https://images.ygoprodeck.com/images/cards_cropped/33883834.jpg
33911264,Solar Wind Jammer,Machine,LIGHT,5.0,800.0,2400.0,https://images.ygoprodeck.com/images/cards_cropped/33911264.jpg
33945211,Marincess Basilalima,Cyberse,WATER,4.0,600.0,2100.0,https://images.ygoprodeck.com/images/cards_cropped/33945211.jpg
33951077,Super War-Lion,Beast,EARTH,7.0,2300.0,2100.0,https://images.ygoprodeck.com/images/cards_cropped/33951077.jpg
33977496,Thousand Needles,Beast,EARTH,4.0,1000.0,1800.0,https://images.ygoprodeck.com/images/cards_cropped/33977496.jpg
34004470,The Big Saturn,Machine,DARK,8.0,2800.0,2200.0,https://images.ygoprodeck.com/images/cards_cropped/34004470.jpg
34022290,Guardian Eatos,Fairy,WIND,8.0,2500.0,2000.0,https://images.ygoprodeck.com/images/cards_cropped/34022290.jpg
34022970,Ext Ryzeal,Pyro,LIGHT,4.0,500.0,2000.0,https://images.ygoprodeck.com/images/cards_cropped/34022970.jpg
34034150,Mother Spider Splitter,Insect,DARK,5.0,0.0,2300.0,https://images.ygoprodeck.com/images/cards_cropped/34034150.jpg
34072799,Transonic Bird,Winged Beast,DARK,4.0,0.0,2400.0,https://images.ygoprodeck.com/images/cards_cropped/34072799.jpg
34079868,"Master Peace, the True Dracoslayer",Dragon,LIGHT,8.0,2950.0,2950.0,https://images.ygoprodeck.com/images/cards_cropped/34079868.jpg
34088136,Ultimate Insect LV3,Insect,WIND,3.0,1400.0,900.0,https://images.ygoprodeck.com/images/cards_cropped/34088136.jpg
34093683,Revendread Executor,Zombie,DARK,8.0,3000.0,0.0,https://images.ygoprodeck.com/images/cards_cropped/34093683.jpg
34100324,Harpie Girl,Winged Beast,WIND,2.0,500.0,500.0,https://images.ygoprodeck.com/images/cards_cropped/34100324.jpg
34124316,Cyber Jar,Rock,DARK,3.0,900.0,900.0,https://images.ygoprodeck.com/images/cards_cropped/34124316.jpg
34130561,Gaia the Magical Knight,Warrior,LIGHT,7.0,2300.0,2100.0,https://images.ygoprodeck.com/images/cards_cropped/34130561.jpg
34137269,"Hailon, the Timelord",Fairy,EARTH,10.0,0.0,0.0,https://images.ygoprodeck.com/images/cards_cropped/34137269.jpg
34143852,Heroic Challenger - Extra Sword,Warrior,EARTH,4.0,1000.0,1000.0,https://images.ygoprodeck.com/images/cards_cropped/34143852.jpg
34160055,Master of the Flaming Dragonswords,Warrior,FIRE,4.0,1800.0,1200.0,https://images.ygoprodeck.com/images/cards_cropped/34160055.jpg
34172284,"Aron, the Ogdoadic King",Reptile,LIGHT,8.0,2500.0,2800.0,https://images.ygoprodeck.com/images/cards_cropped/34172284.jpg
34193084,Fear from the Dark,Zombie,DARK,4.0,1700.0,1500.0,https://images.ygoprodeck.com/images/cards_cropped/34193084.jpg
34198387,Meowseclick,Cyberse,EARTH,4.0,1400.0,1100.0,https://images.ygoprodeck.com/images/cards_cropped/34198387.jpg
34206604,Magical Scientist,Spellcaster,DARK,1.0,300.0,300.0,https://images.ygoprodeck.com/images/cards_cropped/34206604.jpg
34230233,"Grapha, Dragon Lord of Dark World",Fiend,DARK,8.0,2700.0,1800.0,https://images.ygoprodeck.com/images/cards_cropped/34230233.jpg
34242278,Noble Knight's Shield-Bearer,Warrior,LIGHT,4.0,800.0,1300.0,https://images.ygoprodeck.com/images/cards_cropped/34242278.jpg
34244455,Star Staring Starling,Winged Beast,WIND,4.0,1000.0,1500.0,https://images.ygoprodeck.com/images/cards_cropped/34244455.jpg
34250214,Vampire Familiar,Zombie,DARK,1.0,500.0,0.0,https://images.ygoprodeck.com/images/cards_cropped/34250214.jpg
34251483,Goblin Marauding Squad,Beast-Warrior,EARTH,4.0,1900.0,0.0,https://images.ygoprodeck.com/images/cards_cropped/34251483.jpg
34257001,Dash Warrior,Warrior,WIND,3.0,600.0,1200.0,https://images.ygoprodeck.com/images/cards_cropped/34257001.jpg
34267821,Artifact Lancea,Fairy,LIGHT,5.0,1700.0,2300.0,https://images.ygoprodeck.com/images/cards_cropped/34267821.jpg
34290067,Corroding Shark,Zombie,DARK,3.0,1100.0,700.0,https://images.ygoprodeck.com/images/cards_cropped/34290067.jpg
34294855,Vampire's Curse,Zombie,DARK,6.0,2000.0,800.0,https://images.ygoprodeck.com/images/cards_cropped/34294855.jpg
34314989,Dark-Eyes Illusionist Faceless Mage,Illusion,DARK,4.0,0.0,0.0,https://images.ygoprodeck.com/images/cards_cropped/34314989.jpg
34318086,Lemon Magician Girl,Spellcaster,LIGHT,2.0,800.0,600.0,https://images.ygoprodeck.com/images/cards_cropped/34318086.jpg
34320307,Living Vase,Plant,EARTH,3.0,900.0,1100.0,https://images.ygoprodeck.com/images/cards_cropped/34320307.jpg
34323367,Performage Water Dancer,Spellcaster,WATER,4.0,1200.0,1400.0,https://images.ygoprodeck.com/images/cards_cropped/34323367.jpg
34334692,Ritual Raven,Fiend,DARK,1.0,300.0,300.0,https://images.ygoprodeck.com/images/cards_cropped/34334692.jpg
34358408,Djinn Presider of Rituals,Fiend,DARK,4.0,1800.0,1400.0,https://images.ygoprodeck.com/images/cards_cropped/34358408.jpg
34379489,Performapal Bubblebowwow,Beast,EARTH,6.0,2300.0,1000.0,https://images.ygoprodeck.com/images/cards_cropped/34379489.jpg
34419588,Kuribeh,Fiend,DARK,1.0,300.0,200.0,https://images.ygoprodeck.com/images/cards_cropped/34419588.jpg
34442949,Mechanical Snail,Machine,DARK,3.0,800.0,1000.0,https://images.ygoprodeck.com/images/cards_cropped/34442949.jpg
34456146,Sage of Benevolence - Ciela,Machine,WATER,6.0,2200.0,1000.0,https://images.ygoprodeck.com/images/cards_cropped/34456146.jpg
34460851,Flame Manipulator,Spellcaster,FIRE,3.0,900.0,1000.0,https://images.ygoprodeck.com/images/cards_cropped/34460851.jpg
34471458,Fortune Lady Light,Spellcaster,LIGHT,1.0,-1.0,-1.0,https://images.ygoprodeck.com/images/cards_cropped/34471458.jpg
34475451,Construction Train Signal Red,Machine,EARTH,3.0,1000.0,1300.0,https://images.ygoprodeck.com/images/cards_cropped/34475451.jpg
34479658,Dark Alligator,Reptile,DARK,8.0,2500.0,2300.0,https://images.ygoprodeck.com/images/cards_cropped/34479658.jpg
34492631,Junk Giant,Machine,EARTH,6.0,2000.0,2400.0,https://images.ygoprodeck.com/images/cards_cropped/34492631.jpg
34496660,Superheavy Samurai Wagon,Machine,EARTH,4.0,1200.0,1800.0,https://images.ygoprodeck.com/images/cards_cropped/34496660.jpg
34522216,Amorphage Gluttony,Dragon,EARTH,2.0,0.0,1850.0,https://images.ygoprodeck.com/images/cards_cropped/34522216.jpg
34536276,Ganigumo,Insect,EARTH,2.0,600.0,800.0,https://images.ygoprodeck.com/images/cards_cropped/34536276.jpg
34541543,Master Tao the Chanter,Illusion,EARTH,3.0,1200.0,900.0,https://images.ygoprodeck.com/images/cards_cropped/34541543.jpg
34541940,Artmage Finmel,Warrior,LIGHT,7.0,2400.0,1500.0,https://images.ygoprodeck.com/images/cards_cropped/34541940.jpg
34550857,Lyrilusc - Cobalt Sparrow,Winged Beast,WIND,1.0,0.0,100.0,https://images.ygoprodeck.com/images/cards_cropped/34550857.jpg
34566435,Edge Imp Frightfuloid,Fiend,DARK,4.0,1300.0,1300.0,https://images.ygoprodeck.com/images/cards_cropped/34566435.jpg
34568403,Arcana Force VII - The Chariot,Fairy,LIGHT,4.0,1700.0,1700.0,https://images.ygoprodeck.com/images/cards_cropped/34568403.jpg
34568783,R-Genex Undine,Aqua,WATER,4.0,1700.0,1100.0,https://images.ygoprodeck.com/images/cards_cropped/34568783.jpg
34614289,U.A. Blockbacker,Warrior,EARTH,7.0,1600.0,2700.0,https://images.ygoprodeck.com/images/cards_cropped/34614289.jpg
34614910,Cyclamen the Rikka Fairy,Plant,WATER,4.0,1800.0,800.0,https://images.ygoprodeck.com/images/cards_cropped/34614910.jpg
34620088,Gimmick Puppet Shadow Feeler,Machine,DARK,8.0,1000.0,1000.0,https://images.ygoprodeck.com/images/cards_cropped/34620088.jpg
34627841,Kaibaman,Warrior,LIGHT,3.0,200.0,700.0,https://images.ygoprodeck.com/images/cards_cropped/34627841.jpg
34645790,Xenovader△ of Scarlet Naraka,Psychic,FIRE,4.0,1700.0,400.0,https://images.ygoprodeck.com/images/cards_cropped/34645790.jpg
34659866,Darksea Rescue,Machine,DARK,1.0,0.0,0.0,https://images.ygoprodeck.com/images/cards_cropped/34659866.jpg
34680482,Madolche Anjelly,Fairy,EARTH,4.0,1000.0,1000.0,https://images.ygoprodeck.com/images/cards_cropped/34680482.jpg
34688023,Edge Imp Saw,Fiend,DARK,3.0,500.0,1000.0,https://images.ygoprodeck.com/images/cards_cropped/34688023.jpg
34690519,Spirit of the Mountain,Spellcaster,EARTH,5.0,1300.0,1800.0,https://images.ygoprodeck.com/images/cards_cropped/34690519.jpg
34695290,Myutant Beast,Beast,EARTH,8.0,2400.0,2400.0,https://images.ygoprodeck.com/images/cards_cropped/34695290.jpg
34710660,Electromagnetic Turtle,Machine,LIGHT,4.0,0.0,1800.0,https://images.ygoprodeck.com/images/cards_cropped/34710660.jpg
34743446,Blocker,Machine,DARK,4.0,850.0,1800.0,https://images.ygoprodeck.com/images/cards_cropped/34743446.jpg
34761062,Heavy Knight of the Flame,Zombie,FIRE,4.0,1800.0,200.0,https://images.ygoprodeck.com/images/cards_cropped/34761062.jpg
34761841,Crimson Resonator,Fiend,DARK,2.0,800.0,300.0,https://images.ygoprodeck.com/images/cards_cropped/34761841.jpg
34796454,Triple Star Trion,Warrior,LIGHT,1.0,100.0,100.0,https://images.ygoprodeck.com/images/cards_cropped/34796454.jpg
34800281,Melffy Pinny,Beast,WATER,2.0,300.0,100.0,https://images.ygoprodeck.com/images/cards_cropped/34800281.jpg
34830502,Ultimate Insect LV5,Insect,WIND,5.0,2300.0,900.0,https://images.ygoprodeck.com/images/cards_cropped/34830502.jpg
34853266,Tsukuyomi,Spellcaster,DARK,4.0,1100.0,1400.0,https://images.ygoprodeck.com/images/cards_cropped/34853266.jpg
34873741,Kuribon the Fairy Spirit,Fairy,LIGHT,1.0,300.0,200.0,https://images.ygoprodeck.com/images/cards_cropped/34873741.jpg
34923554,Infinitrack Drag Shovel,Machine,EARTH,5.0,1500.0,2100.0,https://images.ygoprodeck.com/images/cards_cropped/34923554.jpg
34926568,Merciless Scorpion of Serket,Fairy,EARTH,6.0,2500.0,2000.0,https://images.ygoprodeck.com/images/cards_cropped/34926568.jpg
34961968,Phantom Beast Thunder-Pegasus,Beast-Warrior,LIGHT,4.0,700.0,2000.0,https://images.ygoprodeck.com/images/cards_cropped/34961968.jpg
34966096,Chaos Betrayer,Fiend,DARK,6.0,2000.0,2000.0,https://images.ygoprodeck.com/images/cards_cropped/34966096.jpg
34968834,"Lucent, Netherlord of Dark World",Fiend,DARK,6.0,2400.0,0.0,https://images.ygoprodeck.com/images/cards_cropped/34968834.jpg
34976176,Blackwing - Chinook the Snow Blast,Winged Beast,DARK,2.0,100.0,700.0,https://images.ygoprodeck.com/images/cards_cropped/34976176.jpg
35026117,Labyrinth Heavy Tank,Machine,DARK,7.0,2400.0,2400.0,https://images.ygoprodeck.com/images/cards_cropped/35026117.jpg
35050257,Cyber Larva,Machine,LIGHT,1.0,400.0,600.0,https://images.ygoprodeck.com/images/cards_cropped/35050257.jpg
35052053,Insect Knight,Insect,EARTH,4.0,1900.0,1500.0,https://images.ygoprodeck.com/images/cards_cropped/35052053.jpg
35058857,Magical King Moonstar,Fiend,DARK,3.0,900.0,600.0,https://images.ygoprodeck.com/images/cards_cropped/35058857.jpg
35073065,Illusory Snatcher,Fiend,DARK,7.0,2400.0,1000.0,https://images.ygoprodeck.com/images/cards_cropped/35073065.jpg
35089369,"Pulao, Wind of the Yang Zing",Wyrm,WIND,1.0,0.0,1800.0,https://images.ygoprodeck.com/images/cards_cropped/35089369.jpg
35095329,Evil HERO Vicious Claws,Fiend,DARK,7.0,2500.0,2500.0,https://images.ygoprodeck.com/images/cards_cropped/35095329.jpg
35112613,Kuriphoton,Fiend,LIGHT,1.0,300.0,200.0,https://images.ygoprodeck.com/images/cards_cropped/35112613.jpg
35151572,Shaman of the Ashened City,Pyro,DARK,4.0,1300.0,1200.0,https://images.ygoprodeck.com/images/cards_cropped/35151572.jpg
35183584,World Legacy Guardragon Mardark,Dragon,WIND,9.0,2600.0,3000.0,https://images.ygoprodeck.com/images/cards_cropped/35183584.jpg
35191415,Magician of Dark Illusion,Spellcaster,DARK,7.0,2100.0,2500.0,https://images.ygoprodeck.com/images/cards_cropped/35191415.jpg
35195612,Dust Knight,Warrior,EARTH,4.0,1400.0,1200.0,https://images.ygoprodeck.com/images/cards_cropped/35195612.jpg
35199656,Trickstar Lycoris,Fairy,LIGHT,3.0,1600.0,1200.0,https://images.ygoprodeck.com/images/cards_cropped/35199656.jpg
35209994,Evilswarm Hraesvelg,Winged Beast,DARK,4.0,1150.0,1850.0,https://images.ygoprodeck.com/images/cards_cropped/35209994.jpg
35215622,Blindly Loyal Goblin,Warrior,EARTH,4.0,1800.0,1500.0,https://images.ygoprodeck.com/images/cards_cropped/35215622.jpg
35263180,Seed-Spitting Saplings,Plant,LIGHT,4.0,1600.0,200.0,https://images.ygoprodeck.com/images/cards_cropped/35263180.jpg
35272499,Predaplant Ophrys Scorpio,Plant,DARK,3.0,1200.0,800.0,https://images.ygoprodeck.com/images/cards_cropped/35272499.jpg
35282433,Blue-Eyed Silver Zombie,Zombie,DARK,3.0,900.0,700.0,https://images.ygoprodeck.com/images/cards_cropped/35282433.jpg
35283277,Eka the Flame Buddy,Warrior,FIRE,4.0,1500.0,200.0,https://images.ygoprodeck.com/images/cards_cropped/35283277.jpg
35307484,Malicevorous Spoon,Fiend,DARK,2.0,100.0,500.0,https://images.ygoprodeck.com/images/cards_cropped/35307484.jpg
35311929,Fengli the Soldrapom,Plant,FIRE,1.0,800.0,0.0,https://images.ygoprodeck.com/images/cards_cropped/35311929.jpg
35322812,Woodborg Inpachi,Machine,FIRE,5.0,500.0,2500.0,https://images.ygoprodeck.com/images/cards_cropped/35322812.jpg
35330871,"Malacoda, Netherlord of the Burning Abyss",Fiend,DARK,6.0,2700.0,2200.0,https://images.ygoprodeck.com/images/cards_cropped/35330871.jpg
35394356,Daruma Dropper,Warrior,EARTH,4.0,700.0,1800.0,https://images.ygoprodeck.com/images/cards_cropped/35394356.jpg
35405755,Kurikara Divincarnate,Fairy,FIRE,1.0,1500.0,1500.0,https://images.ygoprodeck.com/images/cards_cropped/35405755.jpg
35429292,Pixie Knight,Spellcaster,LIGHT,2.0,1300.0,200.0,https://images.ygoprodeck.com/images/cards_cropped/35429292.jpg
35448319,Snyffus,Beast,EARTH,1.0,100.0,100.0,https://images.ygoprodeck.com/images/cards_cropped/35448319.jpg
35488287,Brotherhood of the Fire Fist - Panda,Beast-Warrior,FIRE,5.0,2100.0,400.0,https://images.ygoprodeck.com/images/cards_cropped/35488287.jpg
35494087,Speedroid Skull Marbles,Machine,WIND,7.0,0.0,3000.0,https://images.ygoprodeck.com/images/cards_cropped/35494087.jpg
35514096,Lord British Space Fighter,Machine,LIGHT,4.0,1200.0,800.0,https://images.ygoprodeck.com/images/cards_cropped/35514096.jpg
35537251,Battlin' Boxer Shadow,Warrior,FIRE,4.0,1800.0,1400.0,https://images.ygoprodeck.com/images/cards_cropped/35537251.jpg
35565537,Dark Witch,Fairy,LIGHT,5.0,1800.0,1700.0,https://images.ygoprodeck.com/images/cards_cropped/35565537.jpg
35595518,Linkslayer,Cyberse,EARTH,5.0,2000.0,600.0,https://images.ygoprodeck.com/images/cards_cropped/35595518.jpg
35614780,Light End Sublimation Dragon,Dragon,LIGHT,8.0,2600.0,2100.0,https://images.ygoprodeck.com/images/cards_cropped/35614780.jpg
35618217,Lunalight Kaleido Chick,Beast-Warrior,DARK,4.0,1400.0,800.0,https://images.ygoprodeck.com/images/cards_cropped/35618217.jpg
35618486,Steelswarm Sting,Fiend,DARK,4.0,1850.0,0.0,https://images.ygoprodeck.com/images/cards_cropped/35618486.jpg
35622739,Gem-Knight Quartz,Fairy,EARTH,4.0,1500.0,1500.0,https://images.ygoprodeck.com/images/cards_cropped/35622739.jpg
35629124,Kidmodo Dragon,Dragon,EARTH,3.0,100.0,200.0,https://images.ygoprodeck.com/images/cards_cropped/35629124.jpg
35638627,Worm Warlord,Reptile,LIGHT,6.0,2350.0,1800.0,https://images.ygoprodeck.com/images/cards_cropped/35638627.jpg
35645105,Infinitrack Harvester,Machine,EARTH,2.0,0.0,2100.0,https://images.ygoprodeck.com/images/cards_cropped/35645105.jpg
35712107,Monstrous Bird,Winged Beast,WIND,6.0,2000.0,1900.0,https://images.ygoprodeck.com/images/cards_cropped/35712107.jpg
35761342,Xenovader△ of Emptiness Gehenna,Psychic,DARK,1.0,100.0,1000.0,https://images.ygoprodeck.com/images/cards_cropped/35761342.jpg
35763582,Lunalight Silver Hound,Beast-Warrior,DARK,3.0,1400.0,400.0,https://images.ygoprodeck.com/images/cards_cropped/35763582.jpg
35770983,Dinowrestler Martial Ankylo,Dinosaur,EARTH,2.0,1000.0,0.0,https://images.ygoprodeck.com/images/cards_cropped/35770983.jpg
35781051,Arcana Force III - The Empress,Fairy,LIGHT,4.0,1300.0,1300.0,https://images.ygoprodeck.com/images/cards_cropped/35781051.jpg
35798491,Darkbishop Archfiend,Fiend,WATER,3.0,300.0,1400.0,https://images.ygoprodeck.com/images/cards_cropped/35798491.jpg
35800511,Superheavy Samurai Soulbuster Gauntlet,Machine,EARTH,1.0,0.0,400.0,https://images.ygoprodeck.com/images/cards_cropped/35800511.jpg
35803249,Jinzo - Lord,Machine,DARK,8.0,2600.0,1600.0,https://images.ygoprodeck.com/images/cards_cropped/35803249.jpg
35818851,Shiranui Samurai,Zombie,FIRE,4.0,1800.0,0.0,https://images.ygoprodeck.com/images/cards_cropped/35818851.jpg
35842855,Pyrorex the Elemental Lord,Dinosaur,FIRE,8.0,2800.0,2200.0,https://images.ygoprodeck.com/images/cards_cropped/35842855.jpg
35844557,Sword Ryzeal,Thunder,FIRE,4.0,1500.0,200.0,https://images.ygoprodeck.com/images/cards_cropped/35844557.jpg
35866404,Grandram,Rock,EARTH,4.0,0.0,1400.0,https://images.ygoprodeck.com/images/cards_cropped/35866404.jpg
35886170,Gogogo Goblindbergh,Warrior,EARTH,4.0,1400.0,0.0,https://images.ygoprodeck.com/images/cards_cropped/35886170.jpg
35911108,Launcher Commander,Cyberse,EARTH,4.0,1700.0,1200.0,https://images.ygoprodeck.com/images/cards_cropped/35911108.jpg
35950025,Galaxy Knight,Warrior,LIGHT,8.0,2800.0,2600.0,https://images.ygoprodeck.com/images/cards_cropped/35950025.jpg
35960413,Cupid Fore,Fairy,LIGHT,6.0,2200.0,600.0,https://images.ygoprodeck.com/images/cards_cropped/35960413.jpg
35975813,Terrorking Archfiend,Fiend,DARK,4.0,2000.0,1500.0,https://images.ygoprodeck.com/images/cards_cropped/35975813.jpg
35984222,Ido the Supreme Magical Force,Fiend,DARK,6.0,2200.0,800.0,https://images.ygoprodeck.com/images/cards_cropped/35984222.jpg
35998832,"Zohah, the Ogdoadic Boundless",Reptile,DARK,4.0,1500.0,1700.0,https://images.ygoprodeck.com/images/cards_cropped/35998832.jpg
36010310,"Nunu, the Ogdoadic Remnant",Reptile,LIGHT,4.0,0.0,0.0,https://images.ygoprodeck.com/images/cards_cropped/36010310.jpg
36016907,Jack-o-Bolan,Zombie,FIRE,7.0,1500.0,2200.0,https://images.ygoprodeck.com/images/cards_cropped/36016907.jpg
36021814,King of the Skull Servants,Zombie,DARK,1.0,-1.0,0.0,https://images.ygoprodeck.com/images/cards_cropped/36021814.jpg
36029076,Hundred-Footed Horror,Insect,DARK,7.0,2600.0,1300.0,https://images.ygoprodeck.com/images/cards_cropped/36029076.jpg
36033786,Cyberse Wizard,Cyberse,LIGHT,4.0,1800.0,800.0,https://images.ygoprodeck.com/images/cards_cropped/36033786.jpg
36039163,Penguin Knight,Aqua,WATER,3.0,900.0,800.0,https://images.ygoprodeck.com/images/cards_cropped/36039163.jpg
36042004,Babycerasaurus,Dinosaur,EARTH,2.0,500.0,500.0,https://images.ygoprodeck.com/images/cards_cropped/36042004.jpg
36046926,Sylvan Marshalleaf,Plant,WATER,3.0,1500.0,1200.0,https://images.ygoprodeck.com/images/cards_cropped/36046926.jpg
36088082,Bull Blader,Warrior,EARTH,4.0,1600.0,1200.0,https://images.ygoprodeck.com/images/cards_cropped/36088082.jpg
36099130,"Zoroa, the Magistus of Flame",Spellcaster,FIRE,4.0,1500.0,1500.0,https://images.ygoprodeck.com/images/cards_cropped/36099130.jpg
36107810,Night's End Sorcerer,Spellcaster,DARK,2.0,1300.0,400.0,https://images.ygoprodeck.com/images/cards_cropped/36107810.jpg
36119641,Space Mambo,Fish,WATER,4.0,1700.0,1000.0,https://images.ygoprodeck.com/images/cards_cropped/36119641.jpg
36121917,Monster Egg,Warrior,EARTH,3.0,600.0,900.0,https://images.ygoprodeck.com/images/cards_cropped/36121917.jpg
36151751,Arma Knight,Aqua,WATER,4.0,1000.0,1200.0,https://images.ygoprodeck.com/images/cards_cropped/36151751.jpg
36187051,Rock Band Xenoguitar,Rock,EARTH,4.0,1000.0,2000.0,https://images.ygoprodeck.com/images/cards_cropped/36187051.jpg
36205132,"Filo, Messenger Fur Hire",Winged Beast,WIND,1.0,0.0,0.0,https://images.ygoprodeck.com/images/cards_cropped/36205132.jpg
36211150,Bitron,Cyberse,EARTH,2.0,200.0,2000.0,https://images.ygoprodeck.com/images/cards_cropped/36211150.jpg
36218106,Hushed Psychic Minister,Psychic,EARTH,3.0,0.0,2100.0,https://images.ygoprodeck.com/images/cards_cropped/36218106.jpg
36227804,Gishki Beast,Beast,WATER,4.0,1500.0,1300.0,https://images.ygoprodeck.com/images/cards_cropped/36227804.jpg
36239585,Ghostrick Fairy,Spellcaster,DARK,2.0,900.0,1000.0,https://images.ygoprodeck.com/images/cards_cropped/36239585.jpg
36262024,Black Dragon's Chick,Dragon,DARK,1.0,800.0,500.0,https://images.ygoprodeck.com/images/cards_cropped/36262024.jpg
36270527,Ars Magna of Infinity and Finity,Warrior,EARTH,8.0,1000.0,2400.0,https://images.ygoprodeck.com/images/cards_cropped/36270527.jpg
36278828,Venom Serpent,Reptile,DARK,4.0,1000.0,800.0,https://images.ygoprodeck.com/images/cards_cropped/36278828.jpg
36304921,Witty Phantom,Fiend,DARK,4.0,1400.0,1300.0,https://images.ygoprodeck.com/images/cards_cropped/36304921.jpg
36318200,"Uniflora, Mystical Beast of the Forest",Beast,EARTH,1.0,700.0,500.0,https://images.ygoprodeck.com/images/cards_cropped/36318200.jpg
36322312,Boot-Up Admiral - Destroyer Dynamo,Machine,EARTH,8.0,2500.0,2500.0,https://images.ygoprodeck.com/images/cards_cropped/36322312.jpg
36326160,Live☆Twin Ki-sikil,Cyberse,LIGHT,2.0,500.0,0.0,https://images.ygoprodeck.com/images/cards_cropped/36326160.jpg
36331074,"Reeze, Whirlwind of Gusto",Psychic,WIND,5.0,1900.0,1400.0,https://images.ygoprodeck.com/images/cards_cropped/36331074.jpg
36352429,Vampire Dragon,Zombie,DARK,5.0,2400.0,0.0,https://images.ygoprodeck.com/images/cards_cropped/36352429.jpg
36354007,Gilford the Lightning,Warrior,LIGHT,8.0,2800.0,1400.0,https://images.ygoprodeck.com/images/cards_cropped/36354007.jpg
36378213,Ambulanceroid,Machine,EARTH,3.0,300.0,1200.0,https://images.ygoprodeck.com/images/cards_cropped/36378213.jpg
36405256,Sorciere de Fleur,Spellcaster,DARK,8.0,2900.0,0.0,https://images.ygoprodeck.com/images/cards_cropped/36405256.jpg
36426778,The Phantom Knights of Silent Boots,Warrior,DARK,3.0,200.0,1200.0,https://images.ygoprodeck.com/images/cards_cropped/36426778.jpg
36436372,Gimmick Puppet Little Soldiers,Machine,DARK,4.0,0.0,0.0,https://images.ygoprodeck.com/images/cards_cropped/36436372.jpg
36442179,Blackwing - Hurricane the Tornado,Winged Beast,DARK,1.0,0.0,0.0,https://images.ygoprodeck.com/images/cards_cropped/36442179.jpg
36472900,Sonic Chick,Winged Beast,EARTH,1.0,300.0,300.0,https://images.ygoprodeck.com/images/cards_cropped/36472900.jpg
36492575,Marincess Sea Horse,Cyberse,WATER,3.0,1400.0,1000.0,https://images.ygoprodeck.com/images/cards_cropped/36492575.jpg
36521307,Mathmech Circular,Cyberse,LIGHT,4.0,1500.0,1500.0,https://images.ygoprodeck.com/images/cards_cropped/36521307.jpg
36521459,Malefic Stardust Dragon,Dragon,DARK,8.0,2500.0,2000.0,https://images.ygoprodeck.com/images/cards_cropped/36521459.jpg
36523152,Superheavy Samurai Big Waraji,Machine,EARTH,5.0,800.0,1800.0,https://images.ygoprodeck.com/images/cards_cropped/36523152.jpg
36527535,Performapal Revue Dancer,Spellcaster,LIGHT,3.0,800.0,1000.0,https://images.ygoprodeck.com/images/cards_cropped/36527535.jpg
36539330,Jabbing Panda,Beast-Warrior,WATER,3.0,1500.0,1000.0,https://images.ygoprodeck.com/images/cards_cropped/36539330.jpg
36553319,"Farfa, Malebranche of the Burning Abyss",Fiend,DARK,3.0,1000.0,1900.0,https://images.ygoprodeck.com/images/cards_cropped/36553319.jpg
36565699,Mental Seeker,Psychic,EARTH,3.0,800.0,600.0,https://images.ygoprodeck.com/images/cards_cropped/36565699.jpg
36569343,Brushfire Knight,Warrior,FIRE,4.0,1400.0,1200.0,https://images.ygoprodeck.com/images/cards_cropped/36569343.jpg
36577931,Despian Tragedy,Fairy,DARK,1.0,400.0,400.0,https://images.ygoprodeck.com/images/cards_cropped/36577931.jpg
36584821,Gren Maju Da Eiza,Fiend,FIRE,3.0,-1.0,-1.0,https://images.ygoprodeck.com/images/cards_cropped/36584821.jpg
36614113,D/D Ark,Fiend,DARK,4.0,0.0,2000.0,https://images.ygoprodeck.com/images/cards_cropped/36614113.jpg
36625827,Destiny HERO - Dread Servant,Warrior,DARK,3.0,400.0,700.0,https://images.ygoprodeck.com/images/cards_cropped/36625827.jpg
36629203,Ally of Justice Core Destroyer,Machine,DARK,3.0,1200.0,200.0,https://images.ygoprodeck.com/images/cards_cropped/36629203.jpg
36629635,Dandy Whitelion,Plant,EARTH,3.0,300.0,300.0,https://images.ygoprodeck.com/images/cards_cropped/36629635.jpg
36630403,Shiranui Spectralsword,Zombie,FIRE,2.0,800.0,0.0,https://images.ygoprodeck.com/images/cards_cropped/36630403.jpg
36643046,Synchron Explorer,Machine,EARTH,2.0,0.0,700.0,https://images.ygoprodeck.com/images/cards_cropped/36643046.jpg
36687247,T.G. Rush Rhino,Beast,EARTH,4.0,1600.0,800.0,https://images.ygoprodeck.com/images/cards_cropped/36687247.jpg
36694815,Bitrooper,Cyberse,EARTH,4.0,1500.0,2000.0,https://images.ygoprodeck.com/images/cards_cropped/36694815.jpg
36704180,The Phantom Knights of Fragile Armor,Warrior,DARK,4.0,1000.0,2000.0,https://images.ygoprodeck.com/images/cards_cropped/36704180.jpg
36717258,Jurrac Monoloph,Dinosaur,FIRE,3.0,1500.0,1200.0,https://images.ygoprodeck.com/images/cards_cropped/36717258.jpg
36733451,Dimensional Alchemist,Fairy,LIGHT,4.0,1300.0,200.0,https://images.ygoprodeck.com/images/cards_cropped/36733451.jpg
36734924,Priestess with Eyes of Blue,Spellcaster,LIGHT,1.0,0.0,0.0,https://images.ygoprodeck.com/images/cards_cropped/36734924.jpg
36736723,Rush Warrior,Warrior,WIND,2.0,300.0,1200.0,https://images.ygoprodeck.com/images/cards_cropped/36736723.jpg
36745317,Vernusylph of the Awakening Forests,Fairy,EARTH,4.0,900.0,1800.0,https://images.ygoprodeck.com/images/cards_cropped/36745317.jpg
36750412,Magna Drago,Dragon,FIRE,2.0,1400.0,600.0,https://images.ygoprodeck.com/images/cards_cropped/36750412.jpg
36795102,Crystal Beast Rainbow Dragon,Dragon,LIGHT,8.0,3000.0,0.0,https://images.ygoprodeck.com/images/cards_cropped/36795102.jpg
36821538,Ancient Sorcerer,Spellcaster,DARK,4.0,1000.0,1300.0,https://images.ygoprodeck.com/images/cards_cropped/36821538.jpg
36834155,Photon Pirate,Machine,LIGHT,3.0,1000.0,1000.0,https://images.ygoprodeck.com/images/cards_cropped/36834155.jpg
36849933,Megalith Och,Rock,EARTH,4.0,1000.0,2700.0,https://images.ygoprodeck.com/images/cards_cropped/36849933.jpg
36870345,Dragunity Aklys,Dragon,WIND,2.0,1000.0,800.0,https://images.ygoprodeck.com/images/cards_cropped/36870345.jpg
36904469,Akihiron,Aqua,WATER,5.0,1700.0,1400.0,https://images.ygoprodeck.com/images/cards_cropped/36904469.jpg
36931229,Castle Gate,Rock,EARTH,6.0,0.0,2400.0,https://images.ygoprodeck.com/images/cards_cropped/36931229.jpg
36956512,"Gadarla, the Mystery Dust Kaiju",Insect,WIND,8.0,2700.0,1600.0,https://images.ygoprodeck.com/images/cards_cropped/36956512.jpg
36974120,"Vouiburial, the Dragon Undertaker",Illusion,DARK,10.0,3000.0,0.0,https://images.ygoprodeck.com/images/cards_cropped/36974120.jpg
37006702,Krishnerd Witch,Spellcaster,LIGHT,4.0,1800.0,700.0,https://images.ygoprodeck.com/images/cards_cropped/37006702.jpg
37021315,Primineral Mandstrong,Rock,EARTH,8.0,2000.0,3000.0,https://images.ygoprodeck.com/images/cards_cropped/37021315.jpg
37043180,D.D. Warrior,Warrior,EARTH,4.0,1200.0,1000.0,https://images.ygoprodeck.com/images/cards_cropped/37043180.jpg
37061511,Water Leviathan @Ignister,Cyberse,WATER,7.0,2300.0,2000.0,https://images.ygoprodeck.com/images/cards_cropped/37061511.jpg
37092104,Monstrous Arms of Atlantis,Sea Serpent,WATER,4.0,1500.0,1200.0,https://images.ygoprodeck.com/images/cards_cropped/37092104.jpg
37101832,Gravekeeper's Guard,Spellcaster,DARK,4.0,1000.0,1900.0,https://images.ygoprodeck.com/images/cards_cropped/37101832.jpg
37104630,Atlantean Heavy Infantry,Sea Serpent,WATER,2.0,0.0,1600.0,https://images.ygoprodeck.com/images/cards_cropped/37104630.jpg
37115575,Malefic Truth Dragon,Dragon,DARK,12.0,5000.0,5000.0,https://images.ygoprodeck.com/images/cards_cropped/37115575.jpg
37115973,Numeral Hunter,Warrior,LIGHT,4.0,1600.0,1400.0,https://images.ygoprodeck.com/images/cards_cropped/37115973.jpg
37119142,Code Exporter,Cyberse,WIND,5.0,500.0,2300.0,https://images.ygoprodeck.com/images/cards_cropped/37119142.jpg
37132349,Ojama Red,Beast,LIGHT,2.0,0.0,1000.0,https://images.ygoprodeck.com/images/cards_cropped/37132349.jpg
37160778,Fairywitch,Spellcaster,DARK,3.0,800.0,1000.0,https://images.ygoprodeck.com/images/cards_cropped/37160778.jpg
37168514,Gorgonic Cerberus,Rock,DARK,3.0,1300.0,300.0,https://images.ygoprodeck.com/images/cards_cropped/37168514.jpg
37169670,Hyper Psychic Blaster/Assault Mode,Psychic,EARTH,11.0,3500.0,3000.0,https://images.ygoprodeck.com/images/cards_cropped/37169670.jpg
37195861,Elemental HERO Ocean,Warrior,WATER,4.0,1500.0,1200.0,https://images.ygoprodeck.com/images/cards_cropped/37195861.jpg
37243151,Weather Control,Fairy,LIGHT,2.0,600.0,400.0,https://images.ygoprodeck.com/images/cards_cropped/37243151.jpg
37256334,Performapal Card Gardna,Rock,EARTH,3.0,1000.0,1000.0,https://images.ygoprodeck.com/images/cards_cropped/37256334.jpg
37265642,Sabersaurus,Dinosaur,EARTH,4.0,1900.0,500.0,https://images.ygoprodeck.com/images/cards_cropped/37265642.jpg
37267041,Silent Swordsman LV7,Warrior,LIGHT,7.0,2800.0,1000.0,https://images.ygoprodeck.com/images/cards_cropped/37267041.jpg
37300735,T.G. Jet Falcon,Winged Beast,WIND,3.0,1400.0,1200.0,https://images.ygoprodeck.com/images/cards_cropped/37300735.jpg
37310367,Lockout Gardna,Cyberse,EARTH,3.0,1000.0,1000.0,https://images.ygoprodeck.com/images/cards_cropped/37310367.jpg
37313348,Turtle Tiger,Aqua,WATER,4.0,1000.0,1500.0,https://images.ygoprodeck.com/images/cards_cropped/37313348.jpg
37343995,Exosister Martha,Spellcaster,LIGHT,4.0,1600.0,800.0,https://images.ygoprodeck.com/images/cards_cropped/37343995.jpg
37349495,Naturia Eggplant,Plant,EARTH,2.0,1000.0,700.0,https://images.ygoprodeck.com/images/cards_cropped/37349495.jpg
37351133,Sky Striker Ace - Roze,Warrior,LIGHT,4.0,1500.0,1500.0,https://images.ygoprodeck.com/images/cards_cropped/37351133.jpg
37405032,Trickstar Aqua Angel,Fairy,WATER,4.0,0.0,0.0,https://images.ygoprodeck.com/images/cards_cropped/37405032.jpg
37426272,Materiactor Exareptor,Dragon,WATER,3.0,1500.0,1500.0,https://images.ygoprodeck.com/images/cards_cropped/37426272.jpg
37433748,SPYRAL GEAR - Last Resort,Machine,EARTH,4.0,1000.0,1000.0,https://images.ygoprodeck.com/images/cards_cropped/37433748.jpg
37445295,Shaddoll Falco,Spellcaster,DARK,2.0,600.0,1400.0,https://images.ygoprodeck.com/images/cards_cropped/37445295.jpg
37495766,Rescue-ACE Turbulence,Machine,FIRE,9.0,3000.0,3000.0,https://images.ygoprodeck.com/images/cards_cropped/37495766.jpg
37531679,"Salamandra, the Flying Flame Dragon",Dragon,FIRE,2.0,700.0,1600.0,https://images.ygoprodeck.com/images/cards_cropped/37531679.jpg
37552929,Maiden of the Millennium Moon,Illusion,LIGHT,4.0,1500.0,1300.0,https://images.ygoprodeck.com/images/cards_cropped/37552929.jpg
37557626,Gishki Reliever,Aqua,WATER,2.0,500.0,800.0,https://images.ygoprodeck.com/images/cards_cropped/37557626.jpg
37617348,Rescue-ACE Hydrant,Machine,FIRE,1.0,0.0,0.0,https://images.ygoprodeck.com/images/cards_cropped/37617348.jpg
37620434,Shadow Tamer,Warrior,EARTH,3.0,800.0,700.0,https://images.ygoprodeck.com/images/cards_cropped/37620434.jpg
37629703,Labrynth Chandraglier,Fiend,DARK,3.0,1500.0,0.0,https://images.ygoprodeck.com/images/cards_cropped/37629703.jpg
37675138,Bone Crusher,Zombie,EARTH,4.0,1600.0,200.0,https://images.ygoprodeck.com/images/cards_cropped/37675138.jpg
37679169,Kozmo Delta Shuttle,Machine,DARK,5.0,2000.0,2000.0,https://images.ygoprodeck.com/images/cards_cropped/37679169.jpg
37683547,Albaz the Ashen,Dragon,DARK,4.0,1800.0,0.0,https://images.ygoprodeck.com/images/cards_cropped/37683547.jpg
37720300,Starship Adjust Plane,Machine,WIND,3.0,500.0,1100.0,https://images.ygoprodeck.com/images/cards_cropped/37720300.jpg
37721209,Levia-Dragon - Daedalus,Sea Serpent,WATER,7.0,2600.0,1500.0,https://images.ygoprodeck.com/images/cards_cropped/37721209.jpg
37742478,Honest,Fairy,LIGHT,4.0,1100.0,1900.0,https://images.ygoprodeck.com/images/cards_cropped/37742478.jpg
37744402,Wynn the Wind Charmer,Spellcaster,WIND,3.0,500.0,1500.0,https://images.ygoprodeck.com/images/cards_cropped/37744402.jpg
37745740,Performapal Bowhopper,Insect,EARTH,4.0,1500.0,1000.0,https://images.ygoprodeck.com/images/cards_cropped/37745740.jpg
37752990,Dinomist Ceratops,Machine,WATER,5.0,2100.0,400.0,https://images.ygoprodeck.com/images/cards_cropped/37752990.jpg
37780349,Destiny HERO - Dynatag,Warrior,DARK,5.0,1000.0,1000.0,https://images.ygoprodeck.com/images/cards_cropped/37780349.jpg
37781520,Mermail Abyssleed,Sea Serpent,WATER,7.0,2700.0,1000.0,https://images.ygoprodeck.com/images/cards_cropped/37781520.jpg
37792478,Metabo-Shark,Fish,WATER,4.0,1800.0,500.0,https://images.ygoprodeck.com/images/cards_cropped/37792478.jpg
37798171,Depth Shark,Fish,WATER,5.0,1400.0,0.0,https://images.ygoprodeck.com/images/cards_cropped/37798171.jpg
37799519,Stardust Synchron,Machine,LIGHT,4.0,1500.0,1000.0,https://images.ygoprodeck.com/images/cards_cropped/37799519.jpg
37803172,Hazy Flame Peryton,Pyro,FIRE,6.0,1600.0,1700.0,https://images.ygoprodeck.com/images/cards_cropped/37803172.jpg
37806313,Caravan of the Ice Barrier,Sea Serpent,WATER,1.0,500.0,200.0,https://images.ygoprodeck.com/images/cards_cropped/37806313.jpg
37829468,Rai-Jin,Thunder,LIGHT,4.0,-1.0,1000.0,https://images.ygoprodeck.com/images/cards_cropped/37829468.jpg
37869028,Hydra Viper,Reptile,WATER,4.0,1800.0,400.0,https://images.ygoprodeck.com/images/cards_cropped/37869028.jpg
37953640,Royal Swamp Eel,Fish,WATER,4.0,1700.0,1200.0,https://images.ygoprodeck.com/images/cards_cropped/37953640.jpg
37955049,Gaap the Divine Soldier,Fiend,DARK,6.0,2200.0,2000.0,https://images.ygoprodeck.com/images/cards_cropped/37955049.jpg
37957847,Insect Princess,Insect,WIND,6.0,1900.0,1200.0,https://images.ygoprodeck.com/images/cards_cropped/37957847.jpg
37961969,Tearlaments Havnis,Aqua,DARK,3.0,1600.0,1000.0,https://images.ygoprodeck.com/images/cards_cropped/37961969.jpg
37970940,Aussa the Earth Charmer,Spellcaster,EARTH,3.0,500.0,1500.0,https://images.ygoprodeck.com/images/cards_cropped/37970940.jpg
37984162,Gorgonic Golem,Rock,DARK,3.0,1200.0,600.0,https://images.ygoprodeck.com/images/cards_cropped/37984162.jpg
37984331,True Exodia,Spellcaster,DARK,1.0,0.0,0.0,https://images.ygoprodeck.com/images/cards_cropped/37984331.jpg
37991342,Qliphort Helix,Machine,EARTH,6.0,2400.0,1000.0,https://images.ygoprodeck.com/images/cards_cropped/37991342.jpg
38007744,Chronomaly Moai Carrier,Rock,EARTH,5.0,900.0,1800.0,https://images.ygoprodeck.com/images/cards_cropped/38007744.jpg
38033121,Dark Magician Girl,Spellcaster,DARK,6.0,2000.0,1700.0,https://images.ygoprodeck.com/images/cards_cropped/38033121.jpg
38035986,Akakieisu,Spellcaster,DARK,3.0,1000.0,800.0,https://images.ygoprodeck.com/images/cards_cropped/38035986.jpg
38041940,Seed of Flame,Plant,FIRE,3.0,1600.0,1200.0,https://images.ygoprodeck.com/images/cards_cropped/38041940.jpg
38049541,Genex Ally Chemistrer,Machine,DARK,2.0,200.0,500.0,https://images.ygoprodeck.com/images/cards_cropped/38049541.jpg
38082437,Morphtronic Telefon,Machine,EARTH,1.0,100.0,100.0,https://images.ygoprodeck.com/images/cards_cropped/38082437.jpg
38107923,Dark Nephthys,Winged Beast,DARK,8.0,2400.0,1600.0,https://images.ygoprodeck.com/images/cards_cropped/38107923.jpg
38109772,Dragonic Knight,Dragon,FIRE,7.0,2800.0,2300.0,https://images.ygoprodeck.com/images/cards_cropped/38109772.jpg
38114652,Mikumari the Sealing Deity Ashtra,Wyrm,WATER,7.0,2000.0,2500.0,https://images.ygoprodeck.com/images/cards_cropped/38114652.jpg
38116136,Machine Attacker,Machine,EARTH,5.0,1600.0,1300.0,https://images.ygoprodeck.com/images/cards_cropped/38116136.jpg
38124994,Fluffal Rabbit,Fairy,EARTH,1.0,300.0,1200.0,https://images.ygoprodeck.com/images/cards_cropped/38124994.jpg
38142739,Petit Angel,Fairy,LIGHT,3.0,600.0,900.0,https://images.ygoprodeck.com/images/cards_cropped/38142739.jpg
38173725,Arcjet Lightcraft,Machine,LIGHT,9.0,0.0,2100.0,https://images.ygoprodeck.com/images/cards_cropped/38173725.jpg
38210374,Explossum,Beast,EARTH,1.0,100.0,100.0,https://images.ygoprodeck.com/images/cards_cropped/38210374.jpg
38247752,Dark-Eyes Illusionist,Spellcaster,DARK,2.0,0.0,1400.0,https://images.ygoprodeck.com/images/cards_cropped/38247752.jpg
38267552,"Morpheus, the Dream Mirror Black Knight",Warrior,DARK,8.0,2800.0,1000.0,https://images.ygoprodeck.com/images/cards_cropped/38267552.jpg
38277918,Mikazukinoyaiba,Dragon,DARK,7.0,2200.0,2350.0,https://images.ygoprodeck.com/images/cards_cropped/38277918.jpg
38280762,"Enishi, Shien's Chancellor",Warrior,LIGHT,6.0,2200.0,1200.0,https://images.ygoprodeck.com/images/cards_cropped/38280762.jpg
38289717,Crawling Dragon #2,Dinosaur,EARTH,4.0,1600.0,1200.0,https://images.ygoprodeck.com/images/cards_cropped/38289717.jpg
38331244,Akasuna the Battle Ashtra,Fiend,FIRE,8.0,3000.0,300.0,https://images.ygoprodeck.com/images/cards_cropped/38331244.jpg
38331564,Star Seraph Scepter,Fairy,LIGHT,4.0,1800.0,400.0,https://images.ygoprodeck.com/images/cards_cropped/38331564.jpg
38339996,Rescue-ACE Impulse,Warrior,FIRE,3.0,1500.0,1500.0,https://images.ygoprodeck.com/images/cards_cropped/38339996.jpg
38356857,Gishki Grimness,Fish,WATER,2.0,600.0,700.0,https://images.ygoprodeck.com/images/cards_cropped/38356857.jpg
38369349,Manga Ryu-Ran,Dragon,FIRE,7.0,2200.0,2600.0,https://images.ygoprodeck.com/images/cards_cropped/38369349.jpg
38383368,Extraceratops,Warrior,EARTH,1.0,100.0,100.0,https://images.ygoprodeck.com/images/cards_cropped/38383368.jpg
38412161,Chow Sai the Ghost Stopper,Spellcaster,DARK,4.0,1900.0,800.0,https://images.ygoprodeck.com/images/cards_cropped/38412161.jpg
38445524,Gil Garth,Fiend,DARK,4.0,1800.0,1200.0,https://images.ygoprodeck.com/images/cards_cropped/38445524.jpg
38450736,Inzektor Earwig,Insect,DARK,4.0,1000.0,1000.0,https://images.ygoprodeck.com/images/cards_cropped/38450736.jpg
38468214,Alien Hypno,Reptile,WATER,4.0,1600.0,700.0,https://images.ygoprodeck.com/images/cards_cropped/38468214.jpg
38479725,The Trojan Horse,Beast,EARTH,4.0,1600.0,1200.0,https://images.ygoprodeck.com/images/cards_cropped/38479725.jpg
38480590,Lady Panther,Beast-Warrior,EARTH,4.0,1400.0,1300.0,https://images.ygoprodeck.com/images/cards_cropped/38480590.jpg
38491199,Junkuriboh,Machine,EARTH,1.0,300.0,200.0,https://images.ygoprodeck.com/images/cards_cropped/38491199.jpg
38492752,Laval Cannon,Warrior,FIRE,4.0,1600.0,900.0,https://images.ygoprodeck.com/images/cards_cropped/38492752.jpg
38505587,Moremarshmallon,Fairy,LIGHT,3.0,300.0,500.0,https://images.ygoprodeck.com/images/cards_cropped/38505587.jpg
38517737,Blue-Eyes Alternative White Dragon,Dragon,LIGHT,8.0,3000.0,2500.0,https://images.ygoprodeck.com/images/cards_cropped/38517737.jpg
38520918,Ancient Dragon,Dragon,LIGHT,4.0,1400.0,1300.0,https://images.ygoprodeck.com/images/cards_cropped/38520918.jpg
38522377,Meklord Astro Dragon Asterisk,Machine,DARK,10.0,0.0,0.0,https://images.ygoprodeck.com/images/cards_cropped/38522377.jpg
38525760,Hazy Flame Cerbereus,Beast,FIRE,6.0,2000.0,200.0,https://images.ygoprodeck.com/images/cards_cropped/38525760.jpg
38528901,Shock Troops of the Ice Barrier,Spellcaster,WATER,3.0,1500.0,800.0,https://images.ygoprodeck.com/images/cards_cropped/38528901.jpg
38529357,The Agent of Life - Neptune,Fairy,LIGHT,1.0,0.0,600.0,https://images.ygoprodeck.com/images/cards_cropped/38529357.jpg
38538445,Fushi No Tori,Winged Beast,FIRE,4.0,1200.0,0.0,https://images.ygoprodeck.com/images/cards_cropped/38538445.jpg
38562933,Blackwing - Jin the Rain Shadow,Winged Beast,DARK,1.0,600.0,500.0,https://images.ygoprodeck.com/images/cards_cropped/38562933.jpg
38572779,Miscellaneousaurus,Dinosaur,FIRE,4.0,1800.0,1000.0,https://images.ygoprodeck.com/images/cards_cropped/38572779.jpg
38601126,Robot Buster Destruction Sword,Machine,DARK,4.0,1600.0,1200.0,https://images.ygoprodeck.com/images/cards_cropped/38601126.jpg
38628859,Dinomorphia Diplos,Dinosaur,DARK,4.0,1000.0,0.0,https://images.ygoprodeck.com/images/cards_cropped/38628859.jpg
38648860,"Elzette, Azamina of the White Forest",Illusion,LIGHT,2.0,0.0,0.0,https://images.ygoprodeck.com/images/cards_cropped/38648860.jpg
38667773,Satellarknight Vega,Warrior,LIGHT,4.0,1200.0,1600.0,https://images.ygoprodeck.com/images/cards_cropped/38667773.jpg
38670435,Black Tyranno,Dinosaur,EARTH,7.0,2600.0,1800.0,https://images.ygoprodeck.com/images/cards_cropped/38670435.jpg
38679204,Vylon Stella,Fairy,LIGHT,3.0,1400.0,200.0,https://images.ygoprodeck.com/images/cards_cropped/38679204.jpg
38695361,Envoy of Chaos,Warrior,DARK,4.0,1500.0,0.0,https://images.ygoprodeck.com/images/cards_cropped/38695361.jpg
38730226,The Agent of Wisdom - Mercury,Fairy,LIGHT,4.0,0.0,1700.0,https://images.ygoprodeck.com/images/cards_cropped/38730226.jpg
38737148,Lightray Daedalus,Sea Serpent,LIGHT,7.0,2600.0,1500.0,https://images.ygoprodeck.com/images/cards_cropped/38737148.jpg
38742075,Frontier Wiseman,Spellcaster,EARTH,3.0,1600.0,800.0,https://images.ygoprodeck.com/images/cards_cropped/38742075.jpg
38757297,Photon Leo,Beast,LIGHT,6.0,2100.0,1100.0,https://images.ygoprodeck.com/images/cards_cropped/38757297.jpg
38775407,Sengenjin Wakes from a Millennium,Beast-Warrior,EARTH,8.0,2750.0,2500.0,https://images.ygoprodeck.com/images/cards_cropped/38775407.jpg
38783169,Squeaknight,Warrior,FIRE,1.0,500.0,500.0,https://images.ygoprodeck.com/images/cards_cropped/38783169.jpg
38814750,PSY-Framegear Gamma,Psychic,LIGHT,2.0,1000.0,0.0,https://images.ygoprodeck.com/images/cards_cropped/38814750.jpg
38815069,"Rinyan, Lightsworn Rogue",Beast,LIGHT,2.0,100.0,100.0,https://images.ygoprodeck.com/images/cards_cropped/38815069.jpg
38837163,"Akz, the Pumer",Beast-Warrior,EARTH,6.0,1500.0,1000.0,https://images.ygoprodeck.com/images/cards_cropped/38837163.jpg
38898779,Colossal Fighter/Assault Mode,Warrior,DARK,10.0,3300.0,1500.0,https://images.ygoprodeck.com/images/cards_cropped/38898779.jpg
38910263,Fire King Avatar Rangbali,Beast-Warrior,FIRE,4.0,1600.0,200.0,https://images.ygoprodeck.com/images/cards_cropped/38910263.jpg
38916461,Roboyarou,Machine,EARTH,3.0,900.0,450.0,https://images.ygoprodeck.com/images/cards_cropped/38916461.jpg
38916526,"Rafale, Champion Fur Hire",Dragon,LIGHT,8.0,2800.0,2200.0,https://images.ygoprodeck.com/images/cards_cropped/38916526.jpg
38942059,Sonic Maid,Warrior,EARTH,3.0,1200.0,900.0,https://images.ygoprodeck.com/images/cards_cropped/38942059.jpg
38955728,Dragon Core Hexer,Dragon,DARK,8.0,2300.0,3000.0,https://images.ygoprodeck.com/images/cards_cropped/38955728.jpg
38973775,Photon Lizard,Dragon,LIGHT,3.0,900.0,1200.0,https://images.ygoprodeck.com/images/cards_cropped/38973775.jpg
38975369,Gundari,Pyro,FIRE,4.0,1000.0,200.0,https://images.ygoprodeck.com/images/cards_cropped/38975369.jpg
38981606,Desert Protector,Insect,EARTH,4.0,800.0,1000.0,https://images.ygoprodeck.com/images/cards_cropped/38981606.jpg
38982356,Hyo,Warrior,WATER,3.0,800.0,1200.0,https://images.ygoprodeck.com/images/cards_cropped/38982356.jpg
38988538,Dinomist Plesios,Machine,WATER,4.0,1700.0,1400.0,https://images.ygoprodeck.com/images/cards_cropped/38988538.jpg
38999506,Cosmo Queen,Spellcaster,DARK,8.0,2900.0,2450.0,https://images.ygoprodeck.com/images/cards_cropped/38999506.jpg
39000945,Reflection of Endymion,Spellcaster,LIGHT,7.0,1850.0,2700.0,https://images.ygoprodeck.com/images/cards_cropped/39000945.jpg
39004808,Root Water,Fish,WATER,3.0,900.0,800.0,https://images.ygoprodeck.com/images/cards_cropped/39004808.jpg
39016067,"Wind Unicorn Parallel, the Dracoslayer",Spellcaster,WIND,6.0,2000.0,2000.0,https://images.ygoprodeck.com/images/cards_cropped/39016067.jpg
39024589,Abyss Actor - Trendy Understudy,Fiend,DARK,2.0,700.0,700.0,https://images.ygoprodeck.com/images/cards_cropped/39024589.jpg
39030883,Dark Armed Dragon Punisher,Dragon,DARK,7.0,2800.0,1000.0,https://images.ygoprodeck.com/images/cards_cropped/39030883.jpg
39037517,Koa'ki Meiru Beetle,Insect,EARTH,4.0,1900.0,1500.0,https://images.ygoprodeck.com/images/cards_cropped/39037517.jpg
39041550,Beetrooper Scale Bomber,Insect,FIRE,3.0,1200.0,2000.0,https://images.ygoprodeck.com/images/cards_cropped/39041550.jpg
39053882,V Umbral Horror,Spellcaster,DARK,4.0,500.0,1500.0,https://images.ygoprodeck.com/images/cards_cropped/39053882.jpg
39078434,Infinite Antlion,Insect,EARTH,3.0,1200.0,1500.0,https://images.ygoprodeck.com/images/cards_cropped/39078434.jpg
39091951,Pandaborg,Psychic,WATER,4.0,1700.0,1400.0,https://images.ygoprodeck.com/images/cards_cropped/39091951.jpg
39111158,Tri-Horned Dragon,Dragon,DARK,8.0,2850.0,2350.0,https://images.ygoprodeck.com/images/cards_cropped/39111158.jpg
39118197,"Karakuri Bushi mdl 6318 ""Muzanichiha""",Machine,EARTH,4.0,1800.0,600.0,https://images.ygoprodeck.com/images/cards_cropped/39118197.jpg
39153655,D/D Cerberus,Fiend,DARK,4.0,1800.0,600.0,https://images.ygoprodeck.com/images/cards_cropped/39153655.jpg
39168895,Berserk Gorilla,Beast,EARTH,4.0,2000.0,1000.0,https://images.ygoprodeck.com/images/cards_cropped/39168895.jpg
39175982,Winged Cleaver,Insect,EARTH,2.0,700.0,700.0,https://images.ygoprodeck.com/images/cards_cropped/39175982.jpg
39180960,Rigorous Reaver,Plant,FIRE,3.0,1600.0,100.0,https://images.ygoprodeck.com/images/cards_cropped/39180960.jpg
39185163,Doomking Balerdroch,Zombie,DARK,8.0,2800.0,2000.0,https://images.ygoprodeck.com/images/cards_cropped/39185163.jpg
39188539,Storm Shooter,Winged Beast,WIND,7.0,2300.0,500.0,https://images.ygoprodeck.com/images/cards_cropped/39188539.jpg
39191307,Masked Dragon,Dragon,FIRE,3.0,1400.0,1100.0,https://images.ygoprodeck.com/images/cards_cropped/39191307.jpg
39229392,Overlay Sentinel,Warrior,LIGHT,4.0,2000.0,0.0,https://images.ygoprodeck.com/images/cards_cropped/39229392.jpg
39239728,Royal Guard,Machine,EARTH,6.0,1900.0,2200.0,https://images.ygoprodeck.com/images/cards_cropped/39239728.jpg
39246582,Fluffal Dog,Fairy,EARTH,4.0,1700.0,1000.0,https://images.ygoprodeck.com/images/cards_cropped/39246582.jpg
39256679,Beta The Magnet Warrior,Rock,EARTH,4.0,1700.0,1600.0,https://images.ygoprodeck.com/images/cards_cropped/39256679.jpg
39260991,Aquaactress Tetra,Aqua,WATER,1.0,300.0,300.0,https://images.ygoprodeck.com/images/cards_cropped/39260991.jpg
39271553,F.A. Auto Navigator,Machine,WIND,1.0,0.0,0.0,https://images.ygoprodeck.com/images/cards_cropped/39271553.jpg
39284521,Machina Cannon,Machine,EARTH,8.0,0.0,2200.0,https://images.ygoprodeck.com/images/cards_cropped/39284521.jpg
39299733,Fortune Chariot,Fairy,WIND,6.0,1000.0,2000.0,https://images.ygoprodeck.com/images/cards_cropped/39299733.jpg
39303359,Ancient Gear Knight,Machine,EARTH,4.0,1800.0,500.0,https://images.ygoprodeck.com/images/cards_cropped/39303359.jpg
39321065,Silent Swordsman Zero,Warrior,LIGHT,4.0,1000.0,1000.0,https://images.ygoprodeck.com/images/cards_cropped/39321065.jpg
39343610,Darkblaze Dragon,Dragon,FIRE,7.0,1200.0,1000.0,https://images.ygoprodeck.com/images/cards_cropped/39343610.jpg
39354437,Icejade Aegirine,Aqua,WATER,3.0,1000.0,2000.0,https://images.ygoprodeck.com/images/cards_cropped/39354437.jpg
39357122,Red-Eyes Archfiend of Lightning,Fiend,DARK,6.0,2500.0,1200.0,https://images.ygoprodeck.com/images/cards_cropped/39357122.jpg
39389320,Battleguard King,Warrior,EARTH,8.0,3000.0,1100.0,https://images.ygoprodeck.com/images/cards_cropped/39389320.jpg
39392286,Harpie Perfumer,Winged Beast,WIND,4.0,1400.0,1300.0,https://images.ygoprodeck.com/images/cards_cropped/39392286.jpg
39396763,Dyna Base,Machine,EARTH,4.0,0.0,2100.0,https://images.ygoprodeck.com/images/cards_cropped/39396763.jpg
39432962,Dododo Witch,Warrior,EARTH,4.0,1200.0,1600.0,https://images.ygoprodeck.com/images/cards_cropped/39432962.jpg
39439590,Cyber Dinosaur,Machine,LIGHT,7.0,2500.0,1900.0,https://images.ygoprodeck.com/images/cards_cropped/39439590.jpg
39468724,Nekroz of Areadbhair,Warrior,WATER,10.0,3300.0,3200.0,https://images.ygoprodeck.com/images/cards_cropped/39468724.jpg
39505816,Cataclysmic Scorching Sunburner,Fairy,FIRE,8.0,2600.0,200.0,https://images.ygoprodeck.com/images/cards_cropped/39505816.jpg
39507162,Blade Knight,Warrior,LIGHT,4.0,1600.0,1000.0,https://images.ygoprodeck.com/images/cards_cropped/39507162.jpg
39520293,Junk Mail,Warrior,EARTH,1.0,400.0,100.0,https://images.ygoprodeck.com/images/cards_cropped/39520293.jpg
39522887,"Snopios, Shade of the Ghoti",Fish,WATER,6.0,2100.0,0.0,https://images.ygoprodeck.com/images/cards_cropped/39522887.jpg
39552864,Mystical Shine Ball,Fairy,LIGHT,2.0,500.0,500.0,https://images.ygoprodeck.com/images/cards_cropped/39552864.jpg
39581190,Subterror Nemesis Archer,Fairy,EARTH,3.0,1600.0,1400.0,https://images.ygoprodeck.com/images/cards_cropped/39581190.jpg
39618799,Cyber Angel Dakini,Fairy,LIGHT,8.0,2700.0,2400.0,https://images.ygoprodeck.com/images/cards_cropped/39618799.jpg
39643167,Bunny Ear Enthusiast,Beast-Warrior,EARTH,1.0,200.0,100.0,https://images.ygoprodeck.com/images/cards_cropped/39643167.jpg
39648965,Meklord Army of Wisel,Machine,DARK,4.0,1800.0,0.0,https://images.ygoprodeck.com/images/cards_cropped/39648965.jpg
39672388,Evolsaur Darwino,Dinosaur,FIRE,5.0,2200.0,700.0,https://images.ygoprodeck.com/images/cards_cropped/39672388.jpg
39674352,Gogiga Gagagigo,Reptile,WATER,8.0,2950.0,2800.0,https://images.ygoprodeck.com/images/cards_cropped/39674352.jpg
39695323,Gogogo Giant,Rock,EARTH,4.0,2000.0,0.0,https://images.ygoprodeck.com/images/cards_cropped/39695323.jpg
39699564,Brotherhood of the Fire Fist - Leopard,Beast-Warrior,FIRE,3.0,0.0,200.0,https://images.ygoprodeck.com/images/cards_cropped/39699564.jpg
39703254,Inmato,Plant,DARK,3.0,1400.0,800.0,https://images.ygoprodeck.com/images/cards_cropped/39703254.jpg
39706423,GMX Suppression Squad,Beast-Warrior,WIND,4.0,1900.0,0.0,https://images.ygoprodeck.com/images/cards_cropped/39706423.jpg
39711336,Fushioh Richie,Zombie,DARK,7.0,2600.0,2900.0,https://images.ygoprodeck.com/images/cards_cropped/39711336.jpg
39732186,Prohibit Snake,Cyberse,LIGHT,2.0,500.0,1000.0,https://images.ygoprodeck.com/images/cards_cropped/39732186.jpg
39751094,Otohime,Spellcaster,LIGHT,3.0,0.0,100.0,https://images.ygoprodeck.com/images/cards_cropped/39751094.jpg
39761138,Neo Flamvell Shaman,Pyro,FIRE,3.0,1700.0,200.0,https://images.ygoprodeck.com/images/cards_cropped/39761138.jpg
39761418,Arcana Force XIX - The Sun,Fairy,LIGHT,7.0,2900.0,2900.0,https://images.ygoprodeck.com/images/cards_cropped/39761418.jpg
39806198,Gimmick Puppet Magnet Doll,Machine,DARK,8.0,1000.0,1000.0,https://images.ygoprodeck.com/images/cards_cropped/39806198.jpg
39817919,Shinobird Crow,Winged Beast,WIND,4.0,0.0,0.0,https://images.ygoprodeck.com/images/cards_cropped/39817919.jpg
39829561,Destiny HERO - Departed,Warrior,DARK,2.0,1000.0,0.0,https://images.ygoprodeck.com/images/cards_cropped/39829561.jpg
39853199,Yosenju Misak,Beast,WIND,6.0,2300.0,200.0,https://images.ygoprodeck.com/images/cards_cropped/39853199.jpg
39890958,Heavy Mech Support Armor,Machine,LIGHT,3.0,500.0,500.0,https://images.ygoprodeck.com/images/cards_cropped/39890958.jpg
39892082,Balloon Lizard,Reptile,EARTH,4.0,500.0,1900.0,https://images.ygoprodeck.com/images/cards_cropped/39892082.jpg
39905966,Gishki Marker,Aqua,WATER,4.0,1600.0,1200.0,https://images.ygoprodeck.com/images/cards_cropped/39905966.jpg
39931513,Tenpai Dragon Paidra,Dragon,FIRE,3.0,1700.0,1000.0,https://images.ygoprodeck.com/images/cards_cropped/39931513.jpg
39978267,Cyber Raider,Machine,DARK,4.0,1400.0,1000.0,https://images.ygoprodeck.com/images/cards_cropped/39978267.jpg
39984786,Spawn Alligator,Reptile,WATER,5.0,2200.0,1000.0,https://images.ygoprodeck.com/images/cards_cropped/39984786.jpg
39987731,Jinzo the Machine Menace,Machine,DARK,7.0,2400.0,1500.0,https://images.ygoprodeck.com/images/cards_cropped/39987731.jpg
40028305,Superheavy Samurai Soulclaw,Machine,EARTH,2.0,500.0,500.0,https://images.ygoprodeck.com/images/cards_cropped/40028305.jpg
40041559,Genia of the Ring,Spellcaster,EARTH,4.0,1850.0,1850.0,https://images.ygoprodeck.com/images/cards_cropped/40041559.jpg
40044918,Elemental HERO Stratos,Warrior,WIND,4.0,1800.0,300.0,https://images.ygoprodeck.com/images/cards_cropped/40044918.jpg
40048324,Arcane Apprentice,Spellcaster,FIRE,2.0,1000.0,400.0,https://images.ygoprodeck.com/images/cards_cropped/40048324.jpg
40061558,Apoqliphort Skybase,Machine,EARTH,9.0,2900.0,2500.0,https://images.ygoprodeck.com/images/cards_cropped/40061558.jpg
40133511,Bazoo the Soul-Eater,Beast,EARTH,4.0,1600.0,900.0,https://images.ygoprodeck.com/images/cards_cropped/40133511.jpg
40140448,Ancient Warriors - Masterful Sun Mou,Beast-Warrior,WATER,4.0,1800.0,1500.0,https://images.ygoprodeck.com/images/cards_cropped/40140448.jpg
40143123,Constellar Virgo,Fairy,LIGHT,5.0,2300.0,1600.0,https://images.ygoprodeck.com/images/cards_cropped/40143123.jpg
40155554,Ally Mind,Machine,DARK,5.0,1800.0,1400.0,https://images.ygoprodeck.com/images/cards_cropped/40155554.jpg
40159926,Mirror Resonator,Fiend,LIGHT,1.0,0.0,0.0,https://images.ygoprodeck.com/images/cards_cropped/40159926.jpg
40160226,Mecha Sea Dragon Plesion,Machine,WATER,5.0,2300.0,1800.0,https://images.ygoprodeck.com/images/cards_cropped/40160226.jpg
40164421,"Minerva, Lightsworn Maiden",Spellcaster,LIGHT,3.0,800.0,200.0,https://images.ygoprodeck.com/images/cards_cropped/40164421.jpg
40177746,Eva,Fairy,LIGHT,1.0,500.0,200.0,https://images.ygoprodeck.com/images/cards_cropped/40177746.jpg
40189917,Flamvell Commando,Pyro,FIRE,6.0,2200.0,200.0,https://images.ygoprodeck.com/images/cards_cropped/40189917.jpg
40196604,Dark Shade,Fiend,WIND,3.0,1000.0,1000.0,https://images.ygoprodeck.com/images/cards_cropped/40196604.jpg
40200834,Sleeping Lion,Beast,EARTH,4.0,700.0,1700.0,https://images.ygoprodeck.com/images/cards_cropped/40200834.jpg
40213117,Amores of Prophecy,Spellcaster,EARTH,3.0,600.0,2000.0,https://images.ygoprodeck.com/images/cards_cropped/40213117.jpg
40217358,Blue Duston,Fiend,WATER,1.0,0.0,1000.0,https://images.ygoprodeck.com/images/cards_cropped/40217358.jpg
40221691,Nightmare Magician,Illusion,DARK,7.0,2500.0,2000.0,https://images.ygoprodeck.com/images/cards_cropped/40221691.jpg
40225398,Twin-Sword Marauder,Warrior,DARK,4.0,1600.0,1000.0,https://images.ygoprodeck.com/images/cards_cropped/40225398.jpg
40227329,Go! - D/D/D Divine Zero King Rage,Fiend,DARK,10.0,0.0,0.0,https://images.ygoprodeck.com/images/cards_cropped/40227329.jpg
40237839,Winged Kuriboh Sabatiel LV10,Fairy,LIGHT,10.0,300.0,200.0,https://images.ygoprodeck.com/images/cards_cropped/40237839.jpg
40240595,Cocoon of Evolution,Insect,EARTH,3.0,0.0,2000.0,https://images.ygoprodeck.com/images/cards_cropped/40240595.jpg
40267580,Brain Jacker,Fiend,DARK,2.0,200.0,900.0,https://images.ygoprodeck.com/images/cards_cropped/40267580.jpg
40275470,Jinzo - Energy Shocker,Machine,DARK,7.0,2400.0,1500.0,https://images.ygoprodeck.com/images/cards_cropped/40275470.jpg
40318957,Performapal Skullcrobat Joker,Spellcaster,DARK,4.0,1800.0,100.0,https://images.ygoprodeck.com/images/cards_cropped/40318957.jpg
40320754,Lord Poison,Plant,WATER,4.0,1500.0,1000.0,https://images.ygoprodeck.com/images/cards_cropped/40320754.jpg
40343749,House Duston,Fiend,LIGHT,1.0,0.0,1000.0,https://images.ygoprodeck.com/images/cards_cropped/40343749.jpg
40348946,Hyper Synchron,Machine,LIGHT,4.0,1600.0,800.0,https://images.ygoprodeck.com/images/cards_cropped/40348946.jpg
40352445,White Knight of Dogmatika,Spellcaster,LIGHT,8.0,500.0,2500.0,https://images.ygoprodeck.com/images/cards_cropped/40352445.jpg
40371092,"Gaia, the Mid-Knight Sun",Warrior,LIGHT,4.0,1600.0,1200.0,https://images.ygoprodeck.com/images/cards_cropped/40371092.jpg
40374923,Mammoth Graveyard,Dinosaur,EARTH,3.0,1200.0,800.0,https://images.ygoprodeck.com/images/cards_cropped/40374923.jpg
40380686,Baby Mudragon,Dragon,DARK,1.0,0.0,200.0,https://images.ygoprodeck.com/images/cards_cropped/40380686.jpg
40384720,Sonic Shooter,Winged Beast,WIND,4.0,1300.0,600.0,https://images.ygoprodeck.com/images/cards_cropped/40384720.jpg
40387124,Abyss Flower,Plant,EARTH,2.0,750.0,400.0,https://images.ygoprodeck.com/images/cards_cropped/40387124.jpg
40392714,Geira Guile the Cubic King,Fairy,WIND,2.0,0.0,0.0,https://images.ygoprodeck.com/images/cards_cropped/40392714.jpg
40398073,Nurse Dragonmaid,Dragon,EARTH,2.0,500.0,1600.0,https://images.ygoprodeck.com/images/cards_cropped/40398073.jpg
40410110,Homunculus the Alchemic Being,Plant,LIGHT,4.0,1800.0,1600.0,https://images.ygoprodeck.com/images/cards_cropped/40410110.jpg
40428851,Ancient Warriors - Virtuous Liu Xuan,Beast-Warrior,WIND,4.0,1400.0,1200.0,https://images.ygoprodeck.com/images/cards_cropped/40428851.jpg
40441990,"World Legacy - ""World Key""",Machine,DARK,1.0,0.0,0.0,https://images.ygoprodeck.com/images/cards_cropped/40441990.jpg
40453765,Swamp Battleguard,Warrior,EARTH,5.0,1800.0,1500.0,https://images.ygoprodeck.com/images/cards_cropped/40453765.jpg
40460013,Zalamander Catalyzer,Fiend,FIRE,4.0,1600.0,200.0,https://images.ygoprodeck.com/images/cards_cropped/40460013.jpg
40473581,Susa Soldier,Thunder,EARTH,4.0,2000.0,1600.0,https://images.ygoprodeck.com/images/cards_cropped/40473581.jpg
40502912,Aria the Melodious Diva,Fairy,LIGHT,4.0,1600.0,1200.0,https://images.ygoprodeck.com/images/cards_cropped/40502912.jpg
40516623,Yoko-Zuna Sumo Spirit,Warrior,WIND,5.0,2400.0,1000.0,https://images.ygoprodeck.com/images/cards_cropped/40516623.jpg
40542825,Familiar-Possessed - Lyna,Spellcaster,LIGHT,4.0,1850.0,1500.0,https://images.ygoprodeck.com/images/cards_cropped/40542825.jpg
40543231,"Mitsurugi no Mikoto, Aramasa",Reptile,DARK,4.0,1200.0,900.0,https://images.ygoprodeck.com/images/cards_cropped/40543231.jpg
40575313,Shadow Specter,Zombie,DARK,1.0,500.0,200.0,https://images.ygoprodeck.com/images/cards_cropped/40575313.jpg
40583194,Force Resonator,Fiend,WATER,2.0,500.0,500.0,https://images.ygoprodeck.com/images/cards_cropped/40583194.jpg
40591390,Destiny HERO - Dreadmaster,Warrior,DARK,8.0,-1.0,-1.0,https://images.ygoprodeck.com/images/cards_cropped/40591390.jpg
40607210,Vampire Grace,Zombie,DARK,6.0,2000.0,1200.0,https://images.ygoprodeck.com/images/cards_cropped/40607210.jpg
40619741,Vylon Soldier,Fairy,LIGHT,4.0,1700.0,1000.0,https://images.ygoprodeck.com/images/cards_cropped/40619741.jpg
40634253,BM-4 Blast Spider,Machine,DARK,4.0,1400.0,2200.0,https://images.ygoprodeck.com/images/cards_cropped/40634253.jpg
40640057,Kuriboh,Fiend,DARK,1.0,300.0,200.0,https://images.ygoprodeck.com/images/cards_cropped/40640057.jpg
40659562,Guardian Sphinx,Rock,EARTH,5.0,1700.0,2400.0,https://images.ygoprodeck.com/images/cards_cropped/40659562.jpg
40663548,Aromage Marjoram,Plant,DARK,5.0,2000.0,1600.0,https://images.ygoprodeck.com/images/cards_cropped/40663548.jpg
40666140,Ljosalf of the Nordic Alfar,Spellcaster,LIGHT,4.0,1400.0,1200.0,https://images.ygoprodeck.com/images/cards_cropped/40666140.jpg
40672993,Lightning Rod Lord,Thunder,LIGHT,4.0,1800.0,100.0,https://images.ygoprodeck.com/images/cards_cropped/40672993.jpg
40695128,Maharaghi,Rock,EARTH,4.0,1200.0,1700.0,https://images.ygoprodeck.com/images/cards_cropped/40695128.jpg
40725446,Arequus the Shining Mars Saint,Pyro,LIGHT,5.0,2000.0,1800.0,https://images.ygoprodeck.com/images/cards_cropped/40725446.jpg
40732515,"Endymion, the Master Magician",Spellcaster,DARK,7.0,2700.0,1700.0,https://images.ygoprodeck.com/images/cards_cropped/40732515.jpg
40737112,Dark Magician of Chaos,Spellcaster,DARK,8.0,2800.0,2600.0,https://images.ygoprodeck.com/images/cards_cropped/40737112.jpg
40740224,Cross Keeper,Warrior,DARK,2.0,400.0,400.0,https://images.ygoprodeck.com/images/cards_cropped/40740224.jpg
40785230,Veda Kalarcanum,Warrior,DARK,12.0,0.0,4000.0,https://images.ygoprodeck.com/images/cards_cropped/40785230.jpg
40817915,Kurivolt,Thunder,LIGHT,1.0,300.0,200.0,https://images.ygoprodeck.com/images/cards_cropped/40817915.jpg
40826495,Dissolverock,Rock,EARTH,3.0,900.0,1000.0,https://images.ygoprodeck.com/images/cards_cropped/40826495.jpg
40844552,Valkyrie of the Nordic Ascendant,Fairy,LIGHT,2.0,400.0,800.0,https://images.ygoprodeck.com/images/cards_cropped/40844552.jpg
40867519,Silent Insect,Insect,EARTH,2.0,200.0,300.0,https://images.ygoprodeck.com/images/cards_cropped/40867519.jpg
40884383,Chopman the Desperate Outlaw,Zombie,DARK,3.0,1100.0,500.0,https://images.ygoprodeck.com/images/cards_cropped/40884383.jpg
40894584,Jigabyte,Reptile,WATER,4.0,1500.0,200.0,https://images.ygoprodeck.com/images/cards_cropped/40894584.jpg
40907115,Ritual Beast Tamer Wen,Psychic,WIND,3.0,1500.0,1000.0,https://images.ygoprodeck.com/images/cards_cropped/40907115.jpg
40916023,Aqua Spirit,Aqua,WATER,4.0,1600.0,1200.0,https://images.ygoprodeck.com/images/cards_cropped/40916023.jpg
40921545,Evilswarm Ketos,Aqua,DARK,4.0,1750.0,1050.0,https://images.ygoprodeck.com/images/cards_cropped/40921545.jpg
40921744,Darklord Zerato,Fairy,DARK,8.0,2800.0,2300.0,https://images.ygoprodeck.com/images/cards_cropped/40921744.jpg
40933924,Dark Scorpion Burglars,Warrior,DARK,4.0,1000.0,1000.0,https://images.ygoprodeck.com/images/cards_cropped/40933924.jpg
40937767,Grave Ohja,Rock,EARTH,4.0,1600.0,1500.0,https://images.ygoprodeck.com/images/cards_cropped/40937767.jpg
40941889,ZW - Asura Strike,Fairy,FIRE,4.0,1000.0,1000.0,https://images.ygoprodeck.com/images/cards_cropped/40941889.jpg
40945356,"Twilight Ninja Nichirin, the Chunin",Warrior,DARK,6.0,2300.0,1000.0,https://images.ygoprodeck.com/images/cards_cropped/40945356.jpg
40975574,Red Resonator,Fiend,FIRE,2.0,600.0,200.0,https://images.ygoprodeck.com/images/cards_cropped/40975574.jpg
40991587,The Lady in Wight,Zombie,DARK,3.0,0.0,2200.0,https://images.ygoprodeck.com/images/cards_cropped/40991587.jpg
40998517,"Frodi, Generaider Boss of Swords",Warrior,WIND,9.0,2500.0,2000.0,https://images.ygoprodeck.com/images/cards_cropped/40998517.jpg
41002238,Kaiser Glider - Golden Burst,Dragon,LIGHT,6.0,2400.0,2200.0,https://images.ygoprodeck.com/images/cards_cropped/41002238.jpg
41006930,Strike Ninja,Warrior,DARK,4.0,1700.0,1200.0,https://images.ygoprodeck.com/images/cards_cropped/41006930.jpg
41039846,Swarm of Crows,Winged Beast,DARK,5.0,1200.0,1800.0,https://images.ygoprodeck.com/images/cards_cropped/41039846.jpg
41061625,Yashinoki,Plant,EARTH,2.0,800.0,600.0,https://images.ygoprodeck.com/images/cards_cropped/41061625.jpg
41077745,Elemental HERO Ice Edge,Warrior,WATER,3.0,800.0,900.0,https://images.ygoprodeck.com/images/cards_cropped/41077745.jpg
41089128,Flame Ruler,Pyro,FIRE,4.0,1500.0,1600.0,https://images.ygoprodeck.com/images/cards_cropped/41089128.jpg
41090784,Dai-sojo of the Ice Barrier,Spellcaster,WATER,6.0,1600.0,2200.0,https://images.ygoprodeck.com/images/cards_cropped/41090784.jpg
41091257,SPYRAL Super Agent,Warrior,EARTH,4.0,1900.0,1200.0,https://images.ygoprodeck.com/images/cards_cropped/41091257.jpg
41098335,Ape Fighter,Beast,DARK,4.0,1900.0,1200.0,https://images.ygoprodeck.com/images/cards_cropped/41098335.jpg
41113025,Diskblade Rider,Fiend,WIND,4.0,1700.0,1500.0,https://images.ygoprodeck.com/images/cards_cropped/41113025.jpg
41114306,Dark Garnex the Cubic Beast,Beast,EARTH,2.0,0.0,0.0,https://images.ygoprodeck.com/images/cards_cropped/41114306.jpg
41141943,Superheavy Samurai Transporter,Machine,EARTH,5.0,1200.0,1800.0,https://images.ygoprodeck.com/images/cards_cropped/41141943.jpg
41158734,Apocatequil,Thunder,LIGHT,4.0,1800.0,1200.0,https://images.ygoprodeck.com/images/cards_cropped/41158734.jpg
41160533,Rose Tentacles,Plant,EARTH,6.0,2200.0,1200.0,https://images.ygoprodeck.com/images/cards_cropped/41160533.jpg
41165831,Unchained Soul of Sharvara,Fiend,FIRE,6.0,2000.0,1500.0,https://images.ygoprodeck.com/images/cards_cropped/41165831.jpg
41172955,Green Gadget,Machine,EARTH,4.0,1400.0,600.0,https://images.ygoprodeck.com/images/cards_cropped/41172955.jpg
41175645,Silent Magician,Spellcaster,LIGHT,4.0,1000.0,1000.0,https://images.ygoprodeck.com/images/cards_cropped/41175645.jpg
41181774,Earthbound Immortal Wiraqocha Rasca,Winged Beast,DARK,10.0,100.0,100.0,https://images.ygoprodeck.com/images/cards_cropped/41181774.jpg
41201555,Koa'ki Meiru Gravirose,Plant,FIRE,4.0,1900.0,1300.0,https://images.ygoprodeck.com/images/cards_cropped/41201555.jpg
41218256,Claw Reacher,Fiend,DARK,3.0,1000.0,800.0,https://images.ygoprodeck.com/images/cards_cropped/41218256.jpg
41224658,Ambitious Gofer,Fiend,DARK,6.0,2400.0,100.0,https://images.ygoprodeck.com/images/cards_cropped/41224658.jpg
41230939,Cyberdark Horn,Machine,DARK,4.0,800.0,800.0,https://images.ygoprodeck.com/images/cards_cropped/41230939.jpg
41249545,Grass Phantom,Plant,WATER,3.0,1000.0,1000.0,https://images.ygoprodeck.com/images/cards_cropped/41249545.jpg
41255165,Penguin Ninja,Aqua,WATER,3.0,1400.0,700.0,https://images.ygoprodeck.com/images/cards_cropped/41255165.jpg
41269771,Constellar Algiedi,Spellcaster,LIGHT,4.0,1600.0,1400.0,https://images.ygoprodeck.com/images/cards_cropped/41269771.jpg
41306080,Hiyari @Ignister,Cyberse,WATER,1.0,300.0,400.0,https://images.ygoprodeck.com/images/cards_cropped/41306080.jpg
41307269,Superheavy Samurai Kabuto,Machine,EARTH,4.0,1000.0,2000.0,https://images.ygoprodeck.com/images/cards_cropped/41307269.jpg
41329458,Mecha Phantom Beast Kalgriffin,Machine,WIND,7.0,1000.0,2500.0,https://images.ygoprodeck.com/images/cards_cropped/41329458.jpg
41382147,Rallis the Star Bird,Winged Beast,WIND,3.0,800.0,800.0,https://images.ygoprodeck.com/images/cards_cropped/41382147.jpg
41386308,Mathematician,Spellcaster,EARTH,3.0,1500.0,500.0,https://images.ygoprodeck.com/images/cards_cropped/41386308.jpg
41392891,Feral Imp,Fiend,DARK,4.0,1300.0,1400.0,https://images.ygoprodeck.com/images/cards_cropped/41392891.jpg
41396436,Blue-Winged Crown,Winged Beast,WIND,4.0,1600.0,1200.0,https://images.ygoprodeck.com/images/cards_cropped/41396436.jpg
41403766,Giant Scorpion of the Tundra,Insect,EARTH,3.0,1100.0,1000.0,https://images.ygoprodeck.com/images/cards_cropped/41403766.jpg
41406613,"Reign-Beaux, Overking of Dark World",Fiend,DARK,8.0,3000.0,1800.0,https://images.ygoprodeck.com/images/cards_cropped/41406613.jpg
41422426,Supporter in the Shadows,Warrior,EARTH,3.0,1000.0,1000.0,https://images.ygoprodeck.com/images/cards_cropped/41422426.jpg
41424250,Chaos End Ruler - Master of the Beginning and End,Warrior,LIGHT,10.0,3500.0,2000.0,https://images.ygoprodeck.com/images/cards_cropped/41424250.jpg
41431329,Vylon Cube,Machine,LIGHT,3.0,800.0,800.0,https://images.ygoprodeck.com/images/cards_cropped/41431329.jpg
41440148,Performapal Hip Hippo,Beast,EARTH,3.0,800.0,800.0,https://images.ygoprodeck.com/images/cards_cropped/41440148.jpg
41442341,Puppet Master,Fiend,DARK,6.0,0.0,0.0,https://images.ygoprodeck.com/images/cards_cropped/41442341.jpg
41443249,Rescue-ACE Preventer,Machine,FIRE,8.0,2800.0,2800.0,https://images.ygoprodeck.com/images/cards_cropped/41443249.jpg
41456841,Metamorphosed Insect Queen,Insect,EARTH,7.0,2800.0,2400.0,https://images.ygoprodeck.com/images/cards_cropped/41456841.jpg
41470137,Gladiator Beast Bestiari,Winged Beast,WIND,4.0,1500.0,800.0,https://images.ygoprodeck.com/images/cards_cropped/41470137.jpg
41493640,Shogi Knight,Beast-Warrior,EARTH,3.0,800.0,400.0,https://images.ygoprodeck.com/images/cards_cropped/41493640.jpg
41516133,Super B.E.S. Metal Slave,Machine,DARK,11.0,3100.0,3100.0,https://images.ygoprodeck.com/images/cards_cropped/41516133.jpg
41525660,Nazuki the Vaylantz Ninja,Spellcaster,WATER,6.0,1800.0,1800.0,https://images.ygoprodeck.com/images/cards_cropped/41525660.jpg
41562624,Shiranui Squire,Zombie,FIRE,4.0,1500.0,0.0,https://images.ygoprodeck.com/images/cards_cropped/41562624.jpg
41589166,Tenkabito Shien,Pyro,FIRE,4.0,1500.0,1000.0,https://images.ygoprodeck.com/images/cards_cropped/41589166.jpg
41613948,Destiny HERO - Doom Lord,Warrior,DARK,3.0,600.0,800.0,https://images.ygoprodeck.com/images/cards_cropped/41613948.jpg
41628550,Superheavy Samurai Blue Brawler,Machine,EARTH,4.0,0.0,2000.0,https://images.ygoprodeck.com/images/cards_cropped/41628550.jpg
41639001,Hieratic Dragon of Nuit,Dragon,LIGHT,4.0,1700.0,900.0,https://images.ygoprodeck.com/images/cards_cropped/41639001.jpg
41705642,Salvage Warrior,Warrior,WATER,5.0,1900.0,1600.0,https://images.ygoprodeck.com/images/cards_cropped/41705642.jpg
41729254,"Hajun, the Winged Mayakashi",Zombie,WIND,1.0,600.0,400.0,https://images.ygoprodeck.com/images/cards_cropped/41729254.jpg
41741922,Lava Dragon,Dragon,FIRE,4.0,1600.0,1200.0,https://images.ygoprodeck.com/images/cards_cropped/41741922.jpg
41753322,Sauropod Brachion,Dinosaur,EARTH,8.0,1500.0,3000.0,https://images.ygoprodeck.com/images/cards_cropped/41753322.jpg
41762634,Giant Flea,Insect,EARTH,4.0,1500.0,1200.0,https://images.ygoprodeck.com/images/cards_cropped/41762634.jpg
41767843,Score the Melodious Diva,Fairy,LIGHT,2.0,200.0,200.0,https://images.ygoprodeck.com/images/cards_cropped/41767843.jpg
41782653,Overtex Qoatlus,Dinosaur,DARK,7.0,2700.0,2100.0,https://images.ygoprodeck.com/images/cards_cropped/41782653.jpg
41788781,Guldfaxe of the Nordic Beasts,Beast,LIGHT,4.0,1600.0,1000.0,https://images.ygoprodeck.com/images/cards_cropped/41788781.jpg
41802073,Vaylantz Voltage Viscount,Machine,FIRE,4.0,1400.0,1400.0,https://images.ygoprodeck.com/images/cards_cropped/41802073.jpg
41830887,Appliancer Copybokkle,Machine,DARK,1.0,0.0,0.0,https://images.ygoprodeck.com/images/cards_cropped/41830887.jpg
41855169,Jowgen the Spiritualist,Spellcaster,LIGHT,3.0,200.0,1300.0,https://images.ygoprodeck.com/images/cards_cropped/41855169.jpg
41859700,Burning Algae,Pyro,FIRE,3.0,500.0,1500.0,https://images.ygoprodeck.com/images/cards_cropped/41859700.jpg
41872150,Swarm of Locusts,Insect,DARK,3.0,1000.0,500.0,https://images.ygoprodeck.com/images/cards_cropped/41872150.jpg
41902352,Blackwing - Kochi the Daybreak,Winged Beast,DARK,4.0,700.0,1500.0,https://images.ygoprodeck.com/images/cards_cropped/41902352.jpg
41908872,Supreme King Dragon Lightwurm,Dragon,LIGHT,4.0,1200.0,1800.0,https://images.ygoprodeck.com/images/cards_cropped/41908872.jpg
41916534,Iron Hans,Warrior,EARTH,4.0,1200.0,800.0,https://images.ygoprodeck.com/images/cards_cropped/41916534.jpg
41949033,Dark Assailant,Zombie,DARK,4.0,1200.0,1200.0,https://images.ygoprodeck.com/images/cards_cropped/41949033.jpg
41952656,Imairuka,Sea Serpent,WATER,2.0,1000.0,1000.0,https://images.ygoprodeck.com/images/cards_cropped/41952656.jpg
41978142,Mist Valley Executor,Thunder,WIND,5.0,2100.0,1600.0,https://images.ygoprodeck.com/images/cards_cropped/41978142.jpg
42002073,Performapal Trump Girl,Spellcaster,DARK,2.0,200.0,200.0,https://images.ygoprodeck.com/images/cards_cropped/42002073.jpg
42006475,Palladium Oracle Mana,Spellcaster,LIGHT,6.0,2000.0,1700.0,https://images.ygoprodeck.com/images/cards_cropped/42006475.jpg
42009836,Fossil Dyna Pachycephalo,Rock,EARTH,4.0,1200.0,1300.0,https://images.ygoprodeck.com/images/cards_cropped/42009836.jpg
42023223,Alpha The Electromagnet Warrior,Rock,EARTH,3.0,1700.0,1100.0,https://images.ygoprodeck.com/images/cards_cropped/42023223.jpg
42024143,XX-Saber Gardestrike,Beast-Warrior,EARTH,5.0,2100.0,1400.0,https://images.ygoprodeck.com/images/cards_cropped/42024143.jpg
42026772,The Magical King of Dimension Zeta,Spellcaster,DARK,4.0,1600.0,1600.0,https://images.ygoprodeck.com/images/cards_cropped/42026772.jpg
42029847,Serenade the Melodious Diva,Fairy,LIGHT,4.0,400.0,1900.0,https://images.ygoprodeck.com/images/cards_cropped/42029847.jpg
42035044,Panther Warrior,Beast-Warrior,EARTH,4.0,2000.0,1600.0,https://images.ygoprodeck.com/images/cards_cropped/42035044.jpg
42052439,Fire Flint Lady,Warrior,FIRE,1.0,100.0,100.0,https://images.ygoprodeck.com/images/cards_cropped/42052439.jpg
42055234,Dragonmaid Tinkhec,Dragon,FIRE,8.0,2700.0,1700.0,https://images.ygoprodeck.com/images/cards_cropped/42055234.jpg
42071342,Sea Serpent Warrior of Darkness,Sea Serpent,WATER,4.0,1800.0,1500.0,https://images.ygoprodeck.com/images/cards_cropped/42071342.jpg
42081767,Sloppy Stasher Squirrel,Beast,EARTH,1.0,200.0,100.0,https://images.ygoprodeck.com/images/cards_cropped/42081767.jpg
42082363,Gusto Griffin,Winged Beast,WIND,2.0,800.0,300.0,https://images.ygoprodeck.com/images/cards_cropped/42082363.jpg
42090294,Reptilianne Nyami,Reptile,DARK,2.0,200.0,0.0,https://images.ygoprodeck.com/images/cards_cropped/42090294.jpg
42110434,Naturia Butterfly,Insect,EARTH,3.0,500.0,1200.0,https://images.ygoprodeck.com/images/cards_cropped/42110434.jpg
42129512,Big Koala,Beast,EARTH,7.0,2700.0,2000.0,https://images.ygoprodeck.com/images/cards_cropped/42129512.jpg
42141493,Mulcharmy Fuwalos,Winged Beast,WIND,4.0,100.0,600.0,https://images.ygoprodeck.com/images/cards_cropped/42141493.jpg
42143067,Doki Doki,Rock,EARTH,2.0,500.0,500.0,https://images.ygoprodeck.com/images/cards_cropped/42143067.jpg
42155488,Genomix Fighter,Psychic,WIND,6.0,2200.0,1100.0,https://images.ygoprodeck.com/images/cards_cropped/42155488.jpg
42198835,Illegal Knight,Fiend,DARK,7.0,2000.0,2000.0,https://images.ygoprodeck.com/images/cards_cropped/42198835.jpg
42239546,Chrysalis Mole,Rock,EARTH,2.0,700.0,100.0,https://images.ygoprodeck.com/images/cards_cropped/42239546.jpg
42256406,Card Blocker,Warrior,EARTH,3.0,400.0,400.0,https://images.ygoprodeck.com/images/cards_cropped/42256406.jpg
42280216,Oracle of the Sun,Spellcaster,LIGHT,5.0,1000.0,2000.0,https://images.ygoprodeck.com/images/cards_cropped/42280216.jpg
42303365,Reptilianne Viper,Reptile,DARK,2.0,0.0,0.0,https://images.ygoprodeck.com/images/cards_cropped/42303365.jpg
42328171,Wind-Up Bat,Machine,WIND,1.0,300.0,350.0,https://images.ygoprodeck.com/images/cards_cropped/42328171.jpg
42338879,Cockadoodledoo,Winged Beast,WIND,5.0,1600.0,2000.0,https://images.ygoprodeck.com/images/cards_cropped/42338879.jpg
42348802,Trakodon,Dinosaur,EARTH,3.0,1300.0,800.0,https://images.ygoprodeck.com/images/cards_cropped/42348802.jpg
42352091,Numeron Wall,Fiend,DARK,1.0,0.0,0.0,https://images.ygoprodeck.com/images/cards_cropped/42352091.jpg
42364374,Arsenal Bug,Insect,EARTH,3.0,2000.0,2000.0,https://images.ygoprodeck.com/images/cards_cropped/42364374.jpg
42377643,Gunkan Suship Uni,Aqua,FIRE,5.0,900.0,500.0,https://images.ygoprodeck.com/images/cards_cropped/42377643.jpg
42382265,D/D Scale Surveyor,Fiend,DARK,2.0,0.0,1000.0,https://images.ygoprodeck.com/images/cards_cropped/42382265.jpg
42386471,Toon Gemini Elf,Spellcaster,EARTH,4.0,1900.0,900.0,https://images.ygoprodeck.com/images/cards_cropped/42386471.jpg
42388271,"World Legacy - ""World Ark""",Machine,DARK,7.0,2500.0,500.0,https://images.ygoprodeck.com/images/cards_cropped/42388271.jpg
42391240,Constellar Antares,Machine,LIGHT,6.0,2400.0,900.0,https://images.ygoprodeck.com/images/cards_cropped/42391240.jpg
42418084,Winged Egg of New Life,Fairy,LIGHT,5.0,1400.0,1700.0,https://images.ygoprodeck.com/images/cards_cropped/42418084.jpg
42427230,Division,Machine,FIRE,2.0,200.0,200.0,https://images.ygoprodeck.com/images/cards_cropped/42427230.jpg
42429678,Bururu @Ignister,Cyberse,WIND,3.0,600.0,1000.0,https://images.ygoprodeck.com/images/cards_cropped/42429678.jpg
42431843,Ancient Brain,Fiend,DARK,3.0,1000.0,700.0,https://images.ygoprodeck.com/images/cards_cropped/42431843.jpg
42463414,Spined Gillman,Sea Serpent,WATER,3.0,1300.0,0.0,https://images.ygoprodeck.com/images/cards_cropped/42463414.jpg
42472002,Noble Knight Custennin,Warrior,LIGHT,4.0,1000.0,2000.0,https://images.ygoprodeck.com/images/cards_cropped/42472002.jpg
42493140,Centur-Ion Trudea,Pyro,DARK,4.0,1000.0,2000.0,https://images.ygoprodeck.com/images/cards_cropped/42493140.jpg
42517468,Ojama Pink,Beast,LIGHT,2.0,0.0,1000.0,https://images.ygoprodeck.com/images/cards_cropped/42517468.jpg
42541548,Coach Goblin,Fiend,EARTH,4.0,1200.0,1500.0,https://images.ygoprodeck.com/images/cards_cropped/42541548.jpg
42542842,"Dakki, the Graceful Mayakashi",Zombie,FIRE,2.0,1000.0,0.0,https://images.ygoprodeck.com/images/cards_cropped/42542842.jpg
42544773,"Spenta, the Magistus Sealer",Spellcaster,LIGHT,4.0,1000.0,1000.0,https://images.ygoprodeck.com/images/cards_cropped/42544773.jpg
42551040,Bujingi Boar,Beast,LIGHT,4.0,1100.0,1900.0,https://images.ygoprodeck.com/images/cards_cropped/42551040.jpg
42562690,Performapal Skeeter Skimmer,Insect,WATER,4.0,500.0,1600.0,https://images.ygoprodeck.com/images/cards_cropped/42562690.jpg
42591472,Laughing Flower,Plant,EARTH,2.0,900.0,500.0,https://images.ygoprodeck.com/images/cards_cropped/42591472.jpg
42592719,Gladiator Beast Alexander,Beast,LIGHT,6.0,2400.0,600.0,https://images.ygoprodeck.com/images/cards_cropped/42592719.jpg
42596828,Dracoon Lamp,Wyrm,FIRE,4.0,500.0,2000.0,https://images.ygoprodeck.com/images/cards_cropped/42596828.jpg
42599677,Flame Champion,Pyro,FIRE,5.0,1900.0,1300.0,https://images.ygoprodeck.com/images/cards_cropped/42599677.jpg
42600274,Cyber Tutubon,Warrior,EARTH,5.0,1800.0,1600.0,https://images.ygoprodeck.com/images/cards_cropped/42600274.jpg
42625254,Little D,Dinosaur,EARTH,3.0,1100.0,700.0,https://images.ygoprodeck.com/images/cards_cropped/42625254.jpg
42647539,Ryu-Kishin Clown,Fiend,DARK,2.0,800.0,500.0,https://images.ygoprodeck.com/images/cards_cropped/42647539.jpg
42679662,Evilswarm Azzathoth,Reptile,DARK,4.0,750.0,1950.0,https://images.ygoprodeck.com/images/cards_cropped/42679662.jpg
42682609,Chrysalis Dolphin,Fish,WATER,2.0,400.0,600.0,https://images.ygoprodeck.com/images/cards_cropped/42682609.jpg
42685062,Emissary from Pandemonium,Fiend,EARTH,7.0,2600.0,1800.0,https://images.ygoprodeck.com/images/cards_cropped/42685062.jpg
42713844,Subterror Behemoth Umastryx,Reptile,EARTH,7.0,2000.0,2700.0,https://images.ygoprodeck.com/images/cards_cropped/42713844.jpg
42737833,XX-Saber Emmersblade,Insect,EARTH,3.0,1300.0,800.0,https://images.ygoprodeck.com/images/cards_cropped/42737833.jpg
42759961,Clown Crew Flair,Beast-Warrior,LIGHT,1.0,500.0,1000.0,https://images.ygoprodeck.com/images/cards_cropped/42759961.jpg
42790071,Altergeist Multifaker,Spellcaster,DARK,3.0,1200.0,800.0,https://images.ygoprodeck.com/images/cards_cropped/42790071.jpg
42822433,Tellarknight Altairan,Warrior,LIGHT,4.0,1700.0,1300.0,https://images.ygoprodeck.com/images/cards_cropped/42822433.jpg
42851643,Jumbo Drill,Machine,EARTH,4.0,1800.0,100.0,https://images.ygoprodeck.com/images/cards_cropped/42851643.jpg
42868711,Gora Turtle of Illusion,Aqua,WATER,4.0,1200.0,1400.0,https://images.ygoprodeck.com/images/cards_cropped/42868711.jpg
42874792,Wind-Up Rabbit,Beast-Warrior,EARTH,3.0,1400.0,600.0,https://images.ygoprodeck.com/images/cards_cropped/42874792.jpg
42878636,Ancient Gear Hunting Hound,Machine,EARTH,3.0,1000.0,1000.0,https://images.ygoprodeck.com/images/cards_cropped/42878636.jpg
42880485,Superheavy Samurai General Jade,Machine,EARTH,8.0,1800.0,2800.0,https://images.ygoprodeck.com/images/cards_cropped/42880485.jpg
42883273,Wodan the Resident of the Forest,Warrior,EARTH,3.0,900.0,1200.0,https://images.ygoprodeck.com/images/cards_cropped/42883273.jpg
42901635,Berserkion the Electromagna Warrior,Rock,EARTH,8.0,3000.0,2800.0,https://images.ygoprodeck.com/images/cards_cropped/42901635.jpg
42908201,Desmanian Devil,Beast,EARTH,4.0,1700.0,1400.0,https://images.ygoprodeck.com/images/cards_cropped/42908201.jpg
42921475,Fairy Tail - Sleeper,Spellcaster,LIGHT,4.0,1850.0,1000.0,https://images.ygoprodeck.com/images/cards_cropped/42921475.jpg
42932862,Prediction Princess Tarotreith,Fairy,DARK,9.0,1200.0,2700.0,https://images.ygoprodeck.com/images/cards_cropped/42932862.jpg
42940404,Machina Gearframe,Machine,EARTH,4.0,1800.0,0.0,https://images.ygoprodeck.com/images/cards_cropped/42940404.jpg
42941100,Ojama Yellow,Beast,LIGHT,2.0,0.0,1000.0,https://images.ygoprodeck.com/images/cards_cropped/42941100.jpg
42969214,Aye-Iron,Machine,EARTH,4.0,1600.0,1800.0,https://images.ygoprodeck.com/images/cards_cropped/42969214.jpg
42994702,Wandering Mummy,Zombie,EARTH,4.0,1500.0,1500.0,https://images.ygoprodeck.com/images/cards_cropped/42994702.jpg
43002864,Reptilianne Gardna,Reptile,WATER,4.0,0.0,2000.0,https://images.ygoprodeck.com/images/cards_cropped/43002864.jpg
43014054,Vice Berserker,Fiend,DARK,4.0,1000.0,1000.0,https://images.ygoprodeck.com/images/cards_cropped/43014054.jpg
43017476,Duoterion,Dinosaur,WATER,5.0,2000.0,1400.0,https://images.ygoprodeck.com/images/cards_cropped/43017476.jpg
43066927,Mimighoul Fairy,Fairy,EARTH,1.0,100.0,100.0,https://images.ygoprodeck.com/images/cards_cropped/43066927.jpg
43096270,Alexandrite Dragon,Dragon,LIGHT,4.0,2000.0,100.0,https://images.ygoprodeck.com/images/cards_cropped/43096270.jpg
43114901,Gem-Knight Sardonyx,Pyro,EARTH,4.0,1800.0,900.0,https://images.ygoprodeck.com/images/cards_cropped/43114901.jpg
43138260,Xyz Remora,Fish,WATER,4.0,800.0,800.0,https://images.ygoprodeck.com/images/cards_cropped/43138260.jpg
43147039,Photon Vanisher,Warrior,LIGHT,4.0,2000.0,0.0,https://images.ygoprodeck.com/images/cards_cropped/43147039.jpg
43175027,Glacial Beast Blizzard Wolf,Aqua,WATER,4.0,1400.0,700.0,https://images.ygoprodeck.com/images/cards_cropped/43175027.jpg
43191636,Phantom Dragonray Bronto,Fish,WATER,4.0,1500.0,1000.0,https://images.ygoprodeck.com/images/cards_cropped/43191636.jpg
43210483,Symphonic Warrior Guitariss,Machine,WIND,3.0,1100.0,500.0,https://images.ygoprodeck.com/images/cards_cropped/43210483.jpg
43218406,"Gizmek Okami, the Dreaded Deluge Dragon",Machine,WATER,10.0,2950.0,2950.0,https://images.ygoprodeck.com/images/cards_cropped/43218406.jpg
43230671,Ancient Lizard Warrior,Reptile,EARTH,4.0,1400.0,1100.0,https://images.ygoprodeck.com/images/cards_cropped/43230671.jpg
43237273,Neo-Spacian Dark Panther,Beast,DARK,3.0,1000.0,500.0,https://images.ygoprodeck.com/images/cards_cropped/43237273.jpg
43241495,Performapal Trampolynx,Beast,EARTH,2.0,300.0,300.0,https://images.ygoprodeck.com/images/cards_cropped/43241495.jpg
43256007,Zuijin of the Ice Barrier,Warrior,WATER,2.0,500.0,300.0,https://images.ygoprodeck.com/images/cards_cropped/43256007.jpg
43266605,PSY-Frame Multi-Threader,Psychic,LIGHT,6.0,0.0,2500.0,https://images.ygoprodeck.com/images/cards_cropped/43266605.jpg
43268675,Opera the Melodious Diva,Fairy,LIGHT,4.0,2300.0,1000.0,https://images.ygoprodeck.com/images/cards_cropped/43268675.jpg
43316238,Danger! Bigfoot!,Beast,DARK,8.0,3000.0,0.0,https://images.ygoprodeck.com/images/cards_cropped/43316238.jpg
43318266,Cloudian - Cirrostratus,Fairy,WATER,4.0,900.0,0.0,https://images.ygoprodeck.com/images/cards_cropped/43318266.jpg
43332022,Jurrac Gallim,Dinosaur,FIRE,2.0,1200.0,0.0,https://images.ygoprodeck.com/images/cards_cropped/43332022.jpg
43352213,Nekogal #2,Beast-Warrior,EARTH,6.0,1900.0,2000.0,https://images.ygoprodeck.com/images/cards_cropped/43352213.jpg
43359262,Sergeant Electro,Machine,FIRE,4.0,1600.0,1300.0,https://images.ygoprodeck.com/images/cards_cropped/43359262.jpg
43363035,Wandering Titan of Tartarus,Zombie,EARTH,9.0,2600.0,0.0,https://images.ygoprodeck.com/images/cards_cropped/43363035.jpg
43378076,Rasetsu,Fairy,FIRE,4.0,1500.0,1900.0,https://images.ygoprodeck.com/images/cards_cropped/43378076.jpg
43411769,Guardragon Garmides,Dragon,EARTH,3.0,1600.0,1000.0,https://images.ygoprodeck.com/images/cards_cropped/43411769.jpg
43413875,Flower Cardian Zebra Grass with Moon,Warrior,DARK,8.0,2000.0,2000.0,https://images.ygoprodeck.com/images/cards_cropped/43413875.jpg
43426903,Reptilianne Gorgon,Reptile,DARK,3.0,1400.0,1400.0,https://images.ygoprodeck.com/images/cards_cropped/43426903.jpg
43436049,Junk Breaker,Warrior,EARTH,4.0,1800.0,1000.0,https://images.ygoprodeck.com/images/cards_cropped/43436049.jpg
43464884,Three Trolling Trolls,Beast-Warrior,WATER,3.0,1000.0,1300.0,https://images.ygoprodeck.com/images/cards_cropped/43464884.jpg
43471513,Convex Knight,Machine,EARTH,4.0,1800.0,500.0,https://images.ygoprodeck.com/images/cards_cropped/43471513.jpg
43500484,Darkworld Thorns,Plant,EARTH,3.0,1200.0,900.0,https://images.ygoprodeck.com/images/cards_cropped/43500484.jpg
43502497,Pendulum Witch,Spellcaster,EARTH,3.0,1500.0,800.0,https://images.ygoprodeck.com/images/cards_cropped/43502497.jpg
43513897,Constellar Acubens,Machine,LIGHT,4.0,800.0,2000.0,https://images.ygoprodeck.com/images/cards_cropped/43513897.jpg
43530283,Hourglass of Courage,Fairy,LIGHT,4.0,1100.0,1200.0,https://images.ygoprodeck.com/images/cards_cropped/43530283.jpg
43534808,Token Collector,Fiend,EARTH,4.0,0.0,2000.0,https://images.ygoprodeck.com/images/cards_cropped/43534808.jpg
43543777,Izanami,Fairy,WATER,4.0,1100.0,1800.0,https://images.ygoprodeck.com/images/cards_cropped/43543777.jpg
43573231,Morpho Butterspy,Warrior,DARK,4.0,1200.0,1600.0,https://images.ygoprodeck.com/images/cards_cropped/43573231.jpg
43580269,Emes the Infinity,Machine,LIGHT,7.0,2500.0,2000.0,https://images.ygoprodeck.com/images/cards_cropped/43580269.jpg
43583400,Antialian,Cyberse,EARTH,4.0,1900.0,600.0,https://images.ygoprodeck.com/images/cards_cropped/43583400.jpg
43586926,Twin-Headed Behemoth,Dragon,WIND,3.0,1500.0,1200.0,https://images.ygoprodeck.com/images/cards_cropped/43586926.jpg
43598843,Gimmick Puppet Terror Baby,Machine,DARK,4.0,500.0,0.0,https://images.ygoprodeck.com/images/cards_cropped/43598843.jpg
43632709,"Cerynemesia, Mystical Beast of the Forest",Beast,EARTH,2.0,0.0,1600.0,https://images.ygoprodeck.com/images/cards_cropped/43632709.jpg
43642620,Zombie Mammoth,Zombie,EARTH,4.0,1900.0,0.0,https://images.ygoprodeck.com/images/cards_cropped/43642620.jpg
43694481,Blizzard Falcon,Winged Beast,WATER,4.0,1500.0,1500.0,https://images.ygoprodeck.com/images/cards_cropped/43694481.jpg
43694650,Danger!? Jackalope?,Beast,DARK,3.0,500.0,2000.0,https://images.ygoprodeck.com/images/cards_cropped/43694650.jpg
43697559,Jetroid,Machine,WIND,4.0,1200.0,1800.0,https://images.ygoprodeck.com/images/cards_cropped/43697559.jpg
43708640,Minoan Centaur,Beast-Warrior,EARTH,6.0,1800.0,1000.0,https://images.ygoprodeck.com/images/cards_cropped/43708640.jpg
43709490,Myutant GB-88,Psychic,WATER,4.0,500.0,500.0,https://images.ygoprodeck.com/images/cards_cropped/43709490.jpg
43714890,Man-Thro' Tro',Beast-Warrior,EARTH,4.0,1000.0,1000.0,https://images.ygoprodeck.com/images/cards_cropped/43714890.jpg
43716289,Poison Mummy,Zombie,EARTH,4.0,1000.0,1800.0,https://images.ygoprodeck.com/images/cards_cropped/43716289.jpg
43722862,Windwitch - Ice Bell,Spellcaster,WIND,3.0,1000.0,1000.0,https://images.ygoprodeck.com/images/cards_cropped/43722862.jpg
43730887,Holding Arms,Fiend,DARK,4.0,500.0,1200.0,https://images.ygoprodeck.com/images/cards_cropped/43730887.jpg
43739056,Amanokujaki,Fiend,LIGHT,3.0,1000.0,1000.0,https://images.ygoprodeck.com/images/cards_cropped/43739056.jpg
43748308,Brotherhood of the Fire Fist - Dragon,Beast-Warrior,FIRE,4.0,1800.0,400.0,https://images.ygoprodeck.com/images/cards_cropped/43748308.jpg
43751755,Chrysalis Pantail,Beast,DARK,2.0,800.0,300.0,https://images.ygoprodeck.com/images/cards_cropped/43751755.jpg
43785278,Foucault's Cannon,Spellcaster,DARK,5.0,2200.0,1200.0,https://images.ygoprodeck.com/images/cards_cropped/43785278.jpg
43791861,Phoenix Beast Gairuda,Winged Beast,WIND,6.0,2500.0,1200.0,https://images.ygoprodeck.com/images/cards_cropped/43791861.jpg
43793530,Giga Gagagigo,Reptile,WATER,5.0,2450.0,1500.0,https://images.ygoprodeck.com/images/cards_cropped/43793530.jpg
43797906,Warrior of Atlantis,Aqua,WATER,4.0,1900.0,1200.0,https://images.ygoprodeck.com/images/cards_cropped/43797906.jpg
43803845,Duck Dummy,Winged Beast,WATER,1.0,0.0,0.0,https://images.ygoprodeck.com/images/cards_cropped/43803845.jpg
43857222,Magicalibra,Spellcaster,WATER,4.0,1000.0,1000.0,https://images.ygoprodeck.com/images/cards_cropped/43857222.jpg
43863925,Exosister Stella,Spellcaster,LIGHT,4.0,300.0,800.0,https://images.ygoprodeck.com/images/cards_cropped/43863925.jpg
43871165,Jupredo the Shademachine Power Patron,Machine,DARK,10.0,300.0,200.0,https://images.ygoprodeck.com/images/cards_cropped/43871165.jpg
43904702,Kewl Tune Clip,Thunder,DARK,2.0,800.0,1000.0,https://images.ygoprodeck.com/images/cards_cropped/43904702.jpg
43905751,Madjinn Gunn,Fiend,DARK,2.0,600.0,800.0,https://images.ygoprodeck.com/images/cards_cropped/43905751.jpg
43930492,Magical Something,Spellcaster,DARK,4.0,1800.0,1300.0,https://images.ygoprodeck.com/images/cards_cropped/43930492.jpg
43944080,Nemleria Dream Defender - Couette,Beast,LIGHT,10.0,2000.0,2500.0,https://images.ygoprodeck.com/images/cards_cropped/43944080.jpg
44001993,Magician of Dark Chaos - Black Chaos,Spellcaster,DARK,8.0,2800.0,2600.0,https://images.ygoprodeck.com/images/cards_cropped/44001993.jpg
44009443,Orbital Hydralander,Machine,DARK,8.0,3000.0,1500.0,https://images.ygoprodeck.com/images/cards_cropped/44009443.jpg
44026393,Mecha Phantom Beast Raiten,Machine,WIND,4.0,1500.0,1500.0,https://images.ygoprodeck.com/images/cards_cropped/44026393.jpg
44072894,Supply,Warrior,EARTH,4.0,1300.0,800.0,https://images.ygoprodeck.com/images/cards_cropped/44072894.jpg
44073668,Takriminos,Sea Serpent,WATER,4.0,1500.0,1200.0,https://images.ygoprodeck.com/images/cards_cropped/44073668.jpg
44088292,Poly-Chemicritter Dioxogre,Fiend,DARK,8.0,2800.0,200.0,https://images.ygoprodeck.com/images/cards_cropped/44088292.jpg
44125452,Rose Fairy,Plant,WIND,3.0,600.0,1200.0,https://images.ygoprodeck.com/images/cards_cropped/44125452.jpg
44161893,Salamangreat Zebroid X,Cyberse,FIRE,4.0,1500.0,100.0,https://images.ygoprodeck.com/images/cards_cropped/44161893.jpg
44163252,Valkyrie Sechste,Fairy,LIGHT,1.0,0.0,2000.0,https://images.ygoprodeck.com/images/cards_cropped/44163252.jpg
44175358,Splitting Planarian,Insect,DARK,4.0,1000.0,800.0,https://images.ygoprodeck.com/images/cards_cropped/44175358.jpg
44178886,"Ehren, Lightsworn Monk",Warrior,LIGHT,4.0,1600.0,1000.0,https://images.ygoprodeck.com/images/cards_cropped/44178886.jpg
44179224,Abyss Actor - Curtain Raiser,Fiend,DARK,4.0,1100.0,1000.0,https://images.ygoprodeck.com/images/cards_cropped/44179224.jpg
44186624,D/D/D Supreme King Kaiser,Fiend,DARK,7.0,2800.0,2100.0,https://images.ygoprodeck.com/images/cards_cropped/44186624.jpg
44190146,Grandpa Demetto,Spellcaster,DARK,1.0,0.0,0.0,https://images.ygoprodeck.com/images/cards_cropped/44190146.jpg
44201739,Mira Match,Spellcaster,FIRE,1.0,0.0,0.0,https://images.ygoprodeck.com/images/cards_cropped/44201739.jpg
44203504,Robotic Knight,Machine,FIRE,4.0,1600.0,1800.0,https://images.ygoprodeck.com/images/cards_cropped/44203504.jpg
44223284,Abyssal Kingshark,Fish,WATER,4.0,1700.0,600.0,https://images.ygoprodeck.com/images/cards_cropped/44223284.jpg
44236692,Necro Linker,Fiend,DARK,2.0,600.0,0.0,https://images.ygoprodeck.com/images/cards_cropped/44236692.jpg
44250812,Gagaga Clerk,Warrior,EARTH,2.0,400.0,800.0,https://images.ygoprodeck.com/images/cards_cropped/44250812.jpg
44265115,Brain Controller,Psychic,DARK,1.0,100.0,200.0,https://images.ygoprodeck.com/images/cards_cropped/44265115.jpg
44273680,Star Seraph Sage,Fairy,LIGHT,4.0,1600.0,1400.0,https://images.ygoprodeck.com/images/cards_cropped/44273680.jpg
44287299,Masaki the Legendary Swordsman,Warrior,EARTH,4.0,1100.0,1100.0,https://images.ygoprodeck.com/images/cards_cropped/44287299.jpg
44293356,Megalith Notrah Plura,Rock,EARTH,12.0,3700.0,2700.0,https://images.ygoprodeck.com/images/cards_cropped/44293356.jpg
44308317,Speaker for the Ice Barriers,Spellcaster,WATER,4.0,1000.0,1800.0,https://images.ygoprodeck.com/images/cards_cropped/44308317.jpg
44330098,Gorz the Emissary of Darkness,Fiend,DARK,7.0,2700.0,2500.0,https://images.ygoprodeck.com/images/cards_cropped/44330098.jpg
44335251,Souleating Oviraptor,Dinosaur,DARK,4.0,1800.0,500.0,https://images.ygoprodeck.com/images/cards_cropped/44335251.jpg
44341034,Dark Bug,Insect,DARK,1.0,100.0,100.0,https://images.ygoprodeck.com/images/cards_cropped/44341034.jpg
44364077,Performapal Salutiger,Beast-Warrior,EARTH,4.0,1700.0,500.0,https://images.ygoprodeck.com/images/cards_cropped/44364077.jpg
44364207,Jade Knight,Machine,LIGHT,4.0,1000.0,1800.0,https://images.ygoprodeck.com/images/cards_cropped/44364207.jpg
44430454,Chamberlain of the Six Samurai,Warrior,EARTH,3.0,200.0,2000.0,https://images.ygoprodeck.com/images/cards_cropped/44430454.jpg
44436472,Double Coston,Zombie,DARK,4.0,1700.0,1650.0,https://images.ygoprodeck.com/images/cards_cropped/44436472.jpg
44440058,Nemeses Keystone,Rock,EARTH,1.0,700.0,0.0,https://images.ygoprodeck.com/images/cards_cropped/44440058.jpg
44451698,Fairy Archer Ingunar,Plant,EARTH,6.0,2400.0,1200.0,https://images.ygoprodeck.com/images/cards_cropped/44451698.jpg
44455560,Fire King Courtier Ulcanix,Winged Beast,FIRE,4.0,800.0,2000.0,https://images.ygoprodeck.com/images/cards_cropped/44455560.jpg
44481227,Performapal Camelump,Beast,EARTH,4.0,800.0,1800.0,https://images.ygoprodeck.com/images/cards_cropped/44481227.jpg
44482554,Dracotail Pan,Dragon,WIND,7.0,2700.0,1700.0,https://images.ygoprodeck.com/images/cards_cropped/44482554.jpg
44519536,Left Leg of the Forbidden One,Spellcaster,DARK,1.0,200.0,300.0,https://images.ygoprodeck.com/images/cards_cropped/44519536.jpg
44573911,R.B. Ga10 Pile Bunker,Machine,EARTH,8.0,1500.0,1500.0,https://images.ygoprodeck.com/images/cards_cropped/44573911.jpg
44586426,Batteryman Solar,Thunder,LIGHT,4.0,1500.0,1500.0,https://images.ygoprodeck.com/images/cards_cropped/44586426.jpg
44632120,Kuribah,Fiend,DARK,1.0,300.0,200.0,https://images.ygoprodeck.com/images/cards_cropped/44632120.jpg
44635489,Constellar Siat,Fairy,LIGHT,1.0,100.0,1600.0,https://images.ygoprodeck.com/images/cards_cropped/44635489.jpg
44640691,Rogue of Endymion,Spellcaster,FIRE,3.0,1500.0,200.0,https://images.ygoprodeck.com/images/cards_cropped/44640691.jpg
44656450,Condemned Witch,Fairy,DARK,4.0,100.0,2000.0,https://images.ygoprodeck.com/images/cards_cropped/44656450.jpg
44663232,Ghost Fairy Elfobia,Psychic,WIND,3.0,900.0,500.0,https://images.ygoprodeck.com/images/cards_cropped/44663232.jpg
44665365,Herald of Perfection,Fairy,LIGHT,6.0,1800.0,2800.0,https://images.ygoprodeck.com/images/cards_cropped/44665365.jpg
44680819,Ranryu,Dragon,WIND,4.0,1500.0,200.0,https://images.ygoprodeck.com/images/cards_cropped/44680819.jpg
44682448,Garbage Lord,Fiend,DARK,5.0,0.0,2400.0,https://images.ygoprodeck.com/images/cards_cropped/44682448.jpg
44686185,Secret Six Samurai - Hatsume,Warrior,WATER,3.0,1600.0,1500.0,https://images.ygoprodeck.com/images/cards_cropped/44686185.jpg
44689688,Jurrac Spinos,Dinosaur,FIRE,7.0,2600.0,1700.0,https://images.ygoprodeck.com/images/cards_cropped/44689688.jpg
44694191,Fleeting Phantom Mask Master,Illusion,EARTH,8.0,2400.0,0.0,https://images.ygoprodeck.com/images/cards_cropped/44694191.jpg
44702857,Bitelon,Reptile,WATER,6.0,2400.0,1000.0,https://images.ygoprodeck.com/images/cards_cropped/44702857.jpg
44716748,"Trito Enneacraft - ""exapatisIA""",Machine,EARTH,1.0,100.0,1000.0,https://images.ygoprodeck.com/images/cards_cropped/44716748.jpg
44717069,Starfish,Aqua,WATER,3.0,300.0,300.0,https://images.ygoprodeck.com/images/cards_cropped/44717069.jpg
44729197,Steamroid,Machine,EARTH,4.0,1800.0,1800.0,https://images.ygoprodeck.com/images/cards_cropped/44729197.jpg
44760562,Mannadium Meek,Fairy,WATER,2.0,0.0,1800.0,https://images.ygoprodeck.com/images/cards_cropped/44760562.jpg
44789585,Naturia Beans,Plant,EARTH,2.0,100.0,1200.0,https://images.ygoprodeck.com/images/cards_cropped/44789585.jpg
44790889,Hammer Bounzer,Warrior,EARTH,6.0,2300.0,2000.0,https://images.ygoprodeck.com/images/cards_cropped/44790889.jpg
44792253,D.D. Destroyer,Warrior,EARTH,4.0,1000.0,1000.0,https://images.ygoprodeck.com/images/cards_cropped/44792253.jpg
44800181,Combo Master,Warrior,WIND,5.0,2200.0,1500.0,https://images.ygoprodeck.com/images/cards_cropped/44800181.jpg
44811425,Worm Linx,Reptile,LIGHT,2.0,300.0,1000.0,https://images.ygoprodeck.com/images/cards_cropped/44811425.jpg
44839512,Conduction Warrior Linear Magnum Plus Minus,Rock,EARTH,7.0,2700.0,1300.0,https://images.ygoprodeck.com/images/cards_cropped/44839512.jpg
44860890,Brotherhood of the Fire Fist - Raven,Beast-Warrior,FIRE,3.0,200.0,1800.0,https://images.ygoprodeck.com/images/cards_cropped/44860890.jpg
44865098,Cyber Soldier,Machine,DARK,5.0,1500.0,1700.0,https://images.ygoprodeck.com/images/cards_cropped/44865098.jpg
44874522,Ancient Gear Reactor Dragon,Machine,EARTH,9.0,3000.0,3000.0,https://images.ygoprodeck.com/images/cards_cropped/44874522.jpg
44877690,Sacred Spirit of the Ice Barrier,Zombie,WATER,4.0,1600.0,1200.0,https://images.ygoprodeck.com/images/cards_cropped/44877690.jpg
44891812,Superheavy Samurai Helper,Machine,EARTH,1.0,0.0,0.0,https://images.ygoprodeck.com/images/cards_cropped/44891812.jpg
44910027,Victory Dragon,Dragon,DARK,8.0,2400.0,3000.0,https://images.ygoprodeck.com/images/cards_cropped/44910027.jpg
44913552,Timeater,Machine,DARK,6.0,1900.0,1700.0,https://images.ygoprodeck.com/images/cards_cropped/44913552.jpg
44928016,World Carrotweight Champion,Plant,DARK,4.0,1900.0,0.0,https://images.ygoprodeck.com/images/cards_cropped/44928016.jpg
44932065,Predaplant Byblisp,Plant,DARK,1.0,0.0,1900.0,https://images.ygoprodeck.com/images/cards_cropped/44932065.jpg
44935634,Lefty Driver,Machine,EARTH,2.0,300.0,100.0,https://images.ygoprodeck.com/images/cards_cropped/44935634.jpg
44944304,Performapal Laugh Maker,Spellcaster,LIGHT,8.0,2500.0,2000.0,https://images.ygoprodeck.com/images/cards_cropped/44944304.jpg
44954628,B.E.S. Tetran,Machine,WIND,6.0,1800.0,2300.0,https://images.ygoprodeck.com/images/cards_cropped/44954628.jpg
44956694,ROM Cloudia,Cyberse,DARK,4.0,1800.0,0.0,https://images.ygoprodeck.com/images/cards_cropped/44956694.jpg
44968687,The Legendary Fisherman III,Warrior,WATER,7.0,2500.0,2000.0,https://images.ygoprodeck.com/images/cards_cropped/44968687.jpg
44994712,Predaplant Longinephila,Plant,DARK,1.0,600.0,100.0,https://images.ygoprodeck.com/images/cards_cropped/44994712.jpg
45001322,Libromancer Firestarter,Cyberse,FIRE,3.0,1800.0,1800.0,https://images.ygoprodeck.com/images/cards_cropped/45001322.jpg
45005708,The Bystial Aluber,Dragon,DARK,4.0,1800.0,0.0,https://images.ygoprodeck.com/images/cards_cropped/45005708.jpg
45010690,Flowerbot,Plant,EARTH,3.0,1500.0,800.0,https://images.ygoprodeck.com/images/cards_cropped/45010690.jpg
45016904,Tao Tao the Chanter,Illusion,EARTH,2.0,900.0,600.0,https://images.ygoprodeck.com/images/cards_cropped/45016904.jpg
45023678,Lightning Punisher,Thunder,DARK,7.0,2600.0,1600.0,https://images.ygoprodeck.com/images/cards_cropped/45023678.jpg
45025640,Boycotton,Plant,EARTH,4.0,1000.0,2500.0,https://images.ygoprodeck.com/images/cards_cropped/45025640.jpg
45033006,Ally of Justice Enemy Catcher,Machine,DARK,6.0,1800.0,1800.0,https://images.ygoprodeck.com/images/cards_cropped/45033006.jpg
45041488,Koa'ki Meiru Guardian,Rock,EARTH,4.0,1900.0,1200.0,https://images.ygoprodeck.com/images/cards_cropped/45041488.jpg
45042329,Tripwire Beast,Thunder,EARTH,4.0,1200.0,1300.0,https://images.ygoprodeck.com/images/cards_cropped/45042329.jpg
45045866,Ocean's Keeper,Fish,WATER,3.0,1500.0,1200.0,https://images.ygoprodeck.com/images/cards_cropped/45045866.jpg
45078193,Cyberdark Cannon,Dragon,DARK,3.0,1600.0,800.0,https://images.ygoprodeck.com/images/cards_cropped/45078193.jpg
45082499,ZW - Lightning Blade,Beast,LIGHT,5.0,1200.0,2000.0,https://images.ygoprodeck.com/images/cards_cropped/45082499.jpg
45103815,Risebell the Summoner,Psychic,WIND,3.0,800.0,800.0,https://images.ygoprodeck.com/images/cards_cropped/45103815.jpg
45116390,Heavy Armored Knight Babeldecker,Machine,EARTH,10.0,500.0,3000.0,https://images.ygoprodeck.com/images/cards_cropped/45116390.jpg
45118716,Spell Recycler,Spellcaster,DARK,1.0,0.0,0.0,https://images.ygoprodeck.com/images/cards_cropped/45118716.jpg
45121025,Ogre of the Black Shadow,Beast-Warrior,EARTH,4.0,1200.0,1400.0,https://images.ygoprodeck.com/images/cards_cropped/45121025.jpg
45141844,Old Vindictive Magician,Spellcaster,DARK,2.0,450.0,600.0,https://images.ygoprodeck.com/images/cards_cropped/45141844.jpg
45148985,Metaphys Executor,Wyrm,LIGHT,10.0,3000.0,2500.0,https://images.ygoprodeck.com/images/cards_cropped/45148985.jpg
45154513,Alghoul Mazera,Zombie,EARTH,8.0,2800.0,2300.0,https://images.ygoprodeck.com/images/cards_cropped/45154513.jpg
45159319,Moai Interceptor Cannons,Rock,EARTH,4.0,1100.0,2000.0,https://images.ygoprodeck.com/images/cards_cropped/45159319.jpg
45184165,Raidraptor - Skull Eagle,Winged Beast,DARK,3.0,1000.0,500.0,https://images.ygoprodeck.com/images/cards_cropped/45184165.jpg
45195443,Elemental HERO Solid Soldier,Warrior,EARTH,4.0,1300.0,1100.0,https://images.ygoprodeck.com/images/cards_cropped/45195443.jpg
45206713,D/D Swirl Slime,Fiend,DARK,2.0,200.0,200.0,https://images.ygoprodeck.com/images/cards_cropped/45206713.jpg
45215225,Fluffal Angel,Fairy,LIGHT,2.0,600.0,1200.0,https://images.ygoprodeck.com/images/cards_cropped/45215225.jpg
45221020,Treasure Panda,Beast,EARTH,4.0,1100.0,2000.0,https://images.ygoprodeck.com/images/cards_cropped/45221020.jpg
45222299,Evigishki Gustkraken,Aqua,WATER,6.0,2400.0,1000.0,https://images.ygoprodeck.com/images/cards_cropped/45222299.jpg
45223540,Sorcerer of the Swamp,Spellcaster,WATER,3.0,500.0,1100.0,https://images.ygoprodeck.com/images/cards_cropped/45223540.jpg
45236142,Advanced Crystal Beast Cobalt Eagle,Winged Beast,WIND,4.0,1400.0,800.0,https://images.ygoprodeck.com/images/cards_cropped/45236142.jpg
45282603,Saambell the Summoner,Spellcaster,WIND,2.0,600.0,400.0,https://images.ygoprodeck.com/images/cards_cropped/45282603.jpg
45286019,Geargiano Mk-III,Machine,EARTH,3.0,1000.0,1000.0,https://images.ygoprodeck.com/images/cards_cropped/45286019.jpg
45313993,Red Warg,Fiend,FIRE,6.0,1400.0,2200.0,https://images.ygoprodeck.com/images/cards_cropped/45313993.jpg
45358284,Mirror Ladybug,Insect,LIGHT,1.0,100.0,100.0,https://images.ygoprodeck.com/images/cards_cropped/45358284.jpg
45425051,Fairy King Truesdale,Plant,WATER,6.0,2200.0,1500.0,https://images.ygoprodeck.com/images/cards_cropped/45425051.jpg
45439263,Laval Coatl,Pyro,FIRE,2.0,1300.0,700.0,https://images.ygoprodeck.com/images/cards_cropped/45439263.jpg
45450218,Ally of Justice Omni-Weapon,Machine,DARK,5.0,2200.0,800.0,https://images.ygoprodeck.com/images/cards_cropped/45450218.jpg
45452224,Kinka-byo,Beast,DARK,1.0,400.0,200.0,https://images.ygoprodeck.com/images/cards_cropped/45452224.jpg
45458027,Gearspring Spirit,Machine,DARK,8.0,100.0,100.0,https://images.ygoprodeck.com/images/cards_cropped/45458027.jpg
45462306,X-Saber Bruno,Psychic,EARTH,3.0,1200.0,1100.0,https://images.ygoprodeck.com/images/cards_cropped/45462306.jpg
45462639,Dark Red Enchanter,Spellcaster,DARK,6.0,1700.0,2200.0,https://images.ygoprodeck.com/images/cards_cropped/45462639.jpg
45467446,Dragon Spirit of White,Dragon,LIGHT,8.0,2500.0,2000.0,https://images.ygoprodeck.com/images/cards_cropped/45467446.jpg
45483489,Deep Sea Sentry,Sea Serpent,WATER,2.0,400.0,2000.0,https://images.ygoprodeck.com/images/cards_cropped/45483489.jpg
45484331,Springans Kitt,Beast,DARK,4.0,1700.0,1000.0,https://images.ygoprodeck.com/images/cards_cropped/45484331.jpg
45488703,NT8000 - SIRIUS,Machine,DARK,8.0,2300.0,2500.0,https://images.ygoprodeck.com/images/cards_cropped/45488703.jpg
45496268,Super Defense Robot Elephan,Machine,EARTH,8.0,1400.0,2500.0,https://images.ygoprodeck.com/images/cards_cropped/45496268.jpg
45531624,Celtic Guard of Noble Arms,Warrior,EARTH,4.0,2100.0,700.0,https://images.ygoprodeck.com/images/cards_cropped/45531624.jpg
45536531,Funny Dark Rabbit,Beast,DARK,4.0,1100.0,1500.0,https://images.ygoprodeck.com/images/cards_cropped/45536531.jpg
45538320,Spiritual Art Familiars,Reptile,WATER,4.0,1500.0,200.0,https://images.ygoprodeck.com/images/cards_cropped/45538320.jpg
45547649,Birdface,Winged Beast,WIND,4.0,1600.0,1600.0,https://images.ygoprodeck.com/images/cards_cropped/45547649.jpg
45586855,Ally of Justice Cyclone Creator,Machine,DARK,3.0,1400.0,1200.0,https://images.ygoprodeck.com/images/cards_cropped/45586855.jpg
45591967,Performapal Extra Slinger,Spellcaster,DARK,3.0,800.0,1100.0,https://images.ygoprodeck.com/images/cards_cropped/45591967.jpg
45593005,Morphtronic Magnen Bar,Thunder,EARTH,1.0,100.0,100.0,https://images.ygoprodeck.com/images/cards_cropped/45593005.jpg
45593826,"Draghig, Malebranche of the Burning Abyss",Fiend,DARK,3.0,1100.0,900.0,https://images.ygoprodeck.com/images/cards_cropped/45593826.jpg
45620686,Noisy Gnat,Insect,EARTH,2.0,700.0,300.0,https://images.ygoprodeck.com/images/cards_cropped/45620686.jpg
45644898,Master with Eyes of Blue,Spellcaster,LIGHT,1.0,300.0,1200.0,https://images.ygoprodeck.com/images/cards_cropped/45644898.jpg
45651298,Mimimic,Machine,EARTH,3.0,300.0,300.0,https://images.ygoprodeck.com/images/cards_cropped/45651298.jpg
45659520,Evil HERO Sinister Necrom,Fiend,DARK,5.0,1600.0,1800.0,https://images.ygoprodeck.com/images/cards_cropped/45659520.jpg
45662855,Gem-Knight Iolite,Aqua,EARTH,4.0,1300.0,2000.0,https://images.ygoprodeck.com/images/cards_cropped/45662855.jpg
45663742,Snake-Eye Oak,Pyro,FIRE,1.0,900.0,200.0,https://images.ygoprodeck.com/images/cards_cropped/45663742.jpg
45667991,Dragoncaller Magician,Spellcaster,DARK,7.0,2400.0,1000.0,https://images.ygoprodeck.com/images/cards_cropped/45667991.jpg
45674286,Machina Unclaspare,Machine,DARK,4.0,1800.0,800.0,https://images.ygoprodeck.com/images/cards_cropped/45674286.jpg
45688586,Karakuri Spider,Machine,EARTH,2.0,400.0,500.0,https://images.ygoprodeck.com/images/cards_cropped/45688586.jpg
45700805,Plasma Warrior Eitom,Thunder,LIGHT,8.0,3000.0,2500.0,https://images.ygoprodeck.com/images/cards_cropped/45700805.jpg
45702014,Elementsaber Molehu,Warrior,DARK,4.0,1900.0,0.0,https://images.ygoprodeck.com/images/cards_cropped/45702014.jpg
45702357,Reversible Beetle,Insect,EARTH,3.0,1100.0,1500.0,https://images.ygoprodeck.com/images/cards_cropped/45702357.jpg
45705025,Heraldic Beast Unicorn,Beast,LIGHT,4.0,1100.0,1600.0,https://images.ygoprodeck.com/images/cards_cropped/45705025.jpg
45710945,Galaxy-Eyes Tachyon Primal,Dragon,LIGHT,8.0,3000.0,2500.0,https://images.ygoprodeck.com/images/cards_cropped/45710945.jpg
45711266,Jurrac Ptera,Dinosaur,FIRE,3.0,800.0,1500.0,https://images.ygoprodeck.com/images/cards_cropped/45711266.jpg
45778242,Cliant,Cyberse,LIGHT,3.0,1500.0,1500.0,https://images.ygoprodeck.com/images/cards_cropped/45778242.jpg
45796834,"Maha Vailo, Light of the Heavens",Spellcaster,LIGHT,8.0,1550.0,1400.0,https://images.ygoprodeck.com/images/cards_cropped/45796834.jpg
45801022,Wattlemur,Thunder,LIGHT,2.0,800.0,100.0,https://images.ygoprodeck.com/images/cards_cropped/45801022.jpg
45803070,Traptrix Dionaea,Plant,EARTH,4.0,1700.0,1100.0,https://images.ygoprodeck.com/images/cards_cropped/45803070.jpg
45812361,Cardcar D,Machine,EARTH,2.0,800.0,400.0,https://images.ygoprodeck.com/images/cards_cropped/45812361.jpg
45836982,Earthbound Greater Linewalker,Fiend,DARK,8.0,2900.0,2900.0,https://images.ygoprodeck.com/images/cards_cropped/45836982.jpg
45871897,Lost Guardian,Rock,EARTH,4.0,100.0,-1.0,https://images.ygoprodeck.com/images/cards_cropped/45871897.jpg
45877457,Magikey Mechmortar - Garesglasser,Machine,EARTH,8.0,2000.0,2800.0,https://images.ygoprodeck.com/images/cards_cropped/45877457.jpg
45883110,"Guiding Quem, the Virtuous",Spellcaster,LIGHT,4.0,1500.0,1500.0,https://images.ygoprodeck.com/images/cards_cropped/45883110.jpg
45885288,Neo Kaiser Glider,Dragon,LIGHT,6.0,2400.0,2200.0,https://images.ygoprodeck.com/images/cards_cropped/45885288.jpg
45894482,Gilasaurus,Dinosaur,EARTH,3.0,1400.0,400.0,https://images.ygoprodeck.com/images/cards_cropped/45894482.jpg
45909477,Moon Envoy,Warrior,LIGHT,4.0,1100.0,1000.0,https://images.ygoprodeck.com/images/cards_cropped/45909477.jpg
45939611,Little Fairy,Fairy,LIGHT,3.0,800.0,800.0,https://images.ygoprodeck.com/images/cards_cropped/45939611.jpg
45945685,Cycroid,Machine,EARTH,3.0,800.0,1000.0,https://images.ygoprodeck.com/images/cards_cropped/45945685.jpg
45955628,"Catoblepas, Familiar of the Evil Eye",Fiend,DARK,3.0,600.0,1900.0,https://images.ygoprodeck.com/images/cards_cropped/45955628.jpg
45960523,Metaphys Daedalus,Wyrm,LIGHT,7.0,2600.0,1500.0,https://images.ygoprodeck.com/images/cards_cropped/45960523.jpg
45985838,Solar Flare Dragon,Pyro,FIRE,4.0,1500.0,1000.0,https://images.ygoprodeck.com/images/cards_cropped/45985838.jpg
46033517,Machina Ruinforce,Machine,DARK,10.0,4600.0,4100.0,https://images.ygoprodeck.com/images/cards_cropped/46033517.jpg
46035545,D/D Savant Nikola,Fiend,DARK,6.0,2000.0,2000.0,https://images.ygoprodeck.com/images/cards_cropped/46035545.jpg
46037213,Guardian Tryce,Thunder,LIGHT,5.0,1900.0,1700.0,https://images.ygoprodeck.com/images/cards_cropped/46037213.jpg
46037983,"Paces, Light of the Ghoti",Fish,WATER,2.0,0.0,0.0,https://images.ygoprodeck.com/images/cards_cropped/46037983.jpg
46044841,Gusto Falco,Winged Beast,WIND,2.0,600.0,1400.0,https://images.ygoprodeck.com/images/cards_cropped/46044841.jpg
46072770,The Phantom Knights of Decayed Cloak,Warrior,DARK,3.0,1000.0,300.0,https://images.ygoprodeck.com/images/cards_cropped/46072770.jpg
46083111,Krawler Dendrite,Insect,EARTH,2.0,1300.0,600.0,https://images.ygoprodeck.com/images/cards_cropped/46083111.jpg
46104361,Cyberse White Hat,Cyberse,LIGHT,6.0,1800.0,2400.0,https://images.ygoprodeck.com/images/cards_cropped/46104361.jpg
46123974,Libromancer Geek Boy,Psychic,WIND,3.0,800.0,800.0,https://images.ygoprodeck.com/images/cards_cropped/46123974.jpg
46128076,Ebon Magician Curran,Spellcaster,DARK,2.0,1200.0,0.0,https://images.ygoprodeck.com/images/cards_cropped/46128076.jpg
46136942,Performapal Odd-Eyes Dissolver,Spellcaster,DARK,8.0,2000.0,2600.0,https://images.ygoprodeck.com/images/cards_cropped/46136942.jpg
46145256,Barrier Statue of the Heavens,Fairy,LIGHT,4.0,1000.0,1000.0,https://images.ygoprodeck.com/images/cards_cropped/46145256.jpg
46148485,Sphinx of the Cycle,Rock,EARTH,8.0,2500.0,3000.0,https://images.ygoprodeck.com/images/cards_cropped/46148485.jpg
46169154,War Rock Orpis,Warrior,EARTH,5.0,2100.0,2100.0,https://images.ygoprodeck.com/images/cards_cropped/46169154.jpg
46221535,Drill Armed Dragon,Dragon,WIND,3.0,1100.0,400.0,https://images.ygoprodeck.com/images/cards_cropped/46221535.jpg
46237548,Knight of the Red Lotus,Warrior,FIRE,6.0,2100.0,1800.0,https://images.ygoprodeck.com/images/cards_cropped/46237548.jpg
46239604,Dupe Frog,Aqua,WATER,2.0,100.0,2000.0,https://images.ygoprodeck.com/images/cards_cropped/46239604.jpg
46247282,Iron Dragon Tiamaton,Dragon,DARK,4.0,2000.0,0.0,https://images.ygoprodeck.com/images/cards_cropped/46247282.jpg
46247516,Tao the Chanter,Spellcaster,EARTH,3.0,1200.0,900.0,https://images.ygoprodeck.com/images/cards_cropped/46247516.jpg
46261704,Galactikuriboh,Fiend,LIGHT,1.0,300.0,200.0,https://images.ygoprodeck.com/images/cards_cropped/46261704.jpg
46263076,Earthbound Immortal Ccapac Apu,Fiend,DARK,10.0,3000.0,2500.0,https://images.ygoprodeck.com/images/cards_cropped/46263076.jpg
46272804,Lancer Lindwurm,Dragon,WIND,4.0,1800.0,1200.0,https://images.ygoprodeck.com/images/cards_cropped/46272804.jpg
46290741,Citadel Whale,Fish,WATER,7.0,2350.0,2150.0,https://images.ygoprodeck.com/images/cards_cropped/46290741.jpg
46291010,Psi-Beast,Psychic,EARTH,2.0,700.0,500.0,https://images.ygoprodeck.com/images/cards_cropped/46291010.jpg
46294982,Hexe Trude,Spellcaster,DARK,8.0,2600.0,2100.0,https://images.ygoprodeck.com/images/cards_cropped/46294982.jpg
46303688,Roulette Barrel,Machine,LIGHT,4.0,1000.0,2000.0,https://images.ygoprodeck.com/images/cards_cropped/46303688.jpg
46358784,Advanced Crystal Beast Emerald Tortoise,Aqua,WATER,3.0,600.0,2000.0,https://images.ygoprodeck.com/images/cards_cropped/46358784.jpg
46363422,Skilled White Magician,Spellcaster,LIGHT,4.0,1700.0,1900.0,https://images.ygoprodeck.com/images/cards_cropped/46363422.jpg
46384403,Nimble Manta,Fish,WATER,2.0,800.0,100.0,https://images.ygoprodeck.com/images/cards_cropped/46384403.jpg
46384672,Armed Dragon LV5,Dragon,WIND,5.0,2400.0,1700.0,https://images.ygoprodeck.com/images/cards_cropped/46384672.jpg
46404281,Laval Magma Cannoneer,Pyro,FIRE,4.0,1700.0,200.0,https://images.ygoprodeck.com/images/cards_cropped/46404281.jpg
46412900,Volcanic Emperor,Pyro,FIRE,8.0,3100.0,2400.0,https://images.ygoprodeck.com/images/cards_cropped/46412900.jpg
46425662,Elementsaber Nalu,Warrior,WATER,3.0,1500.0,1000.0,https://images.ygoprodeck.com/images/cards_cropped/46425662.jpg
46427957,"Ruin, Queen of Oblivion",Fairy,LIGHT,8.0,2300.0,2000.0,https://images.ygoprodeck.com/images/cards_cropped/46427957.jpg
46435376,Infernity Sage,Fiend,DARK,2.0,400.0,800.0,https://images.ygoprodeck.com/images/cards_cropped/46435376.jpg
46457856,Tomozaurus,Dinosaur,EARTH,2.0,500.0,400.0,https://images.ygoprodeck.com/images/cards_cropped/46457856.jpg
46461247,Trap Master,Warrior,EARTH,3.0,500.0,1100.0,https://images.ygoprodeck.com/images/cards_cropped/46461247.jpg
46474915,Magical Ghost,Zombie,DARK,4.0,1300.0,1400.0,https://images.ygoprodeck.com/images/cards_cropped/46474915.jpg
46485778,Poissonniere de Nouvelles,Fairy,DARK,1.0,700.0,1700.0,https://images.ygoprodeck.com/images/cards_cropped/46485778.jpg
46502744,"Retaliating ""C""",Insect,EARTH,4.0,1400.0,1400.0,https://images.ygoprodeck.com/images/cards_cropped/46502744.jpg
46508640,Dweller in the Depths,Dragon,EARTH,3.0,1500.0,700.0,https://images.ygoprodeck.com/images/cards_cropped/46508640.jpg
46518210,"Nephilabyss, the Ogdoadic Overlord",Reptile,DARK,10.0,2200.0,3100.0,https://images.ygoprodeck.com/images/cards_cropped/46518210.jpg
46533533,Dipity,Fiend,LIGHT,4.0,0.0,0.0,https://images.ygoprodeck.com/images/cards_cropped/46533533.jpg
46534755,Fire Kraken,Aqua,FIRE,4.0,1600.0,1500.0,https://images.ygoprodeck.com/images/cards_cropped/46534755.jpg
46565218,Santa Claws,Fiend,LIGHT,6.0,1200.0,2500.0,https://images.ygoprodeck.com/images/cards_cropped/46565218.jpg
46571052,Vampiric Orchis,Plant,EARTH,4.0,1700.0,1000.0,https://images.ygoprodeck.com/images/cards_cropped/46571052.jpg
46572756,R-Genex Ultimum,Machine,EARTH,4.0,1800.0,1400.0,https://images.ygoprodeck.com/images/cards_cropped/46572756.jpg
46576366,Lyrilusc - Celestine Wagtail,Winged Beast,WIND,1.0,200.0,0.0,https://images.ygoprodeck.com/images/cards_cropped/46576366.jpg
46589034,Raidraptor - Pain Lanius,Winged Beast,DARK,1.0,100.0,100.0,https://images.ygoprodeck.com/images/cards_cropped/46589034.jpg
46606977,Nemeses Umbrella,Aqua,WATER,3.0,1500.0,400.0,https://images.ygoprodeck.com/images/cards_cropped/46606977.jpg
46609443,Chaos-End Master,Warrior,LIGHT,3.0,1500.0,1000.0,https://images.ygoprodeck.com/images/cards_cropped/46609443.jpg
46613515,Clear Kuriboh,Fairy,LIGHT,1.0,300.0,200.0,https://images.ygoprodeck.com/images/cards_cropped/46613515.jpg
46647144,"World Legacy - ""World Lance""",Machine,DARK,8.0,3000.0,0.0,https://images.ygoprodeck.com/images/cards_cropped/46647144.jpg
46657337,Muka Muka,Rock,EARTH,2.0,600.0,300.0,https://images.ygoprodeck.com/images/cards_cropped/46657337.jpg
46659709,Galaxy Soldier,Machine,LIGHT,5.0,2000.0,0.0,https://images.ygoprodeck.com/images/cards_cropped/46659709.jpg
46668237,"Green Baboon, Defender of the Forest",Beast,EARTH,7.0,2600.0,1800.0,https://images.ygoprodeck.com/images/cards_cropped/46668237.jpg
46700124,Machine King,Machine,EARTH,6.0,2200.0,2000.0,https://images.ygoprodeck.com/images/cards_cropped/46700124.jpg
46701379,Valkyrie Funfte,Fairy,LIGHT,2.0,800.0,1200.0,https://images.ygoprodeck.com/images/cards_cropped/46701379.jpg
46708514,"Derk, Longing for the Blue Skies",Reptile,DARK,10.0,3000.0,2700.0,https://images.ygoprodeck.com/images/cards_cropped/46708514.jpg
46710683,Blackwing - Mistral the Silver Shield,Winged Beast,DARK,2.0,100.0,1800.0,https://images.ygoprodeck.com/images/cards_cropped/46710683.jpg
46718686,Hitodenchak,Aqua,WATER,2.0,600.0,700.0,https://images.ygoprodeck.com/images/cards_cropped/46718686.jpg
46789706,Detonating Kuriboh,Fiend,DARK,1.0,300.0,200.0,https://images.ygoprodeck.com/images/cards_cropped/46789706.jpg
46796664,D/D Savant Copernicus,Fiend,DARK,4.0,0.0,0.0,https://images.ygoprodeck.com/images/cards_cropped/46796664.jpg
46809548,"Gizmek Makami, the Ferocious Fanged Fortress",Machine,WIND,6.0,2150.0,2150.0,https://images.ygoprodeck.com/images/cards_cropped/46809548.jpg
46820049,Mefist the Infernal General,Fiend,DARK,5.0,1800.0,1700.0,https://images.ygoprodeck.com/images/cards_cropped/46820049.jpg
46821314,Humanoid Slime,Aqua,WATER,4.0,800.0,2000.0,https://images.ygoprodeck.com/images/cards_cropped/46821314.jpg
46826483,Dark Tyranno,Dinosaur,EARTH,7.0,2600.0,1800.0,https://images.ygoprodeck.com/images/cards_cropped/46826483.jpg
46833854,Fabled Topi,Fiend,LIGHT,1.0,500.0,200.0,https://images.ygoprodeck.com/images/cards_cropped/46833854.jpg
46848859,Carrierroid,Machine,WATER,4.0,1000.0,800.0,https://images.ygoprodeck.com/images/cards_cropped/46848859.jpg
46864967,Minomushi Warrior,Rock,EARTH,4.0,1300.0,1200.0,https://images.ygoprodeck.com/images/cards_cropped/46864967.jpg
46877100,Scareclaw Acro,Beast,EARTH,3.0,0.0,2000.0,https://images.ygoprodeck.com/images/cards_cropped/46877100.jpg
46897277,Wattfox,Thunder,LIGHT,2.0,800.0,100.0,https://images.ygoprodeck.com/images/cards_cropped/46897277.jpg
46924949,Beatraptor,Dinosaur,EARTH,4.0,1400.0,2000.0,https://images.ygoprodeck.com/images/cards_cropped/46924949.jpg
46925518,Ghostrick Doll,Spellcaster,DARK,2.0,300.0,1200.0,https://images.ygoprodeck.com/images/cards_cropped/46925518.jpg
46939151,Earthbound Prisoner Ground Keeper,Fiend,DARK,1.0,300.0,300.0,https://images.ygoprodeck.com/images/cards_cropped/46939151.jpg
46955132,Melffy Rabbys,Beast,EARTH,2.0,300.0,100.0,https://images.ygoprodeck.com/images/cards_cropped/46955132.jpg
46955770,Gravekeeper's Heretic,Spellcaster,DARK,4.0,1800.0,1500.0,https://images.ygoprodeck.com/images/cards_cropped/46955770.jpg
46985799,Black Rose Dragon/Assault Mode,Dragon,FIRE,9.0,2900.0,2300.0,https://images.ygoprodeck.com/images/cards_cropped/46985799.jpg
46986414,Dark Magician,Spellcaster,DARK,7.0,2500.0,2100.0,https://images.ygoprodeck.com/images/cards_cropped/46986414.jpg
46999905,Saambell the Star Bonder,Spellcaster,WIND,3.0,1400.0,1300.0,https://images.ygoprodeck.com/images/cards_cropped/46999905.jpg
47013502,Dodger Dragon,Dragon,WIND,4.0,1900.0,1200.0,https://images.ygoprodeck.com/images/cards_cropped/47013502.jpg
47021196,U.A. Player Manager,Warrior,EARTH,8.0,2000.0,2600.0,https://images.ygoprodeck.com/images/cards_cropped/47021196.jpg
47025270,Helping Robo for Combat,Machine,LIGHT,4.0,1600.0,0.0,https://images.ygoprodeck.com/images/cards_cropped/47025270.jpg
47027714,T.G. Halberd Cannon/Assault Mode,Machine,EARTH,12.0,4500.0,4500.0,https://images.ygoprodeck.com/images/cards_cropped/47027714.jpg
47028805,L Magi Mergy,Cyberse,DARK,2.0,0.0,1200.0,https://images.ygoprodeck.com/images/cards_cropped/47028805.jpg
47030842,Geargiaccelerator,Machine,EARTH,4.0,1400.0,800.0,https://images.ygoprodeck.com/images/cards_cropped/47030842.jpg
47051709,Photon Delta Wing,Machine,LIGHT,4.0,1800.0,900.0,https://images.ygoprodeck.com/images/cards_cropped/47051709.jpg
47060154,Mystic Clown,Fiend,DARK,4.0,1500.0,1000.0,https://images.ygoprodeck.com/images/cards_cropped/47060154.jpg
47075569,Performapal Pendulum Sorcerer,Spellcaster,EARTH,4.0,1500.0,800.0,https://images.ygoprodeck.com/images/cards_cropped/47075569.jpg
47077318,Sylvan Mikorange,Plant,WATER,3.0,400.0,1100.0,https://images.ygoprodeck.com/images/cards_cropped/47077318.jpg
47077697,"Urubonus, the Avatar of Malice",Reptile,DARK,5.0,2000.0,800.0,https://images.ygoprodeck.com/images/cards_cropped/47077697.jpg
47082621,Regenesis Overlord,Illusion,DARK,10.0,2500.0,2500.0,https://images.ygoprodeck.com/images/cards_cropped/47082621.jpg
47084486,Vanity's Fiend,Fiend,DARK,6.0,2400.0,1200.0,https://images.ygoprodeck.com/images/cards_cropped/47084486.jpg
47095439,Zenetnakht Sphinx,Zombie,DARK,12.0,5000.0,2500.0,https://images.ygoprodeck.com/images/cards_cropped/47095439.jpg
47106439,Gishki Vision,Sea Serpent,WATER,2.0,700.0,500.0,https://images.ygoprodeck.com/images/cards_cropped/47106439.jpg
47111934,Worm Yagan,Reptile,LIGHT,4.0,1000.0,1800.0,https://images.ygoprodeck.com/images/cards_cropped/47111934.jpg
47120245,Noble Knight Borz,Warrior,LIGHT,4.0,1700.0,900.0,https://images.ygoprodeck.com/images/cards_cropped/47120245.jpg
47126872,Space-Time Police,Psychic,WIND,5.0,2300.0,1500.0,https://images.ygoprodeck.com/images/cards_cropped/47126872.jpg
47150851,Guardian Grarl,Dinosaur,EARTH,5.0,2500.0,1000.0,https://images.ygoprodeck.com/images/cards_cropped/47150851.jpg
47198668,D/D/D Doom King Armageddon,Fiend,DARK,8.0,3000.0,1000.0,https://images.ygoprodeck.com/images/cards_cropped/47198668.jpg
47217354,Fabled Raven,Fiend,LIGHT,2.0,1300.0,1000.0,https://images.ygoprodeck.com/images/cards_cropped/47217354.jpg
47226949,Leotron,Cyberse,EARTH,4.0,2000.0,0.0,https://images.ygoprodeck.com/images/cards_cropped/47226949.jpg
47228077,Vylon Pentachloro,Machine,LIGHT,4.0,500.0,400.0,https://images.ygoprodeck.com/images/cards_cropped/47228077.jpg
47297616,Light and Darkness Dragon,Dragon,LIGHT,8.0,2800.0,2400.0,https://images.ygoprodeck.com/images/cards_cropped/47297616.jpg
47319141,Wing Eagle,Winged Beast,WIND,5.0,1800.0,1500.0,https://images.ygoprodeck.com/images/cards_cropped/47319141.jpg
47330808,"Hapi, Guidance of Horus",Beast-Warrior,WIND,8.0,2400.0,1600.0,https://images.ygoprodeck.com/images/cards_cropped/47330808.jpg
47346782,Centerfrog,Aqua,WATER,2.0,100.0,2000.0,https://images.ygoprodeck.com/images/cards_cropped/47346782.jpg
47346845,Batteryman AAA,Thunder,LIGHT,4.0,0.0,0.0,https://images.ygoprodeck.com/images/cards_cropped/47346845.jpg
47349310,Skystarray,Sea Serpent,WIND,3.0,600.0,300.0,https://images.ygoprodeck.com/images/cards_cropped/47349310.jpg
47372349,Acrobat Monkey,Machine,EARTH,3.0,1000.0,1800.0,https://images.ygoprodeck.com/images/cards_cropped/47372349.jpg
47415292,Pitch-Dark Dragon,Dragon,DARK,3.0,900.0,600.0,https://images.ygoprodeck.com/images/cards_cropped/47415292.jpg
47425162,Rescue-ACE Quick Attacker,Warrior,FIRE,3.0,1400.0,1400.0,https://images.ygoprodeck.com/images/cards_cropped/47425162.jpg
47432275,Kuribon,Fairy,LIGHT,1.0,300.0,200.0,https://images.ygoprodeck.com/images/cards_cropped/47432275.jpg
47459126,Tuned Magician,Spellcaster,WIND,4.0,1800.0,1600.0,https://images.ygoprodeck.com/images/cards_cropped/47459126.jpg
47474172,"Bayonater, the Baneful Barrel",Zombie,DARK,1.0,500.0,0.0,https://images.ygoprodeck.com/images/cards_cropped/47474172.jpg
47480070,Amazoness Paladin,Warrior,EARTH,4.0,1700.0,300.0,https://images.ygoprodeck.com/images/cards_cropped/47480070.jpg
47484352,Anotherverse Dragon,Dragon,LIGHT,8.0,2500.0,2000.0,https://images.ygoprodeck.com/images/cards_cropped/47484352.jpg
47504322,War Rock Wento,Warrior,EARTH,4.0,1800.0,1800.0,https://images.ygoprodeck.com/images/cards_cropped/47504322.jpg
47507260,Mystic Swordsman LV2,Warrior,EARTH,2.0,900.0,0.0,https://images.ygoprodeck.com/images/cards_cropped/47507260.jpg
47556396,Subterror Behemoth Speleogeist,Fiend,EARTH,11.0,3000.0,1400.0,https://images.ygoprodeck.com/images/cards_cropped/47556396.jpg
47558785,Mild Turkey,Winged Beast,FIRE,4.0,1000.0,2000.0,https://images.ygoprodeck.com/images/cards_cropped/47558785.jpg
47605577,Raise Moon Starter Squeeze,Aqua,WATER,7.0,700.0,1400.0,https://images.ygoprodeck.com/images/cards_cropped/47605577.jpg
47606319,Gigantes,Rock,EARTH,4.0,1900.0,1300.0,https://images.ygoprodeck.com/images/cards_cropped/47606319.jpg
47643326,Lunar Rabbit Omajinai,Spellcaster,LIGHT,1.0,0.0,1500.0,https://images.ygoprodeck.com/images/cards_cropped/47643326.jpg
47647354,"Rex, Ride Fur Hire",Dinosaur,WIND,5.0,2000.0,1200.0,https://images.ygoprodeck.com/images/cards_cropped/47647354.jpg
47664723,Darklord Edeh Arae,Fairy,DARK,5.0,2300.0,2000.0,https://images.ygoprodeck.com/images/cards_cropped/47664723.jpg
47687766,Geargiauger,Machine,EARTH,4.0,500.0,500.0,https://images.ygoprodeck.com/images/cards_cropped/47687766.jpg
47693640,Zombie Tiger,Zombie,EARTH,3.0,1400.0,1600.0,https://images.ygoprodeck.com/images/cards_cropped/47693640.jpg
47695416,Candle of Fate,Fiend,DARK,2.0,600.0,600.0,https://images.ygoprodeck.com/images/cards_cropped/47695416.jpg
47705572,Lunalight Wolf,Beast-Warrior,LIGHT,6.0,2000.0,1800.0,https://images.ygoprodeck.com/images/cards_cropped/47705572.jpg
47728740,"Alich, Malebranche of the Burning Abyss",Fiend,DARK,3.0,1200.0,0.0,https://images.ygoprodeck.com/images/cards_cropped/47728740.jpg
47731128,"Mei-Kou, Master of Barriers",Spellcaster,LIGHT,4.0,1700.0,600.0,https://images.ygoprodeck.com/images/cards_cropped/47731128.jpg
47741109,Sylvan Snapdrassinagon,Plant,DARK,1.0,900.0,400.0,https://images.ygoprodeck.com/images/cards_cropped/47741109.jpg
47754278,Infernal Dragon,Dragon,DARK,4.0,2000.0,0.0,https://images.ygoprodeck.com/images/cards_cropped/47754278.jpg
47795344,Naturia Hydrangea,Plant,EARTH,5.0,1900.0,2000.0,https://images.ygoprodeck.com/images/cards_cropped/47795344.jpg
47826112,"Poseidra, the Atlantean Dragon",Sea Serpent,WATER,7.0,2800.0,1600.0,https://images.ygoprodeck.com/images/cards_cropped/47826112.jpg
47828069,Raise Moon Wings Rapi,Beast,EARTH,7.0,700.0,2100.0,https://images.ygoprodeck.com/images/cards_cropped/47828069.jpg
47829960,Chaosrider Gustaph,Warrior,WIND,4.0,1400.0,1500.0,https://images.ygoprodeck.com/images/cards_cropped/47829960.jpg
47840168,Left-Hand Shark,Fish,WATER,3.0,1300.0,1500.0,https://images.ygoprodeck.com/images/cards_cropped/47840168.jpg
47863787,Artifact Labrys,Fairy,LIGHT,5.0,2300.0,1000.0,https://images.ygoprodeck.com/images/cards_cropped/47863787.jpg
47879985,Guardian of the Throne Room,Machine,LIGHT,4.0,1650.0,1600.0,https://images.ygoprodeck.com/images/cards_cropped/47879985.jpg
47894537,Jongleur-Ghoul Illusionist,Illusion,DARK,4.0,2000.0,0.0,https://images.ygoprodeck.com/images/cards_cropped/47894537.jpg
47897376,Adamancipator Crystal - Leonite,Rock,FIRE,4.0,0.0,2200.0,https://images.ygoprodeck.com/images/cards_cropped/47897376.jpg
47921178,Battlin' Boxer Chief Second,Warrior,FIRE,4.0,500.0,2000.0,https://images.ygoprodeck.com/images/cards_cropped/47921178.jpg
47922711,Tatsunootoshigo,Beast,EARTH,5.0,1350.0,1600.0,https://images.ygoprodeck.com/images/cards_cropped/47922711.jpg
47929865,Magidog,Spellcaster,LIGHT,4.0,1700.0,1000.0,https://images.ygoprodeck.com/images/cards_cropped/47929865.jpg
47942531,Great Maju Garzett,Fiend,DARK,6.0,0.0,0.0,https://images.ygoprodeck.com/images/cards_cropped/47942531.jpg
47960073,K9-04 Noroi,Machine,EARTH,5.0,2200.0,1500.0,https://images.ygoprodeck.com/images/cards_cropped/47960073.jpg
47961808,Barrier Statue of the Inferno,Pyro,FIRE,4.0,1000.0,1000.0,https://images.ygoprodeck.com/images/cards_cropped/47961808.jpg
47963370,Magician of Chaos,Spellcaster,DARK,7.0,2500.0,2100.0,https://images.ygoprodeck.com/images/cards_cropped/47963370.jpg
47985614,Gadget Arms,Machine,WATER,2.0,200.0,400.0,https://images.ygoprodeck.com/images/cards_cropped/47985614.jpg
47986555,Millennium Golem,Rock,EARTH,6.0,2000.0,2200.0,https://images.ygoprodeck.com/images/cards_cropped/47986555.jpg
48017189,EM:P Meowmine,Cyberse,DARK,2.0,800.0,0.0,https://images.ygoprodeck.com/images/cards_cropped/48017189.jpg
48048590,Keeper of Dragon Magic,Dragon,DARK,4.0,1800.0,1300.0,https://images.ygoprodeck.com/images/cards_cropped/48048590.jpg
48049769,Thunder Sea Horse,Thunder,LIGHT,4.0,1600.0,1200.0,https://images.ygoprodeck.com/images/cards_cropped/48049769.jpg
48086335,Artifact Failnaught,Fairy,LIGHT,5.0,2000.0,1600.0,https://images.ygoprodeck.com/images/cards_cropped/48086335.jpg
48092532,D.D. Survivor,Warrior,DARK,4.0,1800.0,200.0,https://images.ygoprodeck.com/images/cards_cropped/48092532.jpg
48094997,Battle Footballer,Machine,FIRE,4.0,1000.0,2100.0,https://images.ygoprodeck.com/images/cards_cropped/48094997.jpg
48109103,Kappa Avenger,Aqua,WATER,3.0,1200.0,900.0,https://images.ygoprodeck.com/images/cards_cropped/48109103.jpg
48115277,Blockman,Rock,EARTH,4.0,1000.0,1500.0,https://images.ygoprodeck.com/images/cards_cropped/48115277.jpg
48144778,Infernity Conjurer,Fiend,DARK,3.0,1200.0,900.0,https://images.ygoprodeck.com/images/cards_cropped/48144778.jpg
48148828,D.D. Crazy Beast,Beast,EARTH,3.0,1400.0,1400.0,https://images.ygoprodeck.com/images/cards_cropped/48148828.jpg
48150362,Destiny HERO - Drawhand,Warrior,DARK,4.0,1600.0,800.0,https://images.ygoprodeck.com/images/cards_cropped/48150362.jpg
48171151,"Astrograph Sorcerer, the Starfrost Magician",Spellcaster,DARK,7.0,2500.0,2000.0,https://images.ygoprodeck.com/images/cards_cropped/48171151.jpg
48202661,Aitsu,Fairy,FIRE,5.0,100.0,100.0,https://images.ygoprodeck.com/images/cards_cropped/48202661.jpg
48210156,D/D Nighthowl,Fiend,DARK,3.0,300.0,600.0,https://images.ygoprodeck.com/images/cards_cropped/48210156.jpg
48228390,Pyrite Knight,Warrior,EARTH,5.0,2000.0,0.0,https://images.ygoprodeck.com/images/cards_cropped/48228390.jpg
48229808,Horus the Black Flame Dragon LV8,Dragon,FIRE,8.0,3000.0,1800.0,https://images.ygoprodeck.com/images/cards_cropped/48229808.jpg
48252330,Madolche Butlerusk,Spellcaster,EARTH,4.0,1500.0,800.0,https://images.ygoprodeck.com/images/cards_cropped/48252330.jpg
48305365,Axe Raider,Warrior,EARTH,4.0,1700.0,1150.0,https://images.ygoprodeck.com/images/cards_cropped/48305365.jpg
48343627,Grave Squirmer,Fiend,DARK,1.0,0.0,0.0,https://images.ygoprodeck.com/images/cards_cropped/48343627.jpg
48355999,Rokket Synchron,Dragon,DARK,1.0,0.0,0.0,https://images.ygoprodeck.com/images/cards_cropped/48355999.jpg
48365709,Ansatsu,Warrior,EARTH,5.0,1700.0,1200.0,https://images.ygoprodeck.com/images/cards_cropped/48365709.jpg
48372950,Dinowrestler Eskrimamenchi,Dinosaur,EARTH,6.0,2200.0,0.0,https://images.ygoprodeck.com/images/cards_cropped/48372950.jpg
48381268,Morphtronic Boarden,Machine,EARTH,3.0,500.0,1800.0,https://images.ygoprodeck.com/images/cards_cropped/48381268.jpg
48386462,The Cuckoo Commanded to Croon,Winged Beast,FIRE,3.0,800.0,1000.0,https://images.ygoprodeck.com/images/cards_cropped/48386462.jpg
48393693,Gagaga Girl - Cell Phone Subtraction,Spellcaster,DARK,3.0,1000.0,800.0,https://images.ygoprodeck.com/images/cards_cropped/48393693.jpg
48411996,Jurrac Stauriko,Dinosaur,FIRE,2.0,500.0,400.0,https://images.ygoprodeck.com/images/cards_cropped/48411996.jpg
48421595,Necro Synchron,Machine,DARK,2.0,200.0,400.0,https://images.ygoprodeck.com/images/cards_cropped/48421595.jpg
48427163,Lunalight Purple Butterfly,Beast-Warrior,DARK,3.0,1000.0,1000.0,https://images.ygoprodeck.com/images/cards_cropped/48427163.jpg
48452496,Snake-Eyes Flamberge Dragon,Dragon,FIRE,8.0,3000.0,2500.0,https://images.ygoprodeck.com/images/cards_cropped/48452496.jpg
48453776,Sky Scourge Norleras,Fiend,DARK,8.0,2400.0,1500.0,https://images.ygoprodeck.com/images/cards_cropped/48453776.jpg
48461764,Purple Poison Magician,Spellcaster,DARK,4.0,1200.0,2100.0,https://images.ygoprodeck.com/images/cards_cropped/48461764.jpg
48468330,Terrifying Toddler of Torment,Fiend,DARK,3.0,0.0,2000.0,https://images.ygoprodeck.com/images/cards_cropped/48468330.jpg
48469380,Archfiend Emperor,Fiend,FIRE,7.0,2500.0,1200.0,https://images.ygoprodeck.com/images/cards_cropped/48469380.jpg
48486809,Winged Kuriboh LV6,Fairy,LIGHT,6.0,300.0,200.0,https://images.ygoprodeck.com/images/cards_cropped/48486809.jpg
48505422,Legendary Six Samurai - Shinai,Warrior,WATER,3.0,1500.0,1500.0,https://images.ygoprodeck.com/images/cards_cropped/48505422.jpg
48519867,Adamancipator Seeker,Rock,EARTH,2.0,1200.0,1000.0,https://images.ygoprodeck.com/images/cards_cropped/48519867.jpg
48531733,Bolt Penguin,Thunder,WATER,3.0,1100.0,800.0,https://images.ygoprodeck.com/images/cards_cropped/48531733.jpg
48546368,Herald of Ultimateness,Fairy,LIGHT,12.0,2000.0,3000.0,https://images.ygoprodeck.com/images/cards_cropped/48546368.jpg
48568432,Trigon,Dragon,FIRE,3.0,500.0,1700.0,https://images.ygoprodeck.com/images/cards_cropped/48568432.jpg
48579379,Perfectly Ultimate Great Moth,Insect,EARTH,8.0,3500.0,3000.0,https://images.ygoprodeck.com/images/cards_cropped/48579379.jpg
48588176,Danipon,Insect,EARTH,2.0,600.0,600.0,https://images.ygoprodeck.com/images/cards_cropped/48588176.jpg
48596760,Luna the Dark Spirit,Fiend,DARK,4.0,1600.0,1200.0,https://images.ygoprodeck.com/images/cards_cropped/48596760.jpg
48633301,T.G. Booster Raptor,Dinosaur,WIND,1.0,400.0,300.0,https://images.ygoprodeck.com/images/cards_cropped/48633301.jpg
48649353,Ushi Oni,Fiend,DARK,6.0,2150.0,1950.0,https://images.ygoprodeck.com/images/cards_cropped/48649353.jpg
48654323,White Relic of Dogmatika,Spellcaster,LIGHT,4.0,500.0,2500.0,https://images.ygoprodeck.com/images/cards_cropped/48654323.jpg
48659020,Spirit Caller,Spellcaster,LIGHT,3.0,1000.0,1000.0,https://images.ygoprodeck.com/images/cards_cropped/48659020.jpg
48675364,Archfiend General,Fiend,DARK,4.0,2100.0,800.0,https://images.ygoprodeck.com/images/cards_cropped/48675364.jpg
48686504,Lonefire Blossom,Plant,FIRE,3.0,500.0,1400.0,https://images.ygoprodeck.com/images/cards_cropped/48686504.jpg
48700891,Memory Crusher,Fiend,DARK,3.0,1000.0,600.0,https://images.ygoprodeck.com/images/cards_cropped/48700891.jpg
48705086,Dragolithia Kunzite,Dragon,EARTH,8.0,0.0,0.0,https://images.ygoprodeck.com/images/cards_cropped/48705086.jpg
48737767,Marmiting Captain,Warrior,EARTH,3.0,1200.0,400.0,https://images.ygoprodeck.com/images/cards_cropped/48737767.jpg
48742406,Fairy Archer,Fairy,LIGHT,3.0,1400.0,600.0,https://images.ygoprodeck.com/images/cards_cropped/48742406.jpg
48745395,Labrynth Archfiend,Fiend,DARK,7.0,2000.0,2800.0,https://images.ygoprodeck.com/images/cards_cropped/48745395.jpg
48766543,Cyber-Tech Alligator,Machine,WIND,5.0,2500.0,1600.0,https://images.ygoprodeck.com/images/cards_cropped/48766543.jpg
48768179,Dark Scorpion - Gorg the Strong,Warrior,DARK,5.0,1800.0,1500.0,https://images.ygoprodeck.com/images/cards_cropped/48768179.jpg
48770333,"Thunder King, the Lightningstrike Kaiju",Thunder,LIGHT,9.0,3300.0,2100.0,https://images.ygoprodeck.com/images/cards_cropped/48770333.jpg
48783998,Nova Summoner,Fairy,LIGHT,4.0,1400.0,800.0,https://images.ygoprodeck.com/images/cards_cropped/48783998.jpg
48806195,"Therion ""Empress"" Alasia",Reptile,EARTH,8.0,2100.0,2500.0,https://images.ygoprodeck.com/images/cards_cropped/48806195.jpg
48829461,Malefic Paradox Gear,Machine,DARK,1.0,0.0,0.0,https://images.ygoprodeck.com/images/cards_cropped/48829461.jpg
48868994,Morphtronic Vacuumen,Machine,WIND,1.0,0.0,0.0,https://images.ygoprodeck.com/images/cards_cropped/48868994.jpg
48940337,Lancephorhynchus,Dinosaur,WIND,6.0,2500.0,800.0,https://images.ygoprodeck.com/images/cards_cropped/48940337.jpg
48948935,Masked Beast Des Gardius,Fiend,DARK,8.0,3300.0,2500.0,https://images.ygoprodeck.com/images/cards_cropped/48948935.jpg
48964966,Athena,Fairy,LIGHT,7.0,2600.0,800.0,https://images.ygoprodeck.com/images/cards_cropped/48964966.jpg
49003308,Gagagigo,Reptile,WATER,4.0,1850.0,1000.0,https://images.ygoprodeck.com/images/cards_cropped/49003308.jpg
49003716,Blackwing - Bora the Spear,Winged Beast,DARK,4.0,1700.0,800.0,https://images.ygoprodeck.com/images/cards_cropped/49003716.jpg
49027020,Traptrix Pudica,Plant,EARTH,4.0,900.0,1900.0,https://images.ygoprodeck.com/images/cards_cropped/49027020.jpg
49036338,PSY-Frame Driver,Psychic,LIGHT,6.0,2500.0,0.0,https://images.ygoprodeck.com/images/cards_cropped/49036338.jpg
49064413,The Masked Beast,Fiend,DARK,8.0,3200.0,1800.0,https://images.ygoprodeck.com/images/cards_cropped/49064413.jpg
49080532,Infernity Beetle,Insect,DARK,2.0,1200.0,0.0,https://images.ygoprodeck.com/images/cards_cropped/49080532.jpg
49088914,Virtual World Mai-Hime - Lulu,Psychic,WIND,3.0,1600.0,600.0,https://images.ygoprodeck.com/images/cards_cropped/49088914.jpg
49094491,Salamangreat Fennec,Cyberse,FIRE,3.0,1600.0,200.0,https://images.ygoprodeck.com/images/cards_cropped/49094491.jpg
49109013,Doomstar Ulka,Beast,WIND,4.0,1500.0,400.0,https://images.ygoprodeck.com/images/cards_cropped/49109013.jpg
49127943,Man-Eating Plant,Plant,EARTH,2.0,800.0,600.0,https://images.ygoprodeck.com/images/cards_cropped/49127943.jpg
49131917,Shinonome the Vaylantz Priestess,Spellcaster,WATER,2.0,500.0,500.0,https://images.ygoprodeck.com/images/cards_cropped/49131917.jpg
49139666,E Stranger Big Bang,Warrior,LIGHT,5.0,2100.0,500.0,https://images.ygoprodeck.com/images/cards_cropped/49139666.jpg
49144107,Creepy Coney,Beast,EARTH,3.0,1000.0,1900.0,https://images.ygoprodeck.com/images/cards_cropped/49144107.jpg
49181828,Fist Armed Dragon,Dragon,WIND,5.0,2400.0,1700.0,https://images.ygoprodeck.com/images/cards_cropped/49181828.jpg
49191560,Charioteer of Prophecy,Spellcaster,WIND,4.0,1800.0,1300.0,https://images.ygoprodeck.com/images/cards_cropped/49191560.jpg
49217579,Mirage Knight,Warrior,LIGHT,8.0,2800.0,2000.0,https://images.ygoprodeck.com/images/cards_cropped/49217579.jpg
49218300,Sorcerer of the Doomed,Spellcaster,DARK,4.0,1450.0,1200.0,https://images.ygoprodeck.com/images/cards_cropped/49218300.jpg
49249907,Yosenju Magat,Beast,WIND,6.0,2000.0,100.0,https://images.ygoprodeck.com/images/cards_cropped/49249907.jpg
49258578,Gate Deeg,Beast,DARK,3.0,700.0,800.0,https://images.ygoprodeck.com/images/cards_cropped/49258578.jpg
49275969,"Nidhogg, Generaider Boss of Ice",Wyrm,WATER,9.0,2100.0,2600.0,https://images.ygoprodeck.com/images/cards_cropped/49275969.jpg
49296203,"Karakuri Bonze mdl 9763 ""Kunamzan""",Machine,EARTH,5.0,2000.0,1500.0,https://images.ygoprodeck.com/images/cards_cropped/49296203.jpg
49370026,Genin,Spellcaster,LIGHT,3.0,600.0,900.0,https://images.ygoprodeck.com/images/cards_cropped/49370026.jpg
49374988,Madolche Baaple,Beast,EARTH,3.0,0.0,1800.0,https://images.ygoprodeck.com/images/cards_cropped/49374988.jpg
49375719,Cyber Tutu,Warrior,EARTH,3.0,1000.0,800.0,https://images.ygoprodeck.com/images/cards_cropped/49375719.jpg
49389190,"Ikelos, the Dream Mirror Sprite",Fairy,LIGHT,1.0,0.0,500.0,https://images.ygoprodeck.com/images/cards_cropped/49389190.jpg
49394035,Vendread Core,Zombie,DARK,1.0,0.0,500.0,https://images.ygoprodeck.com/images/cards_cropped/49394035.jpg
49417509,Wolf,Beast,EARTH,3.0,1200.0,800.0,https://images.ygoprodeck.com/images/cards_cropped/49417509.jpg
49441499,Ultimate Insect LV1,Insect,WIND,1.0,0.0,0.0,https://images.ygoprodeck.com/images/cards_cropped/49441499.jpg
49460512,Blackwing - Kogarashi the Wanderer,Winged Beast,DARK,6.0,2300.0,1600.0,https://images.ygoprodeck.com/images/cards_cropped/49460512.jpg
49477180,Vendread Striges,Zombie,DARK,2.0,500.0,2000.0,https://images.ygoprodeck.com/images/cards_cropped/49477180.jpg
49522489,Beelze Frog,Aqua,WATER,3.0,1200.0,800.0,https://images.ygoprodeck.com/images/cards_cropped/49522489.jpg
49563947,Neo Aqua Madoor,Spellcaster,WATER,6.0,1200.0,3000.0,https://images.ygoprodeck.com/images/cards_cropped/49563947.jpg
49575521,Dragonmaid Nudyarl,Dragon,WATER,7.0,2600.0,1600.0,https://images.ygoprodeck.com/images/cards_cropped/49575521.jpg
49587396,Ancient Tool,Machine,DARK,5.0,1700.0,1400.0,https://images.ygoprodeck.com/images/cards_cropped/49587396.jpg
49633574,Fabled Oltro,Fiend,LIGHT,2.0,800.0,500.0,https://images.ygoprodeck.com/images/cards_cropped/49633574.jpg
49645921,Saber Beetle,Insect,EARTH,6.0,2400.0,600.0,https://images.ygoprodeck.com/images/cards_cropped/49645921.jpg
49655592,F.A. Whip Crosser,Machine,WIND,4.0,0.0,1000.0,https://images.ygoprodeck.com/images/cards_cropped/49655592.jpg
49674183,Fallen Angel of Roses,Plant,EARTH,7.0,2400.0,1300.0,https://images.ygoprodeck.com/images/cards_cropped/49674183.jpg
49680980,Koa'ki Meiru Sandman,Rock,EARTH,4.0,1900.0,1200.0,https://images.ygoprodeck.com/images/cards_cropped/49680980.jpg
49681811,Freed the Matchless General,Warrior,EARTH,5.0,2300.0,1700.0,https://images.ygoprodeck.com/images/cards_cropped/49681811.jpg
49684352,Double Iris Magician,Spellcaster,DARK,4.0,1500.0,1000.0,https://images.ygoprodeck.com/images/cards_cropped/49684352.jpg
49721904,Legendary Six Samurai - Kizan,Warrior,EARTH,4.0,1800.0,500.0,https://images.ygoprodeck.com/images/cards_cropped/49721904.jpg
49729312,Primineral Kongreat,Rock,EARTH,8.0,3000.0,2000.0,https://images.ygoprodeck.com/images/cards_cropped/49729312.jpg
49771608,Absorbing Kid from the Sky,Fairy,LIGHT,4.0,1300.0,1000.0,https://images.ygoprodeck.com/images/cards_cropped/49771608.jpg
49776811,Shining Piecephilia,Rock,LIGHT,4.0,700.0,2000.0,https://images.ygoprodeck.com/images/cards_cropped/49776811.jpg
49785720,Brotherhood of the Fire Fist - Coyote,Beast-Warrior,FIRE,5.0,2000.0,500.0,https://images.ygoprodeck.com/images/cards_cropped/49785720.jpg
49791927,Tiger Axe,Beast-Warrior,EARTH,4.0,1300.0,1100.0,https://images.ygoprodeck.com/images/cards_cropped/49791927.jpg
49808196,Metabo Globster,Fiend,DARK,3.0,800.0,300.0,https://images.ygoprodeck.com/images/cards_cropped/49808196.jpg
49814180,Master Monk,Rock,EARTH,5.0,1900.0,1000.0,https://images.ygoprodeck.com/images/cards_cropped/49814180.jpg
49823708,Buster Whelp of the Destruction Swordsman,Dragon,LIGHT,1.0,400.0,300.0,https://images.ygoprodeck.com/images/cards_cropped/49823708.jpg
49826746,Night Wing Sorceress,Spellcaster,WIND,3.0,1300.0,1200.0,https://images.ygoprodeck.com/images/cards_cropped/49826746.jpg
49828011,Officiating Reverie,Zombie,DARK,6.0,2000.0,1100.0,https://images.ygoprodeck.com/images/cards_cropped/49828011.jpg
49858495,Power Pro Lady Sisters,Winged Beast,WIND,6.0,1950.0,2100.0,https://images.ygoprodeck.com/images/cards_cropped/49858495.jpg
49879995,Phantom Dragon,Dragon,LIGHT,8.0,2300.0,2200.0,https://images.ygoprodeck.com/images/cards_cropped/49879995.jpg
49881766,Archfiend Soldier,Fiend,DARK,4.0,1900.0,1500.0,https://images.ygoprodeck.com/images/cards_cropped/49881766.jpg
49885567,Spiritual Beast Cannahawk,Thunder,WIND,4.0,1400.0,600.0,https://images.ygoprodeck.com/images/cards_cropped/49885567.jpg
49888191,Garnecia Elefantis,Beast-Warrior,EARTH,7.0,2400.0,2000.0,https://images.ygoprodeck.com/images/cards_cropped/49888191.jpg
49904658,Hrimnir the Divine Follower,Fairy,LIGHT,9.0,2200.0,2200.0,https://images.ygoprodeck.com/images/cards_cropped/49904658.jpg
49905576,"Meltiel, Sage of the Sky",Fairy,LIGHT,4.0,1600.0,1200.0,https://images.ygoprodeck.com/images/cards_cropped/49905576.jpg
49919798,Symphonic Warrior Synthess,Machine,WIND,4.0,1200.0,1900.0,https://images.ygoprodeck.com/images/cards_cropped/49919798.jpg
49922726,Leraje the God of Archery,Fiend,DARK,4.0,1800.0,1600.0,https://images.ygoprodeck.com/images/cards_cropped/49922726.jpg
49928686,Spright Pixies,Thunder,DARK,2.0,1400.0,1400.0,https://images.ygoprodeck.com/images/cards_cropped/49928686.jpg
49930315,White Stingray,Fish,WATER,4.0,1400.0,1000.0,https://images.ygoprodeck.com/images/cards_cropped/49930315.jpg
49959355,Uni-Zombie,Zombie,DARK,3.0,1300.0,0.0,https://images.ygoprodeck.com/images/cards_cropped/49959355.jpg
49964567,Staysailor Romarin,Plant,LIGHT,4.0,1600.0,300.0,https://images.ygoprodeck.com/images/cards_cropped/49964567.jpg
49966326,Virtual World Kirin - Lili,Wyrm,EARTH,6.0,1800.0,600.0,https://images.ygoprodeck.com/images/cards_cropped/49966326.jpg
50005633,Swordstalker,Warrior,DARK,6.0,2000.0,1600.0,https://images.ygoprodeck.com/images/cards_cropped/50005633.jpg
50032342,Strategist of the Ice Barrier,Spellcaster,WATER,4.0,1600.0,1600.0,https://images.ygoprodeck.com/images/cards_cropped/50032342.jpg
50042011,Mementotlan Shleepy,Beast,EARTH,3.0,800.0,1000.0,https://images.ygoprodeck.com/images/cards_cropped/50042011.jpg
50073633,Celtic Mystic,Warrior,LIGHT,4.0,1400.0,2000.0,https://images.ygoprodeck.com/images/cards_cropped/50073633.jpg
50074392,Sirenorca,Winged Beast,WATER,5.0,2200.0,1000.0,https://images.ygoprodeck.com/images/cards_cropped/50074392.jpg
50074522,Magnetic Mosquito,Insect,LIGHT,3.0,300.0,1000.0,https://images.ygoprodeck.com/images/cards_cropped/50074522.jpg
50078320,Engraver of the Mark,Spellcaster,DARK,4.0,1800.0,1200.0,https://images.ygoprodeck.com/images/cards_cropped/50078320.jpg
50088247,Prior of the Ice Barrier,Aqua,WATER,2.0,1000.0,400.0,https://images.ygoprodeck.com/images/cards_cropped/50088247.jpg
50122883,Bite Shoes,Fiend,DARK,2.0,500.0,300.0,https://images.ygoprodeck.com/images/cards_cropped/50122883.jpg
50139096,"Ruin, Angel of Oblivion",Fairy,LIGHT,4.0,1700.0,1000.0,https://images.ygoprodeck.com/images/cards_cropped/50139096.jpg
50140163,Allure Queen LV7,Spellcaster,DARK,7.0,1500.0,1500.0,https://images.ygoprodeck.com/images/cards_cropped/50140163.jpg
50155385,Spiritual Whisper,Winged Beast,WIND,4.0,200.0,2000.0,https://images.ygoprodeck.com/images/cards_cropped/50155385.jpg
50164989,Dark Verger,Plant,EARTH,2.0,0.0,1000.0,https://images.ygoprodeck.com/images/cards_cropped/50164989.jpg
50176820,Mech Bass,Machine,WATER,5.0,1800.0,1500.0,https://images.ygoprodeck.com/images/cards_cropped/50176820.jpg
50185950,Relinkuriboh,Fiend,DARK,1.0,300.0,200.0,https://images.ygoprodeck.com/images/cards_cropped/50185950.jpg
50208444,Elemental Saga Doriado,Spellcaster,LIGHT,7.0,2400.0,2800.0,https://images.ygoprodeck.com/images/cards_cropped/50208444.jpg
50251045,"Calamity of the Sacred Beasts - Hamon, Lord of Striking Thunder",Thunder,LIGHT,10.0,4000.0,4000.0,https://images.ygoprodeck.com/images/cards_cropped/50251045.jpg
50259460,Versago the Destroyer,Fiend,DARK,3.0,1100.0,900.0,https://images.ygoprodeck.com/images/cards_cropped/50259460.jpg
50263751,Greed Quasar,Fiend,DARK,7.0,-1.0,-1.0,https://images.ygoprodeck.com/images/cards_cropped/50263751.jpg
50281477,Tainted of the Tistina,Aqua,DARK,5.0,2000.0,0.0,https://images.ygoprodeck.com/images/cards_cropped/50281477.jpg
50287060,Archfiend of Gilfer,Fiend,DARK,6.0,2200.0,2500.0,https://images.ygoprodeck.com/images/cards_cropped/50287060.jpg
50304345,Evil HERO Infernal Prodigy,Fiend,DARK,2.0,300.0,600.0,https://images.ygoprodeck.com/images/cards_cropped/50304345.jpg
50319138,Crashbug Z,Fiend,DARK,3.0,0.0,1500.0,https://images.ygoprodeck.com/images/cards_cropped/50319138.jpg
50354944,Gaia the Fierce Knight Origin,Warrior,EARTH,4.0,1600.0,1200.0,https://images.ygoprodeck.com/images/cards_cropped/50354944.jpg
50366775,Formud Skipper,Cyberse,LIGHT,1.0,0.0,0.0,https://images.ygoprodeck.com/images/cards_cropped/50366775.jpg
50383626,"Darkest Diabolos, Lord of the Lair",Dragon,DARK,8.0,3000.0,2000.0,https://images.ygoprodeck.com/images/cards_cropped/50383626.jpg
50400231,Satellite Cannon,Machine,LIGHT,5.0,0.0,0.0,https://images.ygoprodeck.com/images/cards_cropped/50400231.jpg
50407691,Igknight Margrave,Warrior,FIRE,5.0,1500.0,2500.0,https://images.ygoprodeck.com/images/cards_cropped/50407691.jpg
50412166,Charm of Shabti,Rock,EARTH,1.0,100.0,100.0,https://images.ygoprodeck.com/images/cards_cropped/50412166.jpg
50415441,Mimighoul Archfiend,Fiend,EARTH,1.0,0.0,1900.0,https://images.ygoprodeck.com/images/cards_cropped/50415441.jpg
50426119,Degrade Buster,Cyberse,FIRE,7.0,2500.0,2500.0,https://images.ygoprodeck.com/images/cards_cropped/50426119.jpg
50457953,Mythic Tree Dragon,Dragon,EARTH,4.0,100.0,1400.0,https://images.ygoprodeck.com/images/cards_cropped/50457953.jpg
50474354,Bujingi Peacock,Winged Beast,LIGHT,4.0,1800.0,700.0,https://images.ygoprodeck.com/images/cards_cropped/50474354.jpg
50482813,Speedroid Fuki-Modoshi Piper,Machine,WIND,4.0,1000.0,1000.0,https://images.ygoprodeck.com/images/cards_cropped/50482813.jpg
50485594,Rescue Hamster,Beast,EARTH,4.0,300.0,100.0,https://images.ygoprodeck.com/images/cards_cropped/50485594.jpg
50486289,Amazoness War Chief,Warrior,EARTH,5.0,1900.0,0.0,https://images.ygoprodeck.com/images/cards_cropped/50486289.jpg
50491121,Heroic Challenger - Spartan,Warrior,EARTH,4.0,1600.0,1000.0,https://images.ygoprodeck.com/images/cards_cropped/50491121.jpg
50532786,Jawsman,Beast-Warrior,WATER,6.0,2600.0,1600.0,https://images.ygoprodeck.com/images/cards_cropped/50532786.jpg
50546208,Lunalight Yellow Marten,Beast-Warrior,DARK,4.0,800.0,2000.0,https://images.ygoprodeck.com/images/cards_cropped/50546208.jpg
50548657,Prompthorn,Cyberse,DARK,1.0,200.0,400.0,https://images.ygoprodeck.com/images/cards_cropped/50548657.jpg
50593156,Sand Gambler,Spellcaster,LIGHT,3.0,300.0,1600.0,https://images.ygoprodeck.com/images/cards_cropped/50593156.jpg
50599453,Leafplace Plaice,Psychic,DARK,3.0,-1.0,-1.0,https://images.ygoprodeck.com/images/cards_cropped/50599453.jpg
50604072,Crimson Blader/Assault Mode,Warrior,FIRE,10.0,3300.0,3100.0,https://images.ygoprodeck.com/images/cards_cropped/50604072.jpg
50604950,X-Saber Galahad,Warrior,EARTH,4.0,1800.0,800.0,https://images.ygoprodeck.com/images/cards_cropped/50604950.jpg
50613779,Damage Mage,Spellcaster,DARK,3.0,600.0,1200.0,https://images.ygoprodeck.com/images/cards_cropped/50613779.jpg
50615578,"Karakuri Ninja mdl 7749 ""Nanashick""",Machine,EARTH,5.0,2200.0,1800.0,https://images.ygoprodeck.com/images/cards_cropped/50615578.jpg
50621530,Powered Tuner,Dragon,WATER,4.0,1400.0,1000.0,https://images.ygoprodeck.com/images/cards_cropped/50621530.jpg
50642380,Gagaku-P.U.N.K. Wa Gon,Psychic,EARTH,3.0,900.0,600.0,https://images.ygoprodeck.com/images/cards_cropped/50642380.jpg
50690129,Catche Eve L2,Cyberse,LIGHT,2.0,800.0,600.0,https://images.ygoprodeck.com/images/cards_cropped/50690129.jpg
50699850,"Loris, Lady of Lament",Fiend,DARK,3.0,1500.0,500.0,https://images.ygoprodeck.com/images/cards_cropped/50699850.jpg
50702124,Synchro Magnet,Machine,EARTH,3.0,1000.0,600.0,https://images.ygoprodeck.com/images/cards_cropped/50702124.jpg
50705071,Metalzoa,Machine,DARK,8.0,3000.0,2300.0,https://images.ygoprodeck.com/images/cards_cropped/50705071.jpg
50712728,Gravekeeper's Curse,Spellcaster,DARK,3.0,800.0,800.0,https://images.ygoprodeck.com/images/cards_cropped/50712728.jpg
50720316,Elemental HERO Shadow Mist,Warrior,DARK,4.0,1000.0,1500.0,https://images.ygoprodeck.com/images/cards_cropped/50720316.jpg
50725996,Dark Magician Knight,Warrior,DARK,7.0,2500.0,2100.0,https://images.ygoprodeck.com/images/cards_cropped/50725996.jpg
50732780,Stygian Security,Fiend,DARK,1.0,100.0,600.0,https://images.ygoprodeck.com/images/cards_cropped/50732780.jpg
50781944,Ancient Crimson Ape,Beast,LIGHT,7.0,2600.0,1800.0,https://images.ygoprodeck.com/images/cards_cropped/50781944.jpg
50785356,Feedback Warrior,Warrior,EARTH,3.0,800.0,700.0,https://images.ygoprodeck.com/images/cards_cropped/50785356.jpg
50810455,Tri-Brigade Kerass,Beast,EARTH,2.0,1200.0,1500.0,https://images.ygoprodeck.com/images/cards_cropped/50810455.jpg
50820852,"Simorgh, Bird of Beginning",Winged Beast,WIND,1.0,0.0,1600.0,https://images.ygoprodeck.com/images/cards_cropped/50820852.jpg
50823978,Piranha Army,Fish,WATER,2.0,800.0,200.0,https://images.ygoprodeck.com/images/cards_cropped/50823978.jpg
50834074,Kaitoptera,Dinosaur,WIND,4.0,1400.0,1000.0,https://images.ygoprodeck.com/images/cards_cropped/50834074.jpg
50863093,Machina Irradiator,Machine,EARTH,8.0,1700.0,2400.0,https://images.ygoprodeck.com/images/cards_cropped/50863093.jpg
50866755,Fenghuang,Winged Beast,FIRE,6.0,2100.0,1800.0,https://images.ygoprodeck.com/images/cards_cropped/50866755.jpg
50893987,Gladiator Beast Tygerius,Beast,EARTH,4.0,1800.0,800.0,https://images.ygoprodeck.com/images/cards_cropped/50893987.jpg
50896944,Black Brachios,Dinosaur,EARTH,4.0,1800.0,1100.0,https://images.ygoprodeck.com/images/cards_cropped/50896944.jpg
50901852,"Gizmek Inaba, the Hopping Hare of Hakuto",Machine,WIND,1.0,50.0,50.0,https://images.ygoprodeck.com/images/cards_cropped/50901852.jpg
50903514,Blue Flame Swordsman,Warrior,FIRE,4.0,1800.0,1600.0,https://images.ygoprodeck.com/images/cards_cropped/50903514.jpg
50915474,Goddess of the Two Sides,Fairy,LIGHT,3.0,950.0,700.0,https://images.ygoprodeck.com/images/cards_cropped/50915474.jpg
50916353,Chthonian Soldier,Warrior,DARK,4.0,1200.0,1400.0,https://images.ygoprodeck.com/images/cards_cropped/50916353.jpg
50920465,Blizzard Thunderbird,Winged Beast,WATER,4.0,1600.0,1400.0,https://images.ygoprodeck.com/images/cards_cropped/50920465.jpg
50930991,Neo the Magic Swordsman,Spellcaster,LIGHT,4.0,1700.0,1000.0,https://images.ygoprodeck.com/images/cards_cropped/50930991.jpg
50933533,Ancient Gear Gadjiltron Dragon,Machine,EARTH,8.0,3000.0,2000.0,https://images.ygoprodeck.com/images/cards_cropped/50933533.jpg
50939127,Different Dimension Dragon,Dragon,LIGHT,5.0,1200.0,1500.0,https://images.ygoprodeck.com/images/cards_cropped/50939127.jpg
50951254,Magmacho Dragon,Pyro,FIRE,8.0,1800.0,2200.0,https://images.ygoprodeck.com/images/cards_cropped/50951254.jpg
50957346,Raging Earth,Reptile,EARTH,7.0,2000.0,1500.0,https://images.ygoprodeck.com/images/cards_cropped/50957346.jpg
51020079,Cyborg Doctor,Spellcaster,EARTH,4.0,1500.0,1700.0,https://images.ygoprodeck.com/images/cards_cropped/51020079.jpg
51023024,Reeshaddoll Wendi,Psychic,WIND,3.0,1500.0,1000.0,https://images.ygoprodeck.com/images/cards_cropped/51023024.jpg
51028231,Abyss Actor - Sassy Rookie,Fiend,DARK,4.0,1700.0,1000.0,https://images.ygoprodeck.com/images/cards_cropped/51028231.jpg
51043053,Heliosphere Dragon,Dragon,LIGHT,4.0,0.0,1900.0,https://images.ygoprodeck.com/images/cards_cropped/51043053.jpg
51043243,Worm Cartaros,Reptile,LIGHT,4.0,1200.0,500.0,https://images.ygoprodeck.com/images/cards_cropped/51043243.jpg
51047350,Card Breaker,Warrior,LIGHT,2.0,100.0,900.0,https://images.ygoprodeck.com/images/cards_cropped/51047350.jpg
51073802,Majespecter Porcupine - Yamarashi,Spellcaster,WIND,4.0,1500.0,1500.0,https://images.ygoprodeck.com/images/cards_cropped/51073802.jpg
51083544,Frost Tiger,Aqua,WATER,4.0,1900.0,1200.0,https://images.ygoprodeck.com/images/cards_cropped/51083544.jpg
51085303,Elemental HERO Poison Rose,Plant,EARTH,6.0,1900.0,2000.0,https://images.ygoprodeck.com/images/cards_cropped/51085303.jpg
51119924,Puppet Plant,Plant,EARTH,3.0,1000.0,1000.0,https://images.ygoprodeck.com/images/cards_cropped/51119924.jpg
51126152,Night Express Knight,Machine,EARTH,10.0,3000.0,3000.0,https://images.ygoprodeck.com/images/cards_cropped/51126152.jpg
51132012,Grand Knight of the Red Lotus,Warrior,FIRE,8.0,2100.0,1800.0,https://images.ygoprodeck.com/images/cards_cropped/51132012.jpg
51192573,Cosmic Horror Gangi'el,Reptile,LIGHT,7.0,2600.0,2000.0,https://images.ygoprodeck.com/images/cards_cropped/51192573.jpg
51194046,Qliphort Monolith,Machine,EARTH,5.0,2400.0,1000.0,https://images.ygoprodeck.com/images/cards_cropped/51194046.jpg
51196174,The Calculator,Thunder,LIGHT,2.0,-1.0,0.0,https://images.ygoprodeck.com/images/cards_cropped/51196174.jpg
51196805,Ghostrick Skeleton,Zombie,DARK,3.0,1200.0,1100.0,https://images.ygoprodeck.com/images/cards_cropped/51196805.jpg
51205763,Krawler Glial,Insect,EARTH,2.0,700.0,1500.0,https://images.ygoprodeck.com/images/cards_cropped/51205763.jpg
51228280,Dungeon Worm,Insect,EARTH,5.0,1800.0,1500.0,https://images.ygoprodeck.com/images/cards_cropped/51228280.jpg
51232472,"Gren, Tactician of Dark World",Fiend,DARK,2.0,300.0,500.0,https://images.ygoprodeck.com/images/cards_cropped/51232472.jpg
51254277,Big Jaws,Fish,WATER,3.0,1800.0,300.0,https://images.ygoprodeck.com/images/cards_cropped/51254277.jpg
51254980,Naturia Mantis,Insect,EARTH,4.0,1700.0,1500.0,https://images.ygoprodeck.com/images/cards_cropped/51254980.jpg
51275027,The Unhappy Maiden,Spellcaster,LIGHT,1.0,0.0,100.0,https://images.ygoprodeck.com/images/cards_cropped/51275027.jpg
51282878,Fishborg Planter,Fish,WATER,2.0,200.0,200.0,https://images.ygoprodeck.com/images/cards_cropped/51282878.jpg
51296484,"Saffira, Dragon Queen of the Voiceless Voice",Dragon,LIGHT,6.0,2500.0,2400.0,https://images.ygoprodeck.com/images/cards_cropped/51296484.jpg
51316684,Infernoid Seitsemas,Fiend,FIRE,7.0,2600.0,0.0,https://images.ygoprodeck.com/images/cards_cropped/51316684.jpg
51345461,Sword Hunter,Warrior,EARTH,7.0,2450.0,1700.0,https://images.ygoprodeck.com/images/cards_cropped/51345461.jpg
51351302,A Man with Wdjat,Spellcaster,DARK,4.0,1600.0,1600.0,https://images.ygoprodeck.com/images/cards_cropped/51351302.jpg
51355346,Gaia Soul the Combustible Collective,Pyro,FIRE,4.0,2000.0,0.0,https://images.ygoprodeck.com/images/cards_cropped/51355346.jpg
51371017,Princess of Tsurugi,Warrior,WIND,3.0,900.0,700.0,https://images.ygoprodeck.com/images/cards_cropped/51371017.jpg
51391183,Abyss Actor - Wild Hope,Fiend,DARK,4.0,1600.0,1200.0,https://images.ygoprodeck.com/images/cards_cropped/51391183.jpg
51402177,Sphinx Teleia,Beast,LIGHT,10.0,2500.0,3000.0,https://images.ygoprodeck.com/images/cards_cropped/51402177.jpg
51402908,The Supremacy Sun,Fiend,DARK,10.0,3000.0,3000.0,https://images.ygoprodeck.com/images/cards_cropped/51402908.jpg
51420096,Adamancipator Crystal - Tiamite,Rock,DARK,4.0,0.0,2200.0,https://images.ygoprodeck.com/images/cards_cropped/51420096.jpg
51435705,Chronomaly Crystal Skull,Rock,LIGHT,3.0,900.0,600.0,https://images.ygoprodeck.com/images/cards_cropped/51435705.jpg
51473858,Goblin Biker Clatter Sploder,Beast-Warrior,FIRE,3.0,1500.0,0.0,https://images.ygoprodeck.com/images/cards_cropped/51473858.jpg
51474037,Yamorimori,Reptile,WATER,2.0,0.0,0.0,https://images.ygoprodeck.com/images/cards_cropped/51474037.jpg
51522296,Dogmatika Alba Zoa,Spellcaster,LIGHT,12.0,4000.0,4000.0,https://images.ygoprodeck.com/images/cards_cropped/51522296.jpg
51531505,Dragonpit Magician,Spellcaster,WATER,7.0,900.0,2700.0,https://images.ygoprodeck.com/images/cards_cropped/51531505.jpg
51534754,Yomi Ship,Aqua,WATER,3.0,800.0,1400.0,https://images.ygoprodeck.com/images/cards_cropped/51534754.jpg
51546708,Dark Tuner Nightmare Hand,Warrior,DARK,10.0,0.0,0.0,https://images.ygoprodeck.com/images/cards_cropped/51546708.jpg
51548207,Hollowrokket Dragon,Dragon,DARK,6.0,2400.0,1600.0,https://images.ygoprodeck.com/images/cards_cropped/51548207.jpg
51554871,"Kayenn, the Master Magma Blacksmith",Rock,FIRE,3.0,1200.0,200.0,https://images.ygoprodeck.com/images/cards_cropped/51554871.jpg
51555725,Scrap Breaker,Machine,EARTH,6.0,2100.0,700.0,https://images.ygoprodeck.com/images/cards_cropped/51555725.jpg
51566770,Infernity Guardian,Fiend,DARK,4.0,1200.0,1700.0,https://images.ygoprodeck.com/images/cards_cropped/51566770.jpg
51578214,Beetrooper Assault Roller,Insect,EARTH,4.0,1600.0,1400.0,https://images.ygoprodeck.com/images/cards_cropped/51578214.jpg
51611041,"Epigonen, the Impersonation Invader",Rock,LIGHT,7.0,2000.0,2000.0,https://images.ygoprodeck.com/images/cards_cropped/51611041.jpg
51616747,Nubian Guard,Warrior,FIRE,2.0,500.0,500.0,https://images.ygoprodeck.com/images/cards_cropped/51616747.jpg
51617185,Machina Megaform,Machine,EARTH,8.0,2600.0,1500.0,https://images.ygoprodeck.com/images/cards_cropped/51617185.jpg
51618973,"Avance, Swordsman of the Nekroz",Spellcaster,WATER,4.0,1500.0,800.0,https://images.ygoprodeck.com/images/cards_cropped/51618973.jpg
51632798,"Fusilier Dragon, the Dual-Mode Beast",Machine,DARK,7.0,2800.0,2000.0,https://images.ygoprodeck.com/images/cards_cropped/51632798.jpg
51638941,V-Tiger Jet,Machine,LIGHT,4.0,1600.0,1800.0,https://images.ygoprodeck.com/images/cards_cropped/51638941.jpg
51644030,Diabound Kernel,Fiend,DARK,5.0,1800.0,1200.0,https://images.ygoprodeck.com/images/cards_cropped/51644030.jpg
51701885,D.D. Telepon,Psychic,EARTH,2.0,500.0,1800.0,https://images.ygoprodeck.com/images/cards_cropped/51701885.jpg
51728779,Darklord Amdusc,Fairy,DARK,6.0,1800.0,2800.0,https://images.ygoprodeck.com/images/cards_cropped/51728779.jpg
51782995,Defender of Nephthys,Spellcaster,WIND,2.0,1400.0,200.0,https://images.ygoprodeck.com/images/cards_cropped/51782995.jpg
51786039,Nebula Dragon,Dragon,LIGHT,8.0,2000.0,0.0,https://images.ygoprodeck.com/images/cards_cropped/51786039.jpg
51808422,XX-Saber Faultroll,Warrior,EARTH,6.0,2400.0,1800.0,https://images.ygoprodeck.com/images/cards_cropped/51808422.jpg
51814159,Raidraptor - Necro Vulture,Winged Beast,DARK,4.0,1000.0,1600.0,https://images.ygoprodeck.com/images/cards_cropped/51814159.jpg
51826619,Magnet Warrior Sigma Plus,Rock,EARTH,4.0,1800.0,1500.0,https://images.ygoprodeck.com/images/cards_cropped/51826619.jpg
51827737,Genex Recycled,Machine,DARK,1.0,200.0,400.0,https://images.ygoprodeck.com/images/cards_cropped/51827737.jpg
51831560,Gem-Knight Nepyrim,Fairy,LIGHT,4.0,1550.0,1600.0,https://images.ygoprodeck.com/images/cards_cropped/51831560.jpg
51838385,Theban Nightmare,Fiend,LIGHT,4.0,1500.0,500.0,https://images.ygoprodeck.com/images/cards_cropped/51838385.jpg
51849482,"Finis Terrae, Tower of the Necroworld",Zombie,WATER,10.0,1000.0,2800.0,https://images.ygoprodeck.com/images/cards_cropped/51849482.jpg
51852507,Rose Archer,Warrior,EARTH,3.0,1000.0,100.0,https://images.ygoprodeck.com/images/cards_cropped/51852507.jpg
51855378,Junk Blader,Warrior,EARTH,4.0,1800.0,1000.0,https://images.ygoprodeck.com/images/cards_cropped/51855378.jpg
51858306,Eclipse Wyvern,Dragon,LIGHT,4.0,1600.0,1000.0,https://images.ygoprodeck.com/images/cards_cropped/51858306.jpg
51865604,ZS - Vanish Sage,Warrior,LIGHT,1.0,500.0,100.0,https://images.ygoprodeck.com/images/cards_cropped/51865604.jpg
51912531,Mystic Macrocarpa Seed,Plant,EARTH,3.0,500.0,1000.0,https://images.ygoprodeck.com/images/cards_cropped/51912531.jpg
51916032,Jinzo - Jector,Machine,DARK,4.0,800.0,2000.0,https://images.ygoprodeck.com/images/cards_cropped/51916032.jpg
51916853,Magical Hound,Machine,EARTH,1.0,500.0,800.0,https://images.ygoprodeck.com/images/cards_cropped/51916853.jpg
51925772,Dread Dragon,Dragon,FIRE,2.0,1100.0,400.0,https://images.ygoprodeck.com/images/cards_cropped/51925772.jpg
51933043,Raidraptor - Heel Eagle,Winged Beast,DARK,3.0,700.0,700.0,https://images.ygoprodeck.com/images/cards_cropped/51933043.jpg
51934376,Kabazauls,Dinosaur,WATER,4.0,1700.0,1500.0,https://images.ygoprodeck.com/images/cards_cropped/51934376.jpg
51945556,Zaborg the Thunder Monarch,Thunder,LIGHT,5.0,2400.0,1000.0,https://images.ygoprodeck.com/images/cards_cropped/51945556.jpg
51962254,Hunter Owl,Winged Beast,WIND,4.0,1000.0,900.0,https://images.ygoprodeck.com/images/cards_cropped/51962254.jpg
51987571,Rockstone Warrior,Rock,EARTH,4.0,1800.0,1600.0,https://images.ygoprodeck.com/images/cards_cropped/51987571.jpg
51993760,Dark Spirit of Banishment,Fiend,DARK,3.0,1600.0,0.0,https://images.ygoprodeck.com/images/cards_cropped/51993760.jpg
52022648,Fairy Tail - Rella,Spellcaster,LIGHT,4.0,1850.0,1000.0,https://images.ygoprodeck.com/images/cards_cropped/52022648.jpg
52035300,The Immortal Bushi,Warrior,DARK,3.0,1200.0,600.0,https://images.ygoprodeck.com/images/cards_cropped/52035300.jpg
52038272,Infernoid Harmadik,Fiend,FIRE,3.0,1600.0,0.0,https://images.ygoprodeck.com/images/cards_cropped/52038272.jpg
52038441,Ghost Mourner & Moonlit Chill,Zombie,WIND,3.0,0.0,1800.0,https://images.ygoprodeck.com/images/cards_cropped/52038441.jpg
52040216,Harpie's Pet Dragon,Dragon,WIND,7.0,2000.0,2500.0,https://images.ygoprodeck.com/images/cards_cropped/52040216.jpg
52068432,Nekroz of Trishula,Warrior,WATER,9.0,2700.0,2000.0,https://images.ygoprodeck.com/images/cards_cropped/52068432.jpg
52077741,Obnoxious Celtic Guard,Warrior,EARTH,4.0,1400.0,1200.0,https://images.ygoprodeck.com/images/cards_cropped/52077741.jpg
52083044,Time Thief Temporwhal,Machine,DARK,4.0,800.0,1400.0,https://images.ygoprodeck.com/images/cards_cropped/52083044.jpg
52085072,Dystopia the Despondent,Fiend,DARK,12.0,5000.0,5000.0,https://images.ygoprodeck.com/images/cards_cropped/52085072.jpg
52090844,Bowganian,Machine,DARK,3.0,1300.0,1000.0,https://images.ygoprodeck.com/images/cards_cropped/52090844.jpg
52101615,The Dark - Hex-Sealed Fusion,Rock,DARK,3.0,1000.0,1600.0,https://images.ygoprodeck.com/images/cards_cropped/52101615.jpg
52121290,Spherous Lady,Rock,EARTH,3.0,400.0,1400.0,https://images.ygoprodeck.com/images/cards_cropped/52121290.jpg
52126602,Gen the Diamond Tiger,Warrior,LIGHT,3.0,800.0,2000.0,https://images.ygoprodeck.com/images/cards_cropped/52126602.jpg
52158283,Chronomaly Colossal Head,Rock,EARTH,4.0,800.0,1600.0,https://images.ygoprodeck.com/images/cards_cropped/52158283.jpg
52159691,Raider's Wing,Winged Beast,DARK,4.0,0.0,2000.0,https://images.ygoprodeck.com/images/cards_cropped/52159691.jpg
52182715,Green Duston,Fiend,WIND,1.0,0.0,1000.0,https://images.ygoprodeck.com/images/cards_cropped/52182715.jpg
52222372,Genex Turbine,Machine,EARTH,4.0,1400.0,1300.0,https://images.ygoprodeck.com/images/cards_cropped/52222372.jpg
52240819,Abyss Actor - Evil Heel,Fiend,DARK,8.0,3000.0,2000.0,https://images.ygoprodeck.com/images/cards_cropped/52240819.jpg
52248570,Imprisoned Queen Archfiend,Fiend,DARK,8.0,2600.0,1700.0,https://images.ygoprodeck.com/images/cards_cropped/52248570.jpg
52253888,Light Law Medium,Fairy,LIGHT,2.0,400.0,300.0,https://images.ygoprodeck.com/images/cards_cropped/52253888.jpg
52254878,Dimensional Allotrope Varis,Psychic,LIGHT,1.0,0.0,0.0,https://images.ygoprodeck.com/images/cards_cropped/52254878.jpg
52265835,Ally of Justice Rudra,Machine,DARK,5.0,1900.0,1200.0,https://images.ygoprodeck.com/images/cards_cropped/52265835.jpg
52277807,Salamangreat Spinny,Cyberse,FIRE,3.0,1000.0,1500.0,https://images.ygoprodeck.com/images/cards_cropped/52277807.jpg
52286175,Trap Reactor Y FI,Machine,DARK,4.0,800.0,1800.0,https://images.ygoprodeck.com/images/cards_cropped/52286175.jpg
52296675,Anchamoufrite,Spellcaster,LIGHT,5.0,1800.0,0.0,https://images.ygoprodeck.com/images/cards_cropped/52296675.jpg
52319752,Black Veloci,Dinosaur,EARTH,4.0,1800.0,300.0,https://images.ygoprodeck.com/images/cards_cropped/52319752.jpg
52323207,Golem Sentry,Rock,EARTH,4.0,800.0,1800.0,https://images.ygoprodeck.com/images/cards_cropped/52323207.jpg
52339733,Lindbloom,Wyrm,EARTH,4.0,0.0,1800.0,https://images.ygoprodeck.com/images/cards_cropped/52339733.jpg
52346240,Lock Cat,Beast,EARTH,3.0,1200.0,1000.0,https://images.ygoprodeck.com/images/cards_cropped/52346240.jpg
52350806,Danger! Mothman!,Insect,DARK,4.0,1800.0,400.0,https://images.ygoprodeck.com/images/cards_cropped/52350806.jpg
52354896,Mathmech Multiplication,Cyberse,EARTH,4.0,500.0,2000.0,https://images.ygoprodeck.com/images/cards_cropped/52354896.jpg
52367652,That Which Feeds on Life,Fiend,DARK,4.0,1200.0,1000.0,https://images.ygoprodeck.com/images/cards_cropped/52367652.jpg
52370835,Heroic Challenger - Swordshield,Warrior,EARTH,4.0,0.0,2000.0,https://images.ygoprodeck.com/images/cards_cropped/52370835.jpg
52382379,Nemleria Dream Devourer - Reveil,Beast,DARK,10.0,2500.0,2500.0,https://images.ygoprodeck.com/images/cards_cropped/52382379.jpg
52404456,Madolche Messengelato,Warrior,EARTH,4.0,1600.0,1000.0,https://images.ygoprodeck.com/images/cards_cropped/52404456.jpg
52430902,Psychic Jumper,Psychic,EARTH,2.0,100.0,1500.0,https://images.ygoprodeck.com/images/cards_cropped/52430902.jpg
52467217,Gozuki,Zombie,EARTH,4.0,1700.0,800.0,https://images.ygoprodeck.com/images/cards_cropped/52467217.jpg
52481437,Super Express Bullet Train,Machine,EARTH,10.0,3000.0,0.0,https://images.ygoprodeck.com/images/cards_cropped/52481437.jpg
52495649,Balameuniere de Nouvelles,Beast-Warrior,DARK,5.0,2000.0,1850.0,https://images.ygoprodeck.com/images/cards_cropped/52495649.jpg
52502677,Gladiator Beast Attorix,Beast-Warrior,EARTH,4.0,800.0,2000.0,https://images.ygoprodeck.com/images/cards_cropped/52502677.jpg
52512994,Kasha,Zombie,EARTH,8.0,-1.0,1000.0,https://images.ygoprodeck.com/images/cards_cropped/52512994.jpg
52543404,Ragnaraika Armored Lizard,Reptile,DARK,4.0,0.0,2300.0,https://images.ygoprodeck.com/images/cards_cropped/52543404.jpg
52550973,Pharaoh's Servant,Zombie,DARK,2.0,900.0,0.0,https://images.ygoprodeck.com/images/cards_cropped/52550973.jpg
52551211,Shaddoll Hound,Spellcaster,DARK,4.0,1600.0,900.0,https://images.ygoprodeck.com/images/cards_cropped/52551211.jpg
52566270,Epsilon The Magnet Warrior,Rock,EARTH,4.0,1300.0,1500.0,https://images.ygoprodeck.com/images/cards_cropped/52566270.jpg
52571838,Creeping Doom Manta,Fish,WATER,3.0,1300.0,1200.0,https://images.ygoprodeck.com/images/cards_cropped/52571838.jpg
52575195,Vivid Knight,Beast-Warrior,LIGHT,4.0,1700.0,800.0,https://images.ygoprodeck.com/images/cards_cropped/52575195.jpg
52584282,Hercules Beetle,Insect,EARTH,5.0,1500.0,2000.0,https://images.ygoprodeck.com/images/cards_cropped/52584282.jpg
52589809,Wandering King Wildwind,Fiend,DARK,4.0,1700.0,1300.0,https://images.ygoprodeck.com/images/cards_cropped/52589809.jpg
52596406,White Sunfish,Fish,WATER,4.0,1200.0,1200.0,https://images.ygoprodeck.com/images/cards_cropped/52596406.jpg
52601736,Inzektor Hopper,Insect,DARK,4.0,1700.0,1400.0,https://images.ygoprodeck.com/images/cards_cropped/52601736.jpg
52624755,Peten the Dark Clown,Spellcaster,DARK,3.0,500.0,1200.0,https://images.ygoprodeck.com/images/cards_cropped/52624755.jpg
52675689,Invitation to a Dark Sleep,Spellcaster,DARK,5.0,1500.0,1800.0,https://images.ygoprodeck.com/images/cards_cropped/52675689.jpg
52702748,D.D. Guide,Warrior,DARK,4.0,1400.0,1000.0,https://images.ygoprodeck.com/images/cards_cropped/52702748.jpg
52707042,Libromancer Mystigirl,Fairy,LIGHT,4.0,1400.0,2100.0,https://images.ygoprodeck.com/images/cards_cropped/52707042.jpg
52738610,Dance Princess of the Nekroz,Spellcaster,WATER,4.0,1600.0,800.0,https://images.ygoprodeck.com/images/cards_cropped/52738610.jpg
52768103,KA-2 Des Scissors,Machine,DARK,4.0,1000.0,1000.0,https://images.ygoprodeck.com/images/cards_cropped/52768103.jpg
52768390,Dark Creator,Fiend,DARK,10.0,3000.0,1000.0,https://images.ygoprodeck.com/images/cards_cropped/52768390.jpg
52786469,Laval Warrior,Warrior,FIRE,4.0,1800.0,500.0,https://images.ygoprodeck.com/images/cards_cropped/52786469.jpg
52792430,Predaplant Spinodionaea,Plant,DARK,4.0,1800.0,0.0,https://images.ygoprodeck.com/images/cards_cropped/52792430.jpg
52800428,Fiend's Hand,Zombie,DARK,2.0,600.0,600.0,https://images.ygoprodeck.com/images/cards_cropped/52800428.jpg
52823314,Tour Bus From the Underworld,Fiend,DARK,3.0,1000.0,1000.0,https://images.ygoprodeck.com/images/cards_cropped/52823314.jpg
52824910,Kaiser Glider,Dragon,LIGHT,6.0,2400.0,2200.0,https://images.ygoprodeck.com/images/cards_cropped/52824910.jpg
52840267,Darklord Ixchel,Fairy,DARK,10.0,2500.0,2900.0,https://images.ygoprodeck.com/images/cards_cropped/52840267.jpg
52840598,Bri Synchron,Machine,EARTH,4.0,1500.0,1100.0,https://images.ygoprodeck.com/images/cards_cropped/52840598.jpg
52843699,"Simorgh, Bird of Perfection",Winged Beast,DARK,4.0,1800.0,500.0,https://images.ygoprodeck.com/images/cards_cropped/52843699.jpg
52846880,Nekroz of Catastor,Dragon,WATER,5.0,2200.0,1200.0,https://images.ygoprodeck.com/images/cards_cropped/52846880.jpg
52854600,Tenyi Spirit - Suruya,Wyrm,LIGHT,4.0,1600.0,0.0,https://images.ygoprodeck.com/images/cards_cropped/52854600.jpg
52860176,Possessed Dark Soul,Fiend,DARK,3.0,1200.0,800.0,https://images.ygoprodeck.com/images/cards_cropped/52860176.jpg
52869807,Blackwing - Gust the Backblast,Winged Beast,DARK,2.0,900.0,1400.0,https://images.ygoprodeck.com/images/cards_cropped/52869807.jpg
52900000,Shinobaron Peacock,Winged Beast,WIND,8.0,3000.0,2500.0,https://images.ygoprodeck.com/images/cards_cropped/52900000.jpg
52900379,Blackwing - Brisote the Tailwind,Winged Beast,DARK,5.0,1200.0,1800.0,https://images.ygoprodeck.com/images/cards_cropped/52900379.jpg
52904476,Matriarch of Nephthys,Spellcaster,WIND,2.0,600.0,600.0,https://images.ygoprodeck.com/images/cards_cropped/52904476.jpg
52918032,Mementotlan Ghattic,Fiend,DARK,2.0,550.0,400.0,https://images.ygoprodeck.com/images/cards_cropped/52918032.jpg
52927340,Altergeist Kunquery,Spellcaster,EARTH,5.0,0.0,2400.0,https://images.ygoprodeck.com/images/cards_cropped/52927340.jpg
52963531,Performapal Splashmammoth,Beast,WATER,6.0,1900.0,2300.0,https://images.ygoprodeck.com/images/cards_cropped/52963531.jpg
52977572,Dragunity Pilum,Dragon,WIND,3.0,1400.0,1000.0,https://images.ygoprodeck.com/images/cards_cropped/52977572.jpg
53008933,Archfiend's Advent,Fiend,DARK,6.0,2500.0,1200.0,https://images.ygoprodeck.com/images/cards_cropped/53008933.jpg
53025096,Odd-Eyes Dragon,Dragon,DARK,7.0,2500.0,2000.0,https://images.ygoprodeck.com/images/cards_cropped/53025096.jpg
53027855,Windrose the Elemental Lord,Winged Beast,WIND,8.0,2800.0,2200.0,https://images.ygoprodeck.com/images/cards_cropped/53027855.jpg
53054833,Speedroid Double Yoyo,Machine,WIND,4.0,1400.0,1400.0,https://images.ygoprodeck.com/images/cards_cropped/53054833.jpg
53085623,Mermail Shadow Squad,Sea Serpent,WATER,3.0,0.0,1900.0,https://images.ygoprodeck.com/images/cards_cropped/53085623.jpg
53090623,Yellow-Bellied Oni,Zombie,DARK,4.0,1000.0,1000.0,https://images.ygoprodeck.com/images/cards_cropped/53090623.jpg
53100061,X-Saber Axel,Beast-Warrior,EARTH,1.0,400.0,100.0,https://images.ygoprodeck.com/images/cards_cropped/53100061.jpg
53116300,Steelswarm Caller,Fiend,DARK,4.0,1700.0,0.0,https://images.ygoprodeck.com/images/cards_cropped/53116300.jpg
53134520,Phantasmal Summoning Beast,Fiend,DARK,7.0,0.0,0.0,https://images.ygoprodeck.com/images/cards_cropped/53134520.jpg
53136004,Emperor of Prophecy,Spellcaster,DARK,5.0,2300.0,2000.0,https://images.ygoprodeck.com/images/cards_cropped/53136004.jpg
53143898,Altergeist Marionetter,Spellcaster,LIGHT,4.0,1600.0,1700.0,https://images.ygoprodeck.com/images/cards_cropped/53143898.jpg
53152590,Iron Chain Coil,Machine,EARTH,3.0,1100.0,1600.0,https://images.ygoprodeck.com/images/cards_cropped/53152590.jpg
53153481,Armaill,Warrior,EARTH,3.0,700.0,1300.0,https://images.ygoprodeck.com/images/cards_cropped/53153481.jpg
53154400,Psychic Rover,Psychic,DARK,2.0,0.0,700.0,https://images.ygoprodeck.com/images/cards_cropped/53154400.jpg
53162898,Amazoness Sage,Warrior,EARTH,4.0,1400.0,700.0,https://images.ygoprodeck.com/images/cards_cropped/53162898.jpg
53180020,"Exa, Enforcer of the Nekroz",Dragon,WATER,5.0,2000.0,1000.0,https://images.ygoprodeck.com/images/cards_cropped/53180020.jpg
53183600,Blue-Eyes Toon Dragon,Dragon,LIGHT,8.0,3000.0,2500.0,https://images.ygoprodeck.com/images/cards_cropped/53183600.jpg
53184342,Dragunity Arma Gram,Dragon,WIND,10.0,2900.0,2200.0,https://images.ygoprodeck.com/images/cards_cropped/53184342.jpg
53199020,Fabled Dianaira,Fiend,LIGHT,8.0,2800.0,100.0,https://images.ygoprodeck.com/images/cards_cropped/53199020.jpg
53212882,Floowandereeze & Snowl,Winged Beast,WATER,10.0,2900.0,800.0,https://images.ygoprodeck.com/images/cards_cropped/53212882.jpg
53246495,Infernity Queen,Fiend,DARK,3.0,300.0,900.0,https://images.ygoprodeck.com/images/cards_cropped/53246495.jpg
53251824,Raidraptor - Vanishing Lanius,Winged Beast,DARK,4.0,1300.0,1600.0,https://images.ygoprodeck.com/images/cards_cropped/53251824.jpg
53257892,Gigaplant,Plant,EARTH,6.0,2400.0,1200.0,https://images.ygoprodeck.com/images/cards_cropped/53257892.jpg
53266486,Anesthrokket Dragon,Dragon,DARK,1.0,0.0,2200.0,https://images.ygoprodeck.com/images/cards_cropped/53266486.jpg
53270092,Han-Shi Kyudo Spirit,Warrior,WIND,5.0,2400.0,1000.0,https://images.ygoprodeck.com/images/cards_cropped/53270092.jpg
53274132,Iron Chain Repairman,Warrior,EARTH,4.0,1600.0,1200.0,https://images.ygoprodeck.com/images/cards_cropped/53274132.jpg
53293545,Firegrass,Plant,EARTH,2.0,700.0,600.0,https://images.ygoprodeck.com/images/cards_cropped/53293545.jpg
53303460,Impcantation Candoll,Pyro,LIGHT,4.0,0.0,0.0,https://images.ygoprodeck.com/images/cards_cropped/53303460.jpg
53309998,Sea Archiver,Cyberse,WATER,3.0,300.0,2100.0,https://images.ygoprodeck.com/images/cards_cropped/53309998.jpg
53318263,"Bahalutiya, the Grand Radiance",Dragon,LIGHT,7.0,2000.0,2400.0,https://images.ygoprodeck.com/images/cards_cropped/53318263.jpg
53347303,Blue-Eyes Shining Dragon,Dragon,LIGHT,10.0,3000.0,2500.0,https://images.ygoprodeck.com/images/cards_cropped/53347303.jpg
53375573,Dark King of the Abyss,Fiend,DARK,3.0,1200.0,800.0,https://images.ygoprodeck.com/images/cards_cropped/53375573.jpg
53388413,"Commander Gottoms, Swordmaster",Beast-Warrior,EARTH,6.0,2100.0,1600.0,https://images.ygoprodeck.com/images/cards_cropped/53388413.jpg
53404966,Infernoble Knight Ricciardetto,Warrior,FIRE,1.0,500.0,0.0,https://images.ygoprodeck.com/images/cards_cropped/53404966.jpg
53408006,Gem-Merchant,Spellcaster,EARTH,3.0,1000.0,1000.0,https://images.ygoprodeck.com/images/cards_cropped/53408006.jpg
53416326,Fairyant the Circular Sorcerer,Insect,WIND,3.0,800.0,1500.0,https://images.ygoprodeck.com/images/cards_cropped/53416326.jpg
53461122,Earth Effigy,Rock,EARTH,4.0,100.0,2000.0,https://images.ygoprodeck.com/images/cards_cropped/53461122.jpg
53481938,Rokket Barrage,Dragon,DARK,5.0,1500.0,1600.0,https://images.ygoprodeck.com/images/cards_cropped/53481938.jpg
53485634,Red-Eyes Retro Dragon,Dragon,DARK,4.0,1700.0,1600.0,https://images.ygoprodeck.com/images/cards_cropped/53485634.jpg
53490455,Salamangreat Raccoon,Cyberse,FIRE,1.0,400.0,800.0,https://images.ygoprodeck.com/images/cards_cropped/53490455.jpg
53493204,Goddess with the Third Eye,Fairy,LIGHT,4.0,1200.0,1000.0,https://images.ygoprodeck.com/images/cards_cropped/53493204.jpg
53530069,Spirit of the Breeze,Fairy,WIND,3.0,0.0,1800.0,https://images.ygoprodeck.com/images/cards_cropped/53530069.jpg
53535814,Judge of the Ice Barrier,Warrior,WATER,4.0,1800.0,900.0,https://images.ygoprodeck.com/images/cards_cropped/53535814.jpg
53540729,Wind-Up Warrior,Warrior,EARTH,4.0,1200.0,1800.0,https://images.ygoprodeck.com/images/cards_cropped/53540729.jpg
53550467,Noble Knight Drystan,Warrior,LIGHT,4.0,1800.0,800.0,https://images.ygoprodeck.com/images/cards_cropped/53550467.jpg
53573406,Masked Chameleon,Reptile,EARTH,4.0,1600.0,1100.0,https://images.ygoprodeck.com/images/cards_cropped/53573406.jpg
53577438,Mathmech Nabla,Cyberse,DARK,4.0,1000.0,1500.0,https://images.ygoprodeck.com/images/cards_cropped/53577438.jpg
53581214,Fire Reaper,Zombie,DARK,2.0,700.0,500.0,https://images.ygoprodeck.com/images/cards_cropped/53581214.jpg
53606874,Big Insect,Insect,EARTH,4.0,1200.0,1500.0,https://images.ygoprodeck.com/images/cards_cropped/53606874.jpg
53618197,Confiras de Nouvelles,Warrior,DARK,2.0,800.0,1850.0,https://images.ygoprodeck.com/images/cards_cropped/53618197.jpg
53618293,Sunvine Maiden,Plant,EARTH,1.0,0.0,0.0,https://images.ygoprodeck.com/images/cards_cropped/53618293.jpg
53620899,Mahjong Munia Maidens,Winged Beast,WIND,2.0,200.0,2000.0,https://images.ygoprodeck.com/images/cards_cropped/53620899.jpg
53623827,Top Runner,Machine,WIND,4.0,1100.0,800.0,https://images.ygoprodeck.com/images/cards_cropped/53623827.jpg
53624265,Unchained Twins - Rakea,Fiend,WATER,3.0,1500.0,1500.0,https://images.ygoprodeck.com/images/cards_cropped/53624265.jpg
53666449,"Minerva, Scholar of the Sky",Fairy,LIGHT,4.0,1700.0,400.0,https://images.ygoprodeck.com/images/cards_cropped/53666449.jpg
53678698,Bujin Mikazuchi,Beast-Warrior,LIGHT,4.0,1900.0,1500.0,https://images.ygoprodeck.com/images/cards_cropped/53678698.jpg
53693416,Eagle Eye,Winged Beast,WIND,3.0,1300.0,1200.0,https://images.ygoprodeck.com/images/cards_cropped/53693416.jpg
53713014,Crazy Fish,Fish,WATER,4.0,1600.0,1200.0,https://images.ygoprodeck.com/images/cards_cropped/53713014.jpg
53724621,Performapal Guitartle,Aqua,WATER,1.0,300.0,400.0,https://images.ygoprodeck.com/images/cards_cropped/53724621.jpg
53753697,Zoa the Fiendish Beast,Fiend,DARK,7.0,2600.0,1900.0,https://images.ygoprodeck.com/images/cards_cropped/53753697.jpg
53754104,Guard Mantis,Insect,WIND,4.0,1000.0,2400.0,https://images.ygoprodeck.com/images/cards_cropped/53754104.jpg
53754391,Thundercrash Snarecrow,Thunder,LIGHT,8.0,1600.0,2800.0,https://images.ygoprodeck.com/images/cards_cropped/53754391.jpg
53765052,Diabellze the Original Sinkeeper,Illusion,LIGHT,7.0,2500.0,2000.0,https://images.ygoprodeck.com/images/cards_cropped/53765052.jpg
53776525,Gigobyte,Reptile,WATER,1.0,350.0,300.0,https://images.ygoprodeck.com/images/cards_cropped/53776525.jpg
53782828,S-Force Retroactive,Warrior,LIGHT,1.0,0.0,0.0,https://images.ygoprodeck.com/images/cards_cropped/53782828.jpg
53797637,"Burner, Dragon Ruler of Sparks",Dragon,FIRE,3.0,1000.0,200.0,https://images.ygoprodeck.com/images/cards_cropped/53797637.jpg
53804307,"Blaster, Dragon Ruler of Infernos",Dragon,FIRE,7.0,2800.0,1800.0,https://images.ygoprodeck.com/images/cards_cropped/53804307.jpg
53819028,Predaplant Sarraceniant,Plant,DARK,1.0,100.0,600.0,https://images.ygoprodeck.com/images/cards_cropped/53819028.jpg
53828396,Adhesive Explosive,Machine,WIND,3.0,1000.0,1000.0,https://images.ygoprodeck.com/images/cards_cropped/53828396.jpg
53829412,Griffore,Beast,EARTH,4.0,1200.0,1500.0,https://images.ygoprodeck.com/images/cards_cropped/53829412.jpg
53830602,Fungi of the Musk,Fiend,DARK,1.0,400.0,300.0,https://images.ygoprodeck.com/images/cards_cropped/53830602.jpg
53832650,Meotoko,Beast,EARTH,2.0,700.0,600.0,https://images.ygoprodeck.com/images/cards_cropped/53832650.jpg
53839837,Vampire Lord,Zombie,DARK,5.0,2000.0,1500.0,https://images.ygoprodeck.com/images/cards_cropped/53839837.jpg
53842431,Mythical Beast Master Cerberus,Spellcaster,LIGHT,8.0,2800.0,2800.0,https://images.ygoprodeck.com/images/cards_cropped/53842431.jpg
53855409,Doppelwarrior,Warrior,DARK,2.0,800.0,800.0,https://images.ygoprodeck.com/images/cards_cropped/53855409.jpg
53871273,Chaos Valkyria,Fairy,LIGHT,4.0,1800.0,1050.0,https://images.ygoprodeck.com/images/cards_cropped/53871273.jpg
53890795,Rocket Jumper,Rock,EARTH,3.0,1000.0,800.0,https://images.ygoprodeck.com/images/cards_cropped/53890795.jpg
53921056,General Gantala of the Ice Barrier,Warrior,WATER,7.0,2700.0,2000.0,https://images.ygoprodeck.com/images/cards_cropped/53921056.jpg
53927679,Fire Trooper,Warrior,FIRE,3.0,1000.0,1000.0,https://images.ygoprodeck.com/images/cards_cropped/53927679.jpg
53927851,"Radiant Typhoon Varuroon, the Vibrant Vortex",Aqua,WIND,9.0,0.0,3000.0,https://images.ygoprodeck.com/images/cards_cropped/53927851.jpg
53932291,Speedroid Taketomborg,Machine,WIND,3.0,600.0,1200.0,https://images.ygoprodeck.com/images/cards_cropped/53932291.jpg
53944920,Genex Furnace,Pyro,FIRE,5.0,2000.0,1300.0,https://images.ygoprodeck.com/images/cards_cropped/53944920.jpg
53982768,Dark Ruler Ha Des,Fiend,DARK,6.0,2450.0,1600.0,https://images.ygoprodeck.com/images/cards_cropped/53982768.jpg
54040221,Royal Firestorm Guards,Pyro,FIRE,4.0,1700.0,1200.0,https://images.ygoprodeck.com/images/cards_cropped/54040221.jpg
54040484,Chaos Core,Fiend,DARK,3.0,0.0,0.0,https://images.ygoprodeck.com/images/cards_cropped/54040484.jpg
54077752,Stare of the Snake Hair,Zombie,DARK,6.0,1500.0,1200.0,https://images.ygoprodeck.com/images/cards_cropped/54077752.jpg
54088068,Gouki Headbatt,Warrior,EARTH,2.0,800.0,0.0,https://images.ygoprodeck.com/images/cards_cropped/54088068.jpg
54092240,Celestial Apparatus Tesea,Fairy,EARTH,4.0,1000.0,1000.0,https://images.ygoprodeck.com/images/cards_cropped/54092240.jpg
54098121,Mysterious Puppeteer,Warrior,EARTH,4.0,1000.0,1500.0,https://images.ygoprodeck.com/images/cards_cropped/54098121.jpg
54100561,FaSolfachord Fancia,Fairy,FIRE,4.0,1600.0,400.0,https://images.ygoprodeck.com/images/cards_cropped/54100561.jpg
54112932,Potato & Chips,Plant,EARTH,2.0,200.0,200.0,https://images.ygoprodeck.com/images/cards_cropped/54112932.jpg
54126514,Altergeist Peritrator,Spellcaster,FIRE,1.0,500.0,300.0,https://images.ygoprodeck.com/images/cards_cropped/54126514.jpg
54135423,Flower Cardian Willow,Warrior,DARK,11.0,100.0,100.0,https://images.ygoprodeck.com/images/cards_cropped/54135423.jpg
54143349,Radiant Typhoon Eldam,Beast,WIND,3.0,1300.0,800.0,https://images.ygoprodeck.com/images/cards_cropped/54143349.jpg
54149433,Fire King Avatar Garunix,Winged Beast,FIRE,3.0,700.0,1700.0,https://images.ygoprodeck.com/images/cards_cropped/54149433.jpg
54161401,Naturia Rock,Rock,EARTH,3.0,1200.0,1200.0,https://images.ygoprodeck.com/images/cards_cropped/54161401.jpg
54185227,Vision HERO Gravito,Warrior,DARK,4.0,500.0,2000.0,https://images.ygoprodeck.com/images/cards_cropped/54185227.jpg
54207171,Mementotlan Akihiron,Aqua,WATER,5.0,1700.0,1400.0,https://images.ygoprodeck.com/images/cards_cropped/54207171.jpg
54248491,Relinquished Spider,Insect,EARTH,2.0,300.0,500.0,https://images.ygoprodeck.com/images/cards_cropped/54248491.jpg
54257392,Live☆Twin Ki-sikil Frost,Aqua,LIGHT,2.0,500.0,0.0,https://images.ygoprodeck.com/images/cards_cropped/54257392.jpg
54265980,DoomZ VII Seven - Elara,Dragon,DARK,4.0,1400.0,1200.0,https://images.ygoprodeck.com/images/cards_cropped/54265980.jpg
54266211,Evolsaur Vulcano,Dinosaur,FIRE,4.0,1200.0,1000.0,https://images.ygoprodeck.com/images/cards_cropped/54266211.jpg
54320860,Infernity Patriarch,Fiend,DARK,4.0,1000.0,2000.0,https://images.ygoprodeck.com/images/cards_cropped/54320860.jpg
54326448,Flamvell Archer,Pyro,FIRE,3.0,1000.0,200.0,https://images.ygoprodeck.com/images/cards_cropped/54326448.jpg
54332792,Neo Kaiser Sea Horse,Dragon,LIGHT,4.0,1700.0,1650.0,https://images.ygoprodeck.com/images/cards_cropped/54332792.jpg
54334420,Floowandereeze & Eglen,Winged Beast,WIND,1.0,800.0,1000.0,https://images.ygoprodeck.com/images/cards_cropped/54334420.jpg
54338958,Steelswarm Cell,Fiend,DARK,1.0,0.0,0.0,https://images.ygoprodeck.com/images/cards_cropped/54338958.jpg
54343893,Vice Dragon,Dragon,DARK,5.0,2000.0,2400.0,https://images.ygoprodeck.com/images/cards_cropped/54343893.jpg
54359696,Stoic of Prophecy,Spellcaster,WATER,1.0,300.0,200.0,https://images.ygoprodeck.com/images/cards_cropped/54359696.jpg
54360049,Catoblepas and the Witch of Fate,Spellcaster,EARTH,4.0,1800.0,0.0,https://images.ygoprodeck.com/images/cards_cropped/54360049.jpg
54387923,TiSolfachord Beautia,Fairy,EARTH,7.0,2500.0,2400.0,https://images.ygoprodeck.com/images/cards_cropped/54387923.jpg
54415063,Harpie Lady 3,Winged Beast,WIND,4.0,1300.0,1400.0,https://images.ygoprodeck.com/images/cards_cropped/54415063.jpg
54446813,Dinowrestler Martial Ampelo,Dinosaur,EARTH,1.0,600.0,0.0,https://images.ygoprodeck.com/images/cards_cropped/54446813.jpg
54455435,"Winda, Priestess of Gusto",Psychic,WIND,2.0,1000.0,400.0,https://images.ygoprodeck.com/images/cards_cropped/54455435.jpg
54455664,Dragunity Brandistock,Dragon,WIND,1.0,600.0,400.0,https://images.ygoprodeck.com/images/cards_cropped/54455664.jpg
54475145,Heart of the Blue-Eyes,Dragon,LIGHT,8.0,3000.0,2500.0,https://images.ygoprodeck.com/images/cards_cropped/54475145.jpg
54484652,Black Luster Soldier - Super Soldier,Warrior,EARTH,8.0,3000.0,2500.0,https://images.ygoprodeck.com/images/cards_cropped/54484652.jpg
54485355,Sublimation Knight,Warrior,FIRE,3.0,1300.0,200.0,https://images.ygoprodeck.com/images/cards_cropped/54485355.jpg
54490275,Ghostrick Yuki-onna,Spellcaster,DARK,2.0,1000.0,800.0,https://images.ygoprodeck.com/images/cards_cropped/54490275.jpg
54493213,Helios - The Primordial Sun,Pyro,LIGHT,4.0,-1.0,-1.0,https://images.ygoprodeck.com/images/cards_cropped/54493213.jpg
54497620,Gadget Driver,Machine,EARTH,1.0,200.0,200.0,https://images.ygoprodeck.com/images/cards_cropped/54497620.jpg
54507222,Galaxy Worm,Insect,LIGHT,3.0,1200.0,1000.0,https://images.ygoprodeck.com/images/cards_cropped/54507222.jpg
54512827,Ghostrick Lantern,Fiend,DARK,1.0,800.0,0.0,https://images.ygoprodeck.com/images/cards_cropped/54512827.jpg
54514594,Volcanic Hammerer,Pyro,FIRE,5.0,2400.0,1500.0,https://images.ygoprodeck.com/images/cards_cropped/54514594.jpg
54520292,Koa'ki Meiru Ice,Aqua,WATER,4.0,1900.0,1200.0,https://images.ygoprodeck.com/images/cards_cropped/54520292.jpg
54525057,Crusadia Draco,Dragon,WIND,4.0,600.0,2000.0,https://images.ygoprodeck.com/images/cards_cropped/54525057.jpg
54537489,Mare Mare,Wyrm,WATER,7.0,2100.0,1400.0,https://images.ygoprodeck.com/images/cards_cropped/54537489.jpg
54550967,Mementotlan Angwitch,Spellcaster,DARK,3.0,800.0,1000.0,https://images.ygoprodeck.com/images/cards_cropped/54550967.jpg
54563536,Machina Resavenger,Machine,DARK,4.0,1200.0,1800.0,https://images.ygoprodeck.com/images/cards_cropped/54563536.jpg
54569495,Marincess Crown Tail,Cyberse,WATER,5.0,600.0,2300.0,https://images.ygoprodeck.com/images/cards_cropped/54569495.jpg
54577949,Witness of the Ancient,Machine,LIGHT,8.0,0.0,3000.0,https://images.ygoprodeck.com/images/cards_cropped/54577949.jpg
54578613,Dragunity Legionnaire,Winged Beast,WIND,3.0,1200.0,800.0,https://images.ygoprodeck.com/images/cards_cropped/54578613.jpg
54579801,High Tide Gyojin,Aqua,WATER,4.0,1650.0,1300.0,https://images.ygoprodeck.com/images/cards_cropped/54579801.jpg
54582424,Blue Mountain Butterspy,Warrior,DARK,4.0,0.0,1700.0,https://images.ygoprodeck.com/images/cards_cropped/54582424.jpg
54594017,Blackwing - Sharnga the Waning Moon,Winged Beast,DARK,2.0,500.0,500.0,https://images.ygoprodeck.com/images/cards_cropped/54594017.jpg
54611591,"Hallo, the Spirit of Tricks",Fiend,DARK,4.0,0.0,0.0,https://images.ygoprodeck.com/images/cards_cropped/54611591.jpg
54615781,Spirit of the Winds,Spellcaster,WIND,5.0,1700.0,1400.0,https://images.ygoprodeck.com/images/cards_cropped/54615781.jpg
54620698,Gem-Knight Tourmaline,Thunder,EARTH,4.0,1600.0,1800.0,https://images.ygoprodeck.com/images/cards_cropped/54620698.jpg
54629413,Guerilla Kite,Fiend,FIRE,4.0,1600.0,200.0,https://images.ygoprodeck.com/images/cards_cropped/54629413.jpg
54635862,Gentlemander,Reptile,LIGHT,4.0,1200.0,1000.0,https://images.ygoprodeck.com/images/cards_cropped/54635862.jpg
54652250,Man-Eater Bug,Insect,EARTH,2.0,450.0,600.0,https://images.ygoprodeck.com/images/cards_cropped/54652250.jpg
54656181,Colonel on C-String,Warrior,LIGHT,4.0,1400.0,1600.0,https://images.ygoprodeck.com/images/cards_cropped/54656181.jpg
54656950,Anchorbolt Hedgehog,Machine,EARTH,2.0,800.0,800.0,https://images.ygoprodeck.com/images/cards_cropped/54656950.jpg
54700519,Ursarctic Megatanus,Beast-Warrior,WATER,8.0,2400.0,700.0,https://images.ygoprodeck.com/images/cards_cropped/54700519.jpg
54706054,The Calibrator,Thunder,LIGHT,4.0,1500.0,1500.0,https://images.ygoprodeck.com/images/cards_cropped/54706054.jpg
54725177,Galaxy-Eyes Photon Change Dragon,Dragon,LIGHT,8.0,3000.0,2500.0,https://images.ygoprodeck.com/images/cards_cropped/54725177.jpg
54747648,Green Turtle Summoner,Spellcaster,WATER,3.0,400.0,1500.0,https://images.ygoprodeck.com/images/cards_cropped/54747648.jpg
54749427,Destiny HERO - Defender,Warrior,DARK,4.0,100.0,2700.0,https://images.ygoprodeck.com/images/cards_cropped/54749427.jpg
54766667,Light Effigy,Fairy,LIGHT,4.0,1500.0,0.0,https://images.ygoprodeck.com/images/cards_cropped/54766667.jpg
54772065,Battlewasp - Twinbow the Attacker,Insect,WIND,3.0,1000.0,500.0,https://images.ygoprodeck.com/images/cards_cropped/54772065.jpg
54813225,Duck Fighter,Machine,WIND,3.0,1300.0,1400.0,https://images.ygoprodeck.com/images/cards_cropped/54813225.jpg
54842941,Enneacraft - Atori.MAR,Machine,LIGHT,9.0,3000.0,2500.0,https://images.ygoprodeck.com/images/cards_cropped/54842941.jpg
54844990,Skull Stalker,Warrior,DARK,3.0,900.0,800.0,https://images.ygoprodeck.com/images/cards_cropped/54844990.jpg
54860010,Worm Prince,Reptile,LIGHT,6.0,2200.0,400.0,https://images.ygoprodeck.com/images/cards_cropped/54860010.jpg
54862960,Ni-Ni the Mirror Mikanko,Spellcaster,WATER,3.0,0.0,0.0,https://images.ygoprodeck.com/images/cards_cropped/54862960.jpg
54878498,Kelbek,Fairy,EARTH,4.0,1500.0,1800.0,https://images.ygoprodeck.com/images/cards_cropped/54878498.jpg
54878729,Chronicle Sorceress,Spellcaster,DARK,4.0,1250.0,1250.0,https://images.ygoprodeck.com/images/cards_cropped/54878729.jpg
54895237,The Weather Painter Sun,Fairy,FIRE,3.0,1600.0,400.0,https://images.ygoprodeck.com/images/cards_cropped/54895237.jpg
54912977,Ancient Lamp,Spellcaster,WIND,3.0,900.0,1400.0,https://images.ygoprodeck.com/images/cards_cropped/54912977.jpg
54936498,Influence Dragon,Dragon,WIND,3.0,300.0,900.0,https://images.ygoprodeck.com/images/cards_cropped/54936498.jpg
54941203,Tuning Magician,Spellcaster,DARK,1.0,0.0,0.0,https://images.ygoprodeck.com/images/cards_cropped/54941203.jpg
54959865,Neo-Spacian Air Hummingbird,Winged Beast,WIND,3.0,800.0,600.0,https://images.ygoprodeck.com/images/cards_cropped/54959865.jpg
54965929,Mythical Beast Medusa,Spellcaster,LIGHT,4.0,1500.0,1500.0,https://images.ygoprodeck.com/images/cards_cropped/54965929.jpg
55001420,Arcane Archer of the Forest,Warrior,EARTH,3.0,900.0,1400.0,https://images.ygoprodeck.com/images/cards_cropped/55001420.jpg
55010259,Gold Gadget,Machine,LIGHT,4.0,1700.0,800.0,https://images.ygoprodeck.com/images/cards_cropped/55010259.jpg
55013285,Troop Dragon,Dragon,WIND,2.0,700.0,800.0,https://images.ygoprodeck.com/images/cards_cropped/55013285.jpg
55014050,Water Girl,Aqua,WATER,4.0,1250.0,1000.0,https://images.ygoprodeck.com/images/cards_cropped/55014050.jpg
55031170,K9-66b Lantern,Pyro,DARK,5.0,2000.0,1900.0,https://images.ygoprodeck.com/images/cards_cropped/55031170.jpg
55063681,Power Supplier,Spellcaster,EARTH,2.0,400.0,400.0,https://images.ygoprodeck.com/images/cards_cropped/55063681.jpg
55063751,"Gameciel, the Sea Turtle Kaiju",Aqua,WATER,8.0,2200.0,3000.0,https://images.ygoprodeck.com/images/cards_cropped/55063751.jpg
55088578,Onomatokage,Reptile,DARK,4.0,1100.0,1500.0,https://images.ygoprodeck.com/images/cards_cropped/55088578.jpg
55099248,Naturia Strawberry,Plant,EARTH,4.0,1600.0,1200.0,https://images.ygoprodeck.com/images/cards_cropped/55099248.jpg
55100740,Chemicritter Hydron Hawk,Winged Beast,WATER,2.0,1400.0,700.0,https://images.ygoprodeck.com/images/cards_cropped/55100740.jpg
55106249,Deskbot 006,Machine,EARTH,6.0,500.0,500.0,https://images.ygoprodeck.com/images/cards_cropped/55106249.jpg
55119278,Morphtronic Radion,Thunder,LIGHT,4.0,1000.0,900.0,https://images.ygoprodeck.com/images/cards_cropped/55119278.jpg
55125728,Vera the Vernusylph Goddess,Fairy,EARTH,8.0,2400.0,3000.0,https://images.ygoprodeck.com/images/cards_cropped/55125728.jpg
55151012,Icejade Tremora,Aqua,WATER,5.0,1500.0,1500.0,https://images.ygoprodeck.com/images/cards_cropped/55151012.jpg
55168550,Galaxy Brave,Warrior,LIGHT,8.0,0.0,0.0,https://images.ygoprodeck.com/images/cards_cropped/55168550.jpg
55204071,Gimmick Puppet Nightmare,Machine,DARK,8.0,1000.0,2000.0,https://images.ygoprodeck.com/images/cards_cropped/55204071.jpg
55210709,Lisark,Beast,EARTH,4.0,1300.0,1300.0,https://images.ygoprodeck.com/images/cards_cropped/55210709.jpg
55226153,DoSolfachord Cutia,Fairy,EARTH,1.0,100.0,400.0,https://images.ygoprodeck.com/images/cards_cropped/55226153.jpg
55241609,Crusadia Reclusia,Spellcaster,FIRE,3.0,400.0,2000.0,https://images.ygoprodeck.com/images/cards_cropped/55241609.jpg
55272555,Mementotlan-Horned Dragon,Dragon,DARK,8.0,2850.0,2350.0,https://images.ygoprodeck.com/images/cards_cropped/55272555.jpg
55273560,"Incredible Ecclesia, the Virtuous",Spellcaster,LIGHT,4.0,1500.0,1500.0,https://images.ygoprodeck.com/images/cards_cropped/55273560.jpg
55277252,The Fabled Nozoochee,Beast,LIGHT,2.0,1200.0,800.0,https://images.ygoprodeck.com/images/cards_cropped/55277252.jpg
55289183,Capricious Darklord,Fairy,DARK,4.0,0.0,1600.0,https://images.ygoprodeck.com/images/cards_cropped/55289183.jpg
55291359,Succubus Knight,Warrior,DARK,5.0,1650.0,1300.0,https://images.ygoprodeck.com/images/cards_cropped/55291359.jpg
55320758,Goblin Bikers Gone Wild,Fiend,DARK,6.0,2400.0,0.0,https://images.ygoprodeck.com/images/cards_cropped/55320758.jpg
55326322,Crystron Rosenix,Machine,WATER,4.0,1800.0,1000.0,https://images.ygoprodeck.com/images/cards_cropped/55326322.jpg
55337339,Job-Change Mirror,Fiend,DARK,3.0,800.0,1300.0,https://images.ygoprodeck.com/images/cards_cropped/55337339.jpg
55343172,Legendary Dueling Field,Machine,EARTH,5.0,0.0,3000.0,https://images.ygoprodeck.com/images/cards_cropped/55343172.jpg
55343236,Malefic Red-Eyes Black Dragon,Dragon,DARK,7.0,2400.0,2000.0,https://images.ygoprodeck.com/images/cards_cropped/55343236.jpg
55349196,Double-Headed Dino King Rex,Dinosaur,EARTH,6.0,1600.0,1200.0,https://images.ygoprodeck.com/images/cards_cropped/55349196.jpg
55349375,"Bluebeard, the Plunder Patroll Shipwright",Fiend,WATER,4.0,500.0,1000.0,https://images.ygoprodeck.com/images/cards_cropped/55349375.jpg
55359571,Kochobo's Hinamatsuri,Machine,DARK,7.0,2200.0,2200.0,https://images.ygoprodeck.com/images/cards_cropped/55359571.jpg
55363218,Cartoon Shade,Illusion,DARK,1.0,0.0,2000.0,https://images.ygoprodeck.com/images/cards_cropped/55363218.jpg
55397172,Futsu no Mitama no Mitsurugi,Reptile,DARK,8.0,2000.0,3400.0,https://images.ygoprodeck.com/images/cards_cropped/55397172.jpg
55401221,Batteryman D,Thunder,LIGHT,1.0,0.0,1900.0,https://images.ygoprodeck.com/images/cards_cropped/55401221.jpg
55410871,Blue-Eyes Chaos MAX Dragon,Dragon,DARK,8.0,4000.0,0.0,https://images.ygoprodeck.com/images/cards_cropped/55410871.jpg
55415564,D/D Evil,Fiend,DARK,4.0,2000.0,0.0,https://images.ygoprodeck.com/images/cards_cropped/55415564.jpg
55423549,Leo Wizard the Dark Fiend,Spellcaster,DARK,4.0,1350.0,1200.0,https://images.ygoprodeck.com/images/cards_cropped/55423549.jpg
55424270,Mythical Beast Cerberus,Spellcaster,LIGHT,4.0,1400.0,1400.0,https://images.ygoprodeck.com/images/cards_cropped/55424270.jpg
55428242,Traptrix Atrax,Insect,EARTH,4.0,1800.0,1000.0,https://images.ygoprodeck.com/images/cards_cropped/55428242.jpg
55444629,Lesser Dragon,Dragon,WIND,4.0,1200.0,1000.0,https://images.ygoprodeck.com/images/cards_cropped/55444629.jpg
55461064,Destiny HERO - Blade Master,Warrior,DARK,3.0,300.0,600.0,https://images.ygoprodeck.com/images/cards_cropped/55461064.jpg
55461744,Big-Winged Berfomet,Fiend,DARK,5.0,1400.0,1800.0,https://images.ygoprodeck.com/images/cards_cropped/55461744.jpg
55488859,Evoltile Gephyro,Reptile,FIRE,1.0,200.0,400.0,https://images.ygoprodeck.com/images/cards_cropped/55488859.jpg
55501446,Lightserpent,Reptile,LIGHT,3.0,1200.0,800.0,https://images.ygoprodeck.com/images/cards_cropped/55501446.jpg
55537983,Mimighoul Master,Zombie,EARTH,4.0,1800.0,1200.0,https://images.ygoprodeck.com/images/cards_cropped/55537983.jpg
55550921,Battle Warrior,Warrior,EARTH,3.0,700.0,1000.0,https://images.ygoprodeck.com/images/cards_cropped/55550921.jpg
55554175,Performapal Classikuriboh,Fiend,DARK,1.0,300.0,200.0,https://images.ygoprodeck.com/images/cards_cropped/55554175.jpg
55567161,Pot the Trick,Rock,EARTH,2.0,400.0,400.0,https://images.ygoprodeck.com/images/cards_cropped/55567161.jpg
55585856,Misstic Call,Spellcaster,WATER,5.0,1600.0,800.0,https://images.ygoprodeck.com/images/cards_cropped/55585856.jpg
55586621,Fortune Lady Dark,Spellcaster,DARK,5.0,-1.0,-1.0,https://images.ygoprodeck.com/images/cards_cropped/55586621.jpg
55589254,Frost and Flame Dragon,Dragon,WATER,6.0,2300.0,2000.0,https://images.ygoprodeck.com/images/cards_cropped/55589254.jpg
55591586,Thunder Dragonduo,Thunder,DARK,8.0,2800.0,0.0,https://images.ygoprodeck.com/images/cards_cropped/55591586.jpg
55610595,Blackwing - Pinaki the Waxing Moon,Winged Beast,DARK,3.0,1200.0,1000.0,https://images.ygoprodeck.com/images/cards_cropped/55610595.jpg
55623480,Fairy Tail - Snow,Spellcaster,LIGHT,4.0,1850.0,1000.0,https://images.ygoprodeck.com/images/cards_cropped/55623480.jpg
55624610,Scrap Hunter,Machine,EARTH,3.0,1600.0,400.0,https://images.ygoprodeck.com/images/cards_cropped/55624610.jpg
55688914,Vanquish Soul Pluton HG,Zombie,FIRE,6.0,0.0,0.0,https://images.ygoprodeck.com/images/cards_cropped/55688914.jpg
55690251,Darklord Desire,Fairy,DARK,10.0,3000.0,2800.0,https://images.ygoprodeck.com/images/cards_cropped/55690251.jpg
55691901,Great Bill,Beast,EARTH,4.0,1250.0,1300.0,https://images.ygoprodeck.com/images/cards_cropped/55691901.jpg
55696885,Plague Wolf,Zombie,DARK,3.0,1000.0,1000.0,https://images.ygoprodeck.com/images/cards_cropped/55696885.jpg
55697723,Surfacing Big Jaws,Fish,WATER,4.0,1800.0,300.0,https://images.ygoprodeck.com/images/cards_cropped/55697723.jpg
55702233,Ret-time Reviver Emit-ter,Fairy,DARK,2.0,800.0,0.0,https://images.ygoprodeck.com/images/cards_cropped/55702233.jpg
55705473,Baobaboon,Plant,DARK,3.0,1200.0,1000.0,https://images.ygoprodeck.com/images/cards_cropped/55705473.jpg
55725117,Prank-Kids Dropsies,Aqua,WATER,2.0,1000.0,1000.0,https://images.ygoprodeck.com/images/cards_cropped/55725117.jpg
55735315,Soul Drain Dragon,Dragon,LIGHT,8.0,4000.0,0.0,https://images.ygoprodeck.com/images/cards_cropped/55735315.jpg
55737443,"Exxod, Master of The Guard",Rock,EARTH,8.0,0.0,4000.0,https://images.ygoprodeck.com/images/cards_cropped/55737443.jpg
55758589,Photon Wyvern,Dragon,LIGHT,7.0,2500.0,2000.0,https://images.ygoprodeck.com/images/cards_cropped/55758589.jpg
55762976,Gussari @Ignister,Cyberse,EARTH,8.0,3000.0,3000.0,https://images.ygoprodeck.com/images/cards_cropped/55762976.jpg
55763552,Dragon Piper,Pyro,FIRE,3.0,200.0,1800.0,https://images.ygoprodeck.com/images/cards_cropped/55763552.jpg
55784832,Morinphen,Fiend,DARK,5.0,1550.0,1300.0,https://images.ygoprodeck.com/images/cards_cropped/55784832.jpg
55787576,"World Legacy - ""World Shield""",Machine,DARK,6.0,0.0,3000.0,https://images.ygoprodeck.com/images/cards_cropped/55787576.jpg
55794644,Master Hyperion,Fairy,LIGHT,8.0,2700.0,2100.0,https://images.ygoprodeck.com/images/cards_cropped/55794644.jpg
55818463,"Lich Lord, King of the Underworld",Zombie,DARK,6.0,2400.0,1200.0,https://images.ygoprodeck.com/images/cards_cropped/55818463.jpg
55821894,Amazoness Fighter,Warrior,EARTH,4.0,1500.0,1300.0,https://images.ygoprodeck.com/images/cards_cropped/55821894.jpg
55875323,Electric Lizard,Thunder,EARTH,3.0,850.0,800.0,https://images.ygoprodeck.com/images/cards_cropped/55875323.jpg
55878038,Chaos Dragon Levianeer,Dragon,DARK,8.0,3000.0,0.0,https://images.ygoprodeck.com/images/cards_cropped/55878038.jpg
55885348,Kozmo Dark Destroyer,Machine,DARK,8.0,3000.0,1800.0,https://images.ygoprodeck.com/images/cards_cropped/55885348.jpg
55920742,Noh-P.U.N.K. Foxy Tune,Beast,LIGHT,8.0,2300.0,2600.0,https://images.ygoprodeck.com/images/cards_cropped/55920742.jpg
55936191,Ursarctic Miktanus,Beast,WATER,7.0,700.0,1700.0,https://images.ygoprodeck.com/images/cards_cropped/55936191.jpg
55965529,"Enato Enneacraft - ""oknirIA""",Machine,EARTH,1.0,100.0,1000.0,https://images.ygoprodeck.com/images/cards_cropped/55965529.jpg
55969226,Blue Dragon Summoner,Spellcaster,WIND,4.0,1500.0,600.0,https://images.ygoprodeck.com/images/cards_cropped/55969226.jpg
55982698,Ally of Justice Reverse Break,Machine,DARK,4.0,1200.0,1200.0,https://images.ygoprodeck.com/images/cards_cropped/55982698.jpg
55997110,Performapal Handsamuraiger,Beast-Warrior,EARTH,4.0,1800.0,400.0,https://images.ygoprodeck.com/images/cards_cropped/55997110.jpg
55998462,Metal Fish,Machine,WATER,5.0,1600.0,1900.0,https://images.ygoprodeck.com/images/cards_cropped/55998462.jpg
56003780,Salamangreat Jack Jaguar,Cyberse,FIRE,4.0,1800.0,1200.0,https://images.ygoprodeck.com/images/cards_cropped/56003780.jpg
56034579,GMX Chairman Kimridge,Psychic,LIGHT,4.0,1000.0,900.0,https://images.ygoprodeck.com/images/cards_cropped/56034579.jpg
56043447,Viser Des,Fiend,DARK,4.0,500.0,1200.0,https://images.ygoprodeck.com/images/cards_cropped/56043447.jpg
56049970,Crystron Prasiortle,Machine,WATER,2.0,500.0,2000.0,https://images.ygoprodeck.com/images/cards_cropped/56049970.jpg
56052205,Unifrog,Aqua,WATER,2.0,400.0,400.0,https://images.ygoprodeck.com/images/cards_cropped/56052205.jpg
56094445,Ancient Gear Soldier,Machine,EARTH,4.0,1300.0,1300.0,https://images.ygoprodeck.com/images/cards_cropped/56094445.jpg
56099748,Visas Starfrost,Warrior,LIGHT,6.0,2100.0,1500.0,https://images.ygoprodeck.com/images/cards_cropped/56099748.jpg
56100345,Cyberdark Wurm,Machine,DARK,5.0,800.0,2100.0,https://images.ygoprodeck.com/images/cards_cropped/56100345.jpg
56105047,Gogogo Ghost,Zombie,DARK,4.0,1900.0,0.0,https://images.ygoprodeck.com/images/cards_cropped/56105047.jpg
56132807,Apple Magician Girl,Spellcaster,FIRE,3.0,1200.0,800.0,https://images.ygoprodeck.com/images/cards_cropped/56132807.jpg
56146300,Battlewasp - Rapier the Onslaught,Insect,WIND,5.0,1900.0,0.0,https://images.ygoprodeck.com/images/cards_cropped/56146300.jpg
56161953,Scrypton,Cyberse,WATER,5.0,1500.0,1500.0,https://images.ygoprodeck.com/images/cards_cropped/56161953.jpg
56166150,"Lumina, Twilightsworn Shaman",Spellcaster,DARK,3.0,1000.0,1000.0,https://images.ygoprodeck.com/images/cards_cropped/56166150.jpg
56174248,Prophecy Destroyer,Spellcaster,DARK,6.0,2500.0,1200.0,https://images.ygoprodeck.com/images/cards_cropped/56174248.jpg
56187077,"Proto Enneacraft - ""orgIA""",Machine,EARTH,1.0,100.0,1000.0,https://images.ygoprodeck.com/images/cards_cropped/56187077.jpg
56196385,Tri-Brigade Kitt,Beast,FIRE,2.0,700.0,1000.0,https://images.ygoprodeck.com/images/cards_cropped/56196385.jpg
56198785,Guard Ghost,Zombie,DARK,4.0,1800.0,100.0,https://images.ygoprodeck.com/images/cards_cropped/56198785.jpg
56209279,Infernity Necromancer,Fiend,DARK,3.0,0.0,2000.0,https://images.ygoprodeck.com/images/cards_cropped/56209279.jpg
56223084,Needle Sunfish,Fish,WATER,3.0,1500.0,100.0,https://images.ygoprodeck.com/images/cards_cropped/56223084.jpg
56240989,Evoltile Casinerio,Reptile,FIRE,3.0,1600.0,400.0,https://images.ygoprodeck.com/images/cards_cropped/56240989.jpg
56283725,Kumootoko,Insect,EARTH,3.0,700.0,1400.0,https://images.ygoprodeck.com/images/cards_cropped/56283725.jpg
56286179,Drill Synchron,Machine,EARTH,3.0,800.0,300.0,https://images.ygoprodeck.com/images/cards_cropped/56286179.jpg
56308388,Time Thief Winder,Psychic,DARK,4.0,1800.0,1300.0,https://images.ygoprodeck.com/images/cards_cropped/56308388.jpg
56322832,Tensei Ryu-Ge Anva,Dragon,DARK,10.0,3000.0,2100.0,https://images.ygoprodeck.com/images/cards_cropped/56322832.jpg
56342351,M-Warrior #1,Warrior,EARTH,3.0,1000.0,500.0,https://images.ygoprodeck.com/images/cards_cropped/56342351.jpg
56343672,Rescue Ferret,Beast,EARTH,4.0,300.0,100.0,https://images.ygoprodeck.com/images/cards_cropped/56343672.jpg
56346071,Totem Five,Rock,FIRE,3.0,500.0,200.0,https://images.ygoprodeck.com/images/cards_cropped/56346071.jpg
56347375,"Ignis Phoenix, the Dracoslayer",Warrior,FIRE,4.0,1700.0,1900.0,https://images.ygoprodeck.com/images/cards_cropped/56347375.jpg
56350972,"Saffira, Queen of Dragons",Dragon,LIGHT,6.0,2500.0,2400.0,https://images.ygoprodeck.com/images/cards_cropped/56350972.jpg
56364287,Cyber Dragon Herz,Machine,LIGHT,1.0,100.0,100.0,https://images.ygoprodeck.com/images/cards_cropped/56364287.jpg
56369281,Wolf Axwielder,Beast-Warrior,EARTH,4.0,1650.0,1000.0,https://images.ygoprodeck.com/images/cards_cropped/56369281.jpg
56387350,Vampire Baby,Zombie,DARK,3.0,700.0,1000.0,https://images.ygoprodeck.com/images/cards_cropped/56387350.jpg
56399890,The Fabled Catsith,Beast,LIGHT,1.0,800.0,600.0,https://images.ygoprodeck.com/images/cards_cropped/56399890.jpg
56401775,Melffy Pony,Beast,EARTH,2.0,400.0,0.0,https://images.ygoprodeck.com/images/cards_cropped/56401775.jpg
56410040,Junk Forward,Warrior,EARTH,3.0,900.0,1500.0,https://images.ygoprodeck.com/images/cards_cropped/56410040.jpg
56421754,U.A. Mighty Slugger,Warrior,EARTH,5.0,2300.0,700.0,https://images.ygoprodeck.com/images/cards_cropped/56421754.jpg
56427559,Gimmick Puppet Gear Changer,Machine,EARTH,1.0,100.0,100.0,https://images.ygoprodeck.com/images/cards_cropped/56427559.jpg
56495147,Swordsoul of Taia,Wyrm,WIND,4.0,1800.0,1500.0,https://images.ygoprodeck.com/images/cards_cropped/56495147.jpg
56499179,Genro Ryu-Ge Hakva,Wyrm,WIND,10.0,3000.0,1500.0,https://images.ygoprodeck.com/images/cards_cropped/56499179.jpg
56511382,Genex Ally Volcannon,Machine,DARK,4.0,1700.0,600.0,https://images.ygoprodeck.com/images/cards_cropped/56511382.jpg
56514812,Kunoichi,Warrior,WIND,4.0,1800.0,1000.0,https://images.ygoprodeck.com/images/cards_cropped/56514812.jpg
56518311,Metalfoes Vanisher,Psychic,FIRE,9.0,2900.0,1900.0,https://images.ygoprodeck.com/images/cards_cropped/56518311.jpg
56524813,Raging Eria,Spellcaster,WATER,4.0,800.0,1500.0,https://images.ygoprodeck.com/images/cards_cropped/56524813.jpg
56562619,Black Dragon Ninja,Beast,DARK,7.0,2800.0,1600.0,https://images.ygoprodeck.com/images/cards_cropped/56562619.jpg
56570271,Destiny HERO - Disk Commander,Warrior,DARK,1.0,300.0,300.0,https://images.ygoprodeck.com/images/cards_cropped/56570271.jpg
56574543,Bujingi Sinyou,Beast,LIGHT,4.0,1500.0,1000.0,https://images.ygoprodeck.com/images/cards_cropped/56574543.jpg
56585883,Harpie Harpist,Winged Beast,WIND,4.0,1700.0,600.0,https://images.ygoprodeck.com/images/cards_cropped/56585883.jpg
56597272,Cloudian - Sheep Cloud,Fairy,WATER,1.0,0.0,0.0,https://images.ygoprodeck.com/images/cards_cropped/56597272.jpg
56605802,Phantom Cricket,Insect,EARTH,2.0,300.0,1000.0,https://images.ygoprodeck.com/images/cards_cropped/56605802.jpg
56619314,D/D/D Dragon King Pendragon,Fiend,DARK,7.0,2600.0,2400.0,https://images.ygoprodeck.com/images/cards_cropped/56619314.jpg
56647086,Invader of Darkness,Fiend,DARK,8.0,2900.0,2500.0,https://images.ygoprodeck.com/images/cards_cropped/56647086.jpg
56649609,Phantasm Spiral Dragon,Wyrm,WATER,8.0,2900.0,2900.0,https://images.ygoprodeck.com/images/cards_cropped/56649609.jpg
56651978,Elfnote Regina,Spellcaster,WIND,6.0,2000.0,1800.0,https://images.ygoprodeck.com/images/cards_cropped/56651978.jpg
56673112,Imperial Bower,Warrior,LIGHT,4.0,1500.0,1500.0,https://images.ygoprodeck.com/images/cards_cropped/56673112.jpg
56675280,Performapal Parrotrio,Winged Beast,WIND,3.0,500.0,500.0,https://images.ygoprodeck.com/images/cards_cropped/56675280.jpg
56677752,Performapal Odd-Eyes Butler,Spellcaster,DARK,5.0,1000.0,2100.0,https://images.ygoprodeck.com/images/cards_cropped/56677752.jpg
56681873,"Terratiger, the Empowered Warrior",Warrior,EARTH,4.0,1800.0,1200.0,https://images.ygoprodeck.com/images/cards_cropped/56681873.jpg
56704140,Geomancer of the Ice Barrier,Spellcaster,WATER,3.0,800.0,1200.0,https://images.ygoprodeck.com/images/cards_cropped/56704140.jpg
56713174,Thunder Dragondark,Thunder,DARK,5.0,1600.0,1500.0,https://images.ygoprodeck.com/images/cards_cropped/56713174.jpg
56713552,Obese Marmot of Nefariousness,Beast,EARTH,3.0,750.0,800.0,https://images.ygoprodeck.com/images/cards_cropped/56713552.jpg
56727340,Superheavy Samurai Soulgaia Booster,Machine,EARTH,4.0,0.0,0.0,https://images.ygoprodeck.com/images/cards_cropped/56727340.jpg
56746202,Scrap Chimera,Beast,EARTH,4.0,1700.0,500.0,https://images.ygoprodeck.com/images/cards_cropped/56746202.jpg
56784842,Angel O7,Fairy,LIGHT,7.0,2500.0,1500.0,https://images.ygoprodeck.com/images/cards_cropped/56784842.jpg
56789759,Tyhone #2,Dragon,FIRE,6.0,1700.0,1900.0,https://images.ygoprodeck.com/images/cards_cropped/56789759.jpg
56790702,D.D. Assault Carrier,Machine,DARK,8.0,2500.0,2500.0,https://images.ygoprodeck.com/images/cards_cropped/56790702.jpg
56804361,"Aether, the Empowering Dragon",Dragon,LIGHT,6.0,2300.0,1600.0,https://images.ygoprodeck.com/images/cards_cropped/56804361.jpg
56809158,Mekk-Knight Red Moon,Psychic,LIGHT,7.0,2300.0,2600.0,https://images.ygoprodeck.com/images/cards_cropped/56809158.jpg
56818977,Springans Pedor,Machine,FIRE,4.0,0.0,2000.0,https://images.ygoprodeck.com/images/cards_cropped/56818977.jpg
56824871,Infernoble Knight - Renaud,Warrior,FIRE,1.0,500.0,500.0,https://images.ygoprodeck.com/images/cards_cropped/56824871.jpg
56827051,"Ariel, Priestess of the Nekroz",Psychic,WATER,4.0,1000.0,1800.0,https://images.ygoprodeck.com/images/cards_cropped/56827051.jpg
56838842,Fiend Piece Golem,Fiend,DARK,5.0,2100.0,0.0,https://images.ygoprodeck.com/images/cards_cropped/56838842.jpg
56839613,Batteryman Micro-Cell,Thunder,LIGHT,1.0,100.0,100.0,https://images.ygoprodeck.com/images/cards_cropped/56839613.jpg
56840658,Poison Draw Frog,Aqua,WATER,2.0,100.0,100.0,https://images.ygoprodeck.com/images/cards_cropped/56840658.jpg
56863746,Drytron Meteonis DA Draconids,Machine,LIGHT,12.0,5000.0,5000.0,https://images.ygoprodeck.com/images/cards_cropped/56863746.jpg
56897896,Mono Synchron,Machine,DARK,1.0,0.0,0.0,https://images.ygoprodeck.com/images/cards_cropped/56897896.jpg
56907986,Kozmo Strawman,Psychic,LIGHT,2.0,500.0,1800.0,https://images.ygoprodeck.com/images/cards_cropped/56907986.jpg
56921677,Heraldic Beast Basilisk,Beast,EARTH,4.0,1000.0,1400.0,https://images.ygoprodeck.com/images/cards_cropped/56921677.jpg
56931015,Gravity Behemoth,Beast,DARK,6.0,2300.0,2000.0,https://images.ygoprodeck.com/images/cards_cropped/56931015.jpg
56980148,Dinowrestler Systegosaur,Dinosaur,EARTH,4.0,1900.0,0.0,https://images.ygoprodeck.com/images/cards_cropped/56980148.jpg
57019473,Sishunder,Thunder,LIGHT,4.0,900.0,400.0,https://images.ygoprodeck.com/images/cards_cropped/57019473.jpg
57030525,Armed Dragon Thunder LV3,Dragon,WIND,3.0,1200.0,900.0,https://images.ygoprodeck.com/images/cards_cropped/57030525.jpg
57036718,Zubaba Buster,Warrior,EARTH,3.0,1800.0,600.0,https://images.ygoprodeck.com/images/cards_cropped/57036718.jpg
57043986,Blue-Eyes Solid Dragon,Dragon,LIGHT,8.0,2500.0,2000.0,https://images.ygoprodeck.com/images/cards_cropped/57043986.jpg
57046845,Gearfried the Swordmaster,Warrior,LIGHT,7.0,2600.0,2200.0,https://images.ygoprodeck.com/images/cards_cropped/57046845.jpg
57062206,Doitsu,Fairy,EARTH,4.0,100.0,200.0,https://images.ygoprodeck.com/images/cards_cropped/57062206.jpg
57108202,Morphtronic Remoten,Machine,EARTH,3.0,300.0,1200.0,https://images.ygoprodeck.com/images/cards_cropped/57108202.jpg
57111330,"Therion ""Duke"" Yul",Psychic,LIGHT,8.0,2100.0,2800.0,https://images.ygoprodeck.com/images/cards_cropped/57111330.jpg
57116033,Winged Kuriboh,Fairy,LIGHT,1.0,300.0,200.0,https://images.ygoprodeck.com/images/cards_cropped/57116033.jpg
57143342,"Cir, Malebranche of the Burning Abyss",Fiend,DARK,3.0,1600.0,1200.0,https://images.ygoprodeck.com/images/cards_cropped/57143342.jpg
57238939,Genex Ally Remote,Machine,DARK,3.0,500.0,1800.0,https://images.ygoprodeck.com/images/cards_cropped/57238939.jpg
57256127,Shipping Archfiend,Fiend,WIND,3.0,0.0,0.0,https://images.ygoprodeck.com/images/cards_cropped/57256127.jpg
57261568,Flower Cardian Peony with Butterfly,Warrior,DARK,6.0,1000.0,1000.0,https://images.ygoprodeck.com/images/cards_cropped/57261568.jpg
57272170,Evigishki Soul Ogre,Aqua,WATER,8.0,2800.0,2800.0,https://images.ygoprodeck.com/images/cards_cropped/57272170.jpg
57281778,Ryu Kokki,Zombie,DARK,6.0,2400.0,2000.0,https://images.ygoprodeck.com/images/cards_cropped/57281778.jpg
57288708,"World Legacy - ""World Chalice""",Machine,DARK,5.0,0.0,0.0,https://images.ygoprodeck.com/images/cards_cropped/57288708.jpg
57294268,Aleister the Reminiscent,Spellcaster,DARK,4.0,1800.0,1000.0,https://images.ygoprodeck.com/images/cards_cropped/57294268.jpg
57305373,Two-Mouth Darkruler,Dinosaur,EARTH,3.0,900.0,700.0,https://images.ygoprodeck.com/images/cards_cropped/57305373.jpg
57308711,Unicycular,Machine,EARTH,1.0,100.0,100.0,https://images.ygoprodeck.com/images/cards_cropped/57308711.jpg
57346400,Guard Dog,Beast,EARTH,3.0,1500.0,500.0,https://images.ygoprodeck.com/images/cards_cropped/57346400.jpg
57354389,Sentry Soldier of Stone,Rock,EARTH,3.0,1300.0,2000.0,https://images.ygoprodeck.com/images/cards_cropped/57354389.jpg
57357130,Salamangreat Weasel,Cyberse,FIRE,3.0,700.0,1400.0,https://images.ygoprodeck.com/images/cards_cropped/57357130.jpg
57405307,"Winged Dragon, Guardian of the Fortress #2",Winged Beast,WIND,4.0,1200.0,1000.0,https://images.ygoprodeck.com/images/cards_cropped/57405307.jpg
57409948,Bombardment Beetle,Insect,WIND,2.0,400.0,900.0,https://images.ygoprodeck.com/images/cards_cropped/57409948.jpg
57420265,Fishborg Harpooner,Fish,WATER,4.0,400.0,400.0,https://images.ygoprodeck.com/images/cards_cropped/57420265.jpg
57421866,Level Eater,Insect,DARK,1.0,600.0,0.0,https://images.ygoprodeck.com/images/cards_cropped/57421866.jpg
57448410,Prima Materiactor,Dragon,LIGHT,3.0,0.0,0.0,https://images.ygoprodeck.com/images/cards_cropped/57448410.jpg
57458399,Satellite Synchron,Machine,DARK,2.0,700.0,100.0,https://images.ygoprodeck.com/images/cards_cropped/57458399.jpg
57473560,Wightprince,Zombie,DARK,1.0,0.0,0.0,https://images.ygoprodeck.com/images/cards_cropped/57473560.jpg
57482479,Luminous Soldier,Warrior,LIGHT,5.0,2100.0,1400.0,https://images.ygoprodeck.com/images/cards_cropped/57482479.jpg
57511992,Yorishiro of the Aqua,Aqua,WATER,4.0,700.0,2000.0,https://images.ygoprodeck.com/images/cards_cropped/57511992.jpg
57523313,Melffy Fenny,Beast,EARTH,2.0,100.0,300.0,https://images.ygoprodeck.com/images/cards_cropped/57523313.jpg
57541158,Marincess Sleepy Maiden,Cyberse,WATER,5.0,500.0,2500.0,https://images.ygoprodeck.com/images/cards_cropped/57541158.jpg
57543573,Worm Illidan,Reptile,LIGHT,5.0,2000.0,1800.0,https://images.ygoprodeck.com/images/cards_cropped/57543573.jpg
57549932,Dawnbreak Gardna,Warrior,LIGHT,3.0,1500.0,500.0,https://images.ygoprodeck.com/images/cards_cropped/57549932.jpg
57568840,Delta Flyer,Dragon,WIND,3.0,1500.0,900.0,https://images.ygoprodeck.com/images/cards_cropped/57568840.jpg
57579381,Darklord Marie,Fiend,DARK,5.0,1700.0,1200.0,https://images.ygoprodeck.com/images/cards_cropped/57579381.jpg
57610714,Cloudian - Eye of the Typhoon,Aqua,WIND,8.0,3000.0,1000.0,https://images.ygoprodeck.com/images/cards_cropped/57610714.jpg
57617178,Sonic Bird,Winged Beast,WIND,4.0,1400.0,1000.0,https://images.ygoprodeck.com/images/cards_cropped/57617178.jpg
57624336,Archfiend Eccentrick,Fiend,LIGHT,3.0,800.0,1000.0,https://images.ygoprodeck.com/images/cards_cropped/57624336.jpg
57630503,Fabled Marcosia,Fiend,LIGHT,4.0,1700.0,0.0,https://images.ygoprodeck.com/images/cards_cropped/57630503.jpg
57647597,Reptilianne Lamia,Reptile,DARK,2.0,0.0,0.0,https://images.ygoprodeck.com/images/cards_cropped/57647597.jpg
57649113,Stinger the Electric Expeller,Psychic,WIND,3.0,800.0,1000.0,https://images.ygoprodeck.com/images/cards_cropped/57649113.jpg
57662975,Darkstorm Dragon,Dragon,DARK,8.0,2700.0,2500.0,https://images.ygoprodeck.com/images/cards_cropped/57662975.jpg
57666212,Kuraz the Light Monarch,Warrior,LIGHT,6.0,2400.0,1000.0,https://images.ygoprodeck.com/images/cards_cropped/57666212.jpg
57690191,Noble Knight Brothers,Warrior,LIGHT,4.0,1200.0,2400.0,https://images.ygoprodeck.com/images/cards_cropped/57690191.jpg
57722593,Konohanasakuya,Fairy,EARTH,3.0,1300.0,1300.0,https://images.ygoprodeck.com/images/cards_cropped/57722593.jpg
57731460,Gladiator Beast Equeste,Winged Beast,WIND,4.0,1600.0,1200.0,https://images.ygoprodeck.com/images/cards_cropped/57731460.jpg
57761191,"Metaltron XII, the True Dracombatant",Wyrm,LIGHT,9.0,3000.0,3000.0,https://images.ygoprodeck.com/images/cards_cropped/57761191.jpg
57769391,Altergeist Pixiel,Spellcaster,WIND,1.0,100.0,100.0,https://images.ygoprodeck.com/images/cards_cropped/57769391.jpg
57774843,Judgment Dragon,Dragon,LIGHT,8.0,3000.0,2600.0,https://images.ygoprodeck.com/images/cards_cropped/57774843.jpg
57777714,Ritual Beast Tamer Zeframpilica,Psychic,WIND,3.0,1000.0,1500.0,https://images.ygoprodeck.com/images/cards_cropped/57777714.jpg
57784563,Dark Blade the Captain of the Evil World,Warrior,DARK,4.0,1800.0,1500.0,https://images.ygoprodeck.com/images/cards_cropped/57784563.jpg
57793869,The Wicked Eraser,Fiend,DARK,10.0,-1.0,-1.0,https://images.ygoprodeck.com/images/cards_cropped/57793869.jpg
57827484,Shadow Delver,Fiend,DARK,4.0,1500.0,500.0,https://images.ygoprodeck.com/images/cards_cropped/57827484.jpg
57835716,Orcust Harp Horror,Machine,DARK,4.0,1700.0,1400.0,https://images.ygoprodeck.com/images/cards_cropped/57835716.jpg
57839750,Mother Grizzly,Beast-Warrior,WATER,4.0,1400.0,1000.0,https://images.ygoprodeck.com/images/cards_cropped/57839750.jpg
57844634,Nimble Musasabi,Beast,EARTH,2.0,800.0,100.0,https://images.ygoprodeck.com/images/cards_cropped/57844634.jpg
57869175,Fortune Lady Past,Spellcaster,DARK,1.0,-1.0,-1.0,https://images.ygoprodeck.com/images/cards_cropped/57869175.jpg
57902462,Divine Knight Ishzark,Warrior,LIGHT,6.0,2300.0,1800.0,https://images.ygoprodeck.com/images/cards_cropped/57902462.jpg
57935140,Tenderness,Fairy,LIGHT,3.0,700.0,1400.0,https://images.ygoprodeck.com/images/cards_cropped/57935140.jpg
57940938,Firewall Phantom,Cyberse,DARK,5.0,2000.0,1300.0,https://images.ygoprodeck.com/images/cards_cropped/57940938.jpg
57946551,Rock Scales,Fish,WATER,5.0,2100.0,1600.0,https://images.ygoprodeck.com/images/cards_cropped/57946551.jpg
57962537,Wind-Up Rat,Beast,EARTH,3.0,600.0,600.0,https://images.ygoprodeck.com/images/cards_cropped/57962537.jpg
57985393,Broomy,Spellcaster,LIGHT,2.0,700.0,700.0,https://images.ygoprodeck.com/images/cards_cropped/57985393.jpg
57996334,Dododo Buster,Warrior,EARTH,6.0,1900.0,800.0,https://images.ygoprodeck.com/images/cards_cropped/57996334.jpg
58012107,Alien Psychic,Reptile,DARK,1.0,200.0,100.0,https://images.ygoprodeck.com/images/cards_cropped/58012107.jpg
58016954,Shaddoll Zefranaga,Spellcaster,DARK,2.0,900.0,100.0,https://images.ygoprodeck.com/images/cards_cropped/58016954.jpg
58054262,Machina Force,Machine,EARTH,10.0,4600.0,4100.0,https://images.ygoprodeck.com/images/cards_cropped/58054262.jpg
58062306,Rose Princess,Plant,EARTH,3.0,1200.0,800.0,https://images.ygoprodeck.com/images/cards_cropped/58062306.jpg
58066722,Alien Stealthbuster,Reptile,LIGHT,4.0,1700.0,1500.0,https://images.ygoprodeck.com/images/cards_cropped/58066722.jpg
58071123,Oxygeddon,Dinosaur,WIND,4.0,1800.0,800.0,https://images.ygoprodeck.com/images/cards_cropped/58071123.jpg
58092907,Performapal Celestial Magician,Spellcaster,DARK,4.0,1500.0,1000.0,https://images.ygoprodeck.com/images/cards_cropped/58092907.jpg
58098303,Flame Ogre,Fiend,FIRE,7.0,2400.0,1700.0,https://images.ygoprodeck.com/images/cards_cropped/58098303.jpg
58131925,Blackwing - Damascus the Polar Night,Winged Beast,DARK,3.0,1300.0,700.0,https://images.ygoprodeck.com/images/cards_cropped/58131925.jpg
58132856,Toy Magician,Spellcaster,LIGHT,4.0,1600.0,1500.0,https://images.ygoprodeck.com/images/cards_cropped/58132856.jpg
58139128,Gravekeeper's Shaman,Spellcaster,DARK,6.0,1500.0,1500.0,https://images.ygoprodeck.com/images/cards_cropped/58139128.jpg
58139997,Witchcrafter Edel,Spellcaster,LIGHT,5.0,2000.0,2300.0,https://images.ygoprodeck.com/images/cards_cropped/58139997.jpg
58143852,Nightmare Apprentice,Illusion,DARK,6.0,2000.0,1700.0,https://images.ygoprodeck.com/images/cards_cropped/58143852.jpg
58153103,Armed Dragon Thunder LV10,Dragon,WIND,10.0,3000.0,2000.0,https://images.ygoprodeck.com/images/cards_cropped/58153103.jpg
58165765,Red Dragon Ninja,Winged Beast,FIRE,6.0,2400.0,1200.0,https://images.ygoprodeck.com/images/cards_cropped/58165765.jpg
58185394,Giant Kozaky,Fiend,DARK,4.0,2500.0,2400.0,https://images.ygoprodeck.com/images/cards_cropped/58185394.jpg
58192742,Petit Moth,Insect,EARTH,1.0,300.0,200.0,https://images.ygoprodeck.com/images/cards_cropped/58192742.jpg
58201062,"Spectral, Dragon Ruler of Flickers",Dragon,LIGHT,2.0,600.0,1000.0,https://images.ygoprodeck.com/images/cards_cropped/58201062.jpg
58205203,"Mariamne Paradox, the True Dracophoenix Knight",Wyrm,WIND,6.0,1800.0,1400.0,https://images.ygoprodeck.com/images/cards_cropped/58205203.jpg
58206034,Dark Lucius LV8,Fiend,EARTH,8.0,2800.0,900.0,https://images.ygoprodeck.com/images/cards_cropped/58206034.jpg
58242947,Junk Collector,Warrior,LIGHT,5.0,1000.0,2200.0,https://images.ygoprodeck.com/images/cards_cropped/58242947.jpg
58257569,Red-Eyes Baby Dragon,Dragon,DARK,3.0,1200.0,700.0,https://images.ygoprodeck.com/images/cards_cropped/58257569.jpg
58268433,Blade Rabbit,Beast,EARTH,2.0,400.0,300.0,https://images.ygoprodeck.com/images/cards_cropped/58268433.jpg
58288218,Masked HERO Furnace,Warrior,FIRE,7.0,2200.0,1000.0,https://images.ygoprodeck.com/images/cards_cropped/58288218.jpg
58288565,Butterfly Fish,Fish,WATER,3.0,700.0,400.0,https://images.ygoprodeck.com/images/cards_cropped/58288565.jpg
58314394,Ground Attacker Bugroth,Machine,EARTH,4.0,1500.0,1000.0,https://images.ygoprodeck.com/images/cards_cropped/58314394.jpg
58324930,Anarchist Monk Ranshin,Spellcaster,EARTH,4.0,1800.0,100.0,https://images.ygoprodeck.com/images/cards_cropped/58324930.jpg
58330108,Gigarays Gandora the Dragon of Destruction,Dragon,DARK,8.0,0.0,0.0,https://images.ygoprodeck.com/images/cards_cropped/58330108.jpg
58346901,Infernoble Knight Oliver,Warrior,FIRE,4.0,1000.0,1500.0,https://images.ygoprodeck.com/images/cards_cropped/58346901.jpg
58354899,Vulcarrion the Rotting Phoenix,Zombie,DARK,4.0,1600.0,0.0,https://images.ygoprodeck.com/images/cards_cropped/58354899.jpg
58363151,S-Force Pla-Tina,Spellcaster,DARK,6.0,2200.0,2000.0,https://images.ygoprodeck.com/images/cards_cropped/58363151.jpg
58369990,Doomstar Magician,Spellcaster,DARK,4.0,1800.0,300.0,https://images.ygoprodeck.com/images/cards_cropped/58369990.jpg
58383100,Cipher Mirror Knight,Warrior,LIGHT,4.0,0.0,0.0,https://images.ygoprodeck.com/images/cards_cropped/58383100.jpg
58400390,Beckoned by the World Chalice,Warrior,EARTH,4.0,1800.0,0.0,https://images.ygoprodeck.com/images/cards_cropped/58400390.jpg
58446973,Infernoid Decatron,Fiend,FIRE,1.0,500.0,200.0,https://images.ygoprodeck.com/images/cards_cropped/58446973.jpg
58453942,Psychic Snail,Psychic,EARTH,4.0,1900.0,1200.0,https://images.ygoprodeck.com/images/cards_cropped/58453942.jpg
58471134,Mermail Abysspike,Fish,WATER,4.0,1600.0,800.0,https://images.ygoprodeck.com/images/cards_cropped/58471134.jpg
58475908,Wind-Up Snail,Aqua,WATER,2.0,100.0,2000.0,https://images.ygoprodeck.com/images/cards_cropped/58475908.jpg
58494728,Steelswarm Girastag,Fiend,DARK,7.0,2600.0,0.0,https://images.ygoprodeck.com/images/cards_cropped/58494728.jpg
58518520,Clear Effector,Spellcaster,LIGHT,2.0,0.0,900.0,https://images.ygoprodeck.com/images/cards_cropped/58518520.jpg
58538870,Oppressed People,Aqua,WATER,1.0,400.0,2000.0,https://images.ygoprodeck.com/images/cards_cropped/58538870.jpg
58551308,Spear Cretin,Fiend,DARK,2.0,500.0,500.0,https://images.ygoprodeck.com/images/cards_cropped/58551308.jpg
58554959,Evil HERO Malicious Edge,Fiend,EARTH,7.0,2600.0,1800.0,https://images.ygoprodeck.com/images/cards_cropped/58554959.jpg
58569561,Aromage Rosemary,Plant,WATER,4.0,1800.0,700.0,https://images.ygoprodeck.com/images/cards_cropped/58569561.jpg
58582979,Defrag Dragon,Dragon,DARK,3.0,1000.0,600.0,https://images.ygoprodeck.com/images/cards_cropped/58582979.jpg
58589739,S-Force Professor DiGamma,Psychic,DARK,3.0,1000.0,1500.0,https://images.ygoprodeck.com/images/cards_cropped/58589739.jpg
58604027,The Legendary Exodia Incarnate,Spellcaster,DARK,10.0,-1.0,0.0,https://images.ygoprodeck.com/images/cards_cropped/58604027.jpg
58616392,Doomdog Octhros,Fiend,DARK,3.0,800.0,800.0,https://images.ygoprodeck.com/images/cards_cropped/58616392.jpg
58655504,Gnomaterial,Fairy,EARTH,1.0,0.0,1000.0,https://images.ygoprodeck.com/images/cards_cropped/58655504.jpg
58657303,Gravekeeper's Spiritualist,Spellcaster,DARK,4.0,1500.0,1500.0,https://images.ygoprodeck.com/images/cards_cropped/58657303.jpg
58680635,Electrode Beast Anion,Thunder,LIGHT,2.0,300.0,100.0,https://images.ygoprodeck.com/images/cards_cropped/58680635.jpg
58685438,Bicorn Re'em,Beast,DARK,4.0,800.0,1600.0,https://images.ygoprodeck.com/images/cards_cropped/58685438.jpg
58695102,Re-Cover,Psychic,EARTH,1.0,700.0,300.0,https://images.ygoprodeck.com/images/cards_cropped/58695102.jpg
58696829,Bio-Mage,Fairy,LIGHT,3.0,1150.0,1000.0,https://images.ygoprodeck.com/images/cards_cropped/58696829.jpg
58707981,Disablaster the Negation Fortress,Machine,LIGHT,5.0,500.0,2000.0,https://images.ygoprodeck.com/images/cards_cropped/58707981.jpg
58753372,Super Quantal Fairy Alphan,Fairy,LIGHT,1.0,0.0,0.0,https://images.ygoprodeck.com/images/cards_cropped/58753372.jpg
58760121,Worm Falco,Reptile,LIGHT,2.0,500.0,800.0,https://images.ygoprodeck.com/images/cards_cropped/58760121.jpg
58769832,Royal Archfiend,Fiend,FIRE,7.0,2400.0,1000.0,https://images.ygoprodeck.com/images/cards_cropped/58769832.jpg
58786132,Lucius the Shadow Vassal,Fiend,DARK,1.0,800.0,1000.0,https://images.ygoprodeck.com/images/cards_cropped/58786132.jpg
58807980,Monoceros,Beast,LIGHT,3.0,1000.0,1000.0,https://images.ygoprodeck.com/images/cards_cropped/58807980.jpg
58818411,Empress Mantis,Insect,WIND,6.0,2200.0,1400.0,https://images.ygoprodeck.com/images/cards_cropped/58818411.jpg
58820853,Blackwing - Shura the Blue Flame,Winged Beast,DARK,4.0,1800.0,1200.0,https://images.ygoprodeck.com/images/cards_cropped/58820853.jpg
58831685,Giant Red Seasnake,Aqua,WATER,4.0,1800.0,800.0,https://images.ygoprodeck.com/images/cards_cropped/58831685.jpg
58843503,Medium Piece Golem,Rock,EARTH,4.0,1600.0,0.0,https://images.ygoprodeck.com/images/cards_cropped/58843503.jpg
58844135,Antihuman Intelligence ME-PSY-YA,Cyberse,LIGHT,8.0,2500.0,3000.0,https://images.ygoprodeck.com/images/cards_cropped/58844135.jpg
58861941,Ooguchi,Aqua,WATER,1.0,300.0,250.0,https://images.ygoprodeck.com/images/cards_cropped/58861941.jpg
58911105,Upstart Golden Ninja,Warrior,LIGHT,4.0,500.0,1800.0,https://images.ygoprodeck.com/images/cards_cropped/58911105.jpg
58916810,Crackle Blitzclique,Thunder,EARTH,3.0,1500.0,900.0,https://images.ygoprodeck.com/images/cards_cropped/58916810.jpg
58932615,Elemental HERO Burstinatrix,Warrior,FIRE,3.0,1200.0,800.0,https://images.ygoprodeck.com/images/cards_cropped/58932615.jpg
58938528,Performapal Ladyange,Fairy,LIGHT,3.0,1000.0,1500.0,https://images.ygoprodeck.com/images/cards_cropped/58938528.jpg
58947797,Vampire Duke,Zombie,DARK,5.0,2000.0,0.0,https://images.ygoprodeck.com/images/cards_cropped/58947797.jpg
58981727,Yosenju Sabu,Beast-Warrior,WIND,4.0,1700.0,400.0,https://images.ygoprodeck.com/images/cards_cropped/58981727.jpg
58984738,"Dinomight Knight, the True Dracofighter",Wyrm,WATER,6.0,2500.0,1200.0,https://images.ygoprodeck.com/images/cards_cropped/58984738.jpg
58990362,"Zefraniu, Secret of the Yang Zing",Wyrm,EARTH,6.0,0.0,2600.0,https://images.ygoprodeck.com/images/cards_cropped/58990362.jpg
58996430,"Wulf, Lightsworn Beast",Beast-Warrior,LIGHT,4.0,2100.0,300.0,https://images.ygoprodeck.com/images/cards_cropped/58996430.jpg
58996839,Ashoka Pillar,Rock,EARTH,3.0,0.0,2200.0,https://images.ygoprodeck.com/images/cards_cropped/58996839.jpg
59011257,Fallin' Cheatah,Beast,FIRE,3.0,1100.0,2200.0,https://images.ygoprodeck.com/images/cards_cropped/59011257.jpg
59019082,"Garoth, Lightsworn Warrior",Warrior,LIGHT,4.0,1850.0,1300.0,https://images.ygoprodeck.com/images/cards_cropped/59019082.jpg
59023523,Cybernetic Magician,Spellcaster,LIGHT,6.0,2400.0,1000.0,https://images.ygoprodeck.com/images/cards_cropped/59023523.jpg
59042331,Hedge Guard,Plant,EARTH,3.0,0.0,2100.0,https://images.ygoprodeck.com/images/cards_cropped/59042331.jpg
59053232,Turu-Purun,Aqua,WATER,2.0,450.0,500.0,https://images.ygoprodeck.com/images/cards_cropped/59053232.jpg
59057152,Noble Knight Medraut,Warrior,LIGHT,4.0,1700.0,1000.0,https://images.ygoprodeck.com/images/cards_cropped/59057152.jpg
59106048,Witchcrafter Seed,Spellcaster,WIND,4.0,1300.0,1500.0,https://images.ygoprodeck.com/images/cards_cropped/59106048.jpg
59123937,D/D Vice Typhon,Fiend,DARK,7.0,2300.0,2800.0,https://images.ygoprodeck.com/images/cards_cropped/59123937.jpg
59138498,Martyr of the Sacred Beasts,Fiend,DARK,1.0,0.0,0.0,https://images.ygoprodeck.com/images/cards_cropped/59138498.jpg
59185998,Altergeist Pookuery,Spellcaster,DARK,1.0,300.0,100.0,https://images.ygoprodeck.com/images/cards_cropped/59185998.jpg
59228631,Starry Knight Astel,Fairy,LIGHT,4.0,500.0,2000.0,https://images.ygoprodeck.com/images/cards_cropped/59228631.jpg
59235795,Destruction Cyclone,Reptile,WIND,7.0,2000.0,1500.0,https://images.ygoprodeck.com/images/cards_cropped/59235795.jpg
59251766,Bujingi Hare,Beast,LIGHT,4.0,1700.0,500.0,https://images.ygoprodeck.com/images/cards_cropped/59251766.jpg
59281822,Umbramirage the Elemental Lord,Fiend,DARK,8.0,2800.0,2200.0,https://images.ygoprodeck.com/images/cards_cropped/59281822.jpg
59281922,Cyber Dragon Drei,Machine,LIGHT,4.0,1800.0,800.0,https://images.ygoprodeck.com/images/cards_cropped/59281922.jpg
59290628,Nightmare Horse,Zombie,DARK,2.0,500.0,400.0,https://images.ygoprodeck.com/images/cards_cropped/59290628.jpg
59297550,Wind-Up Magician,Spellcaster,FIRE,4.0,600.0,1800.0,https://images.ygoprodeck.com/images/cards_cropped/59297550.jpg
59312550,Jurrac Velo,Dinosaur,FIRE,4.0,1700.0,1000.0,https://images.ygoprodeck.com/images/cards_cropped/59312550.jpg
59323650,Regenesis Dragon,Dragon,WIND,8.0,2500.0,2500.0,https://images.ygoprodeck.com/images/cards_cropped/59323650.jpg
59364406,Burning Beast,Pyro,FIRE,4.0,1500.0,1000.0,https://images.ygoprodeck.com/images/cards_cropped/59364406.jpg
59368956,Deskbot 002,Machine,EARTH,2.0,500.0,500.0,https://images.ygoprodeck.com/images/cards_cropped/59368956.jpg
59369430,Golgoil the Steel Seismic Smasher,Illusion,EARTH,10.0,1800.0,3200.0,https://images.ygoprodeck.com/images/cards_cropped/59369430.jpg
59380081,Big-Tusked Mammoth,Beast,EARTH,5.0,2000.0,1000.0,https://images.ygoprodeck.com/images/cards_cropped/59380081.jpg
59383041,Toon Alligator,Reptile,WATER,4.0,800.0,1600.0,https://images.ygoprodeck.com/images/cards_cropped/59383041.jpg
59392529,Elemental HERO Liquid Soldier,Warrior,WATER,4.0,1400.0,1300.0,https://images.ygoprodeck.com/images/cards_cropped/59392529.jpg
59438930,Ghost Ogre & Snow Rabbit,Psychic,LIGHT,3.0,0.0,1800.0,https://images.ygoprodeck.com/images/cards_cropped/59438930.jpg
59463312,Eidos the Underworld Squire,Spellcaster,DARK,2.0,800.0,1000.0,https://images.ygoprodeck.com/images/cards_cropped/59463312.jpg
59464593,Armed Dragon LV10,Dragon,WIND,10.0,3000.0,2000.0,https://images.ygoprodeck.com/images/cards_cropped/59464593.jpg
59481082,Lightsworn Dragonling,Dragon,LIGHT,4.0,1500.0,1300.0,https://images.ygoprodeck.com/images/cards_cropped/59481082.jpg
59482302,Ally Salvo,Machine,DARK,2.0,400.0,300.0,https://images.ygoprodeck.com/images/cards_cropped/59482302.jpg
59496924,Kozmo Landwalker,Machine,DARK,6.0,2400.0,1200.0,https://images.ygoprodeck.com/images/cards_cropped/59496924.jpg
59504256,Demigod of the Tistina,Aqua,LIGHT,10.0,2000.0,0.0,https://images.ygoprodeck.com/images/cards_cropped/59504256.jpg
59509952,Archlord Kristya,Fairy,LIGHT,8.0,2800.0,2300.0,https://images.ygoprodeck.com/images/cards_cropped/59509952.jpg
59546528,Dance Princess of the Ice Barrier,Spellcaster,WATER,4.0,1700.0,900.0,https://images.ygoprodeck.com/images/cards_cropped/59546528.jpg
59546797,Juragedo,Fiend,DARK,4.0,1700.0,1300.0,https://images.ygoprodeck.com/images/cards_cropped/59546797.jpg
59563768,Tenshin,Fairy,LIGHT,2.0,800.0,100.0,https://images.ygoprodeck.com/images/cards_cropped/59563768.jpg
59575539,Krebons,Psychic,DARK,2.0,1200.0,400.0,https://images.ygoprodeck.com/images/cards_cropped/59575539.jpg
59577547,Salamangreat Parro,Cyberse,FIRE,5.0,2000.0,1000.0,https://images.ygoprodeck.com/images/cards_cropped/59577547.jpg
59581480,Elfnote Tinia,Spellcaster,WATER,6.0,2400.0,1800.0,https://images.ygoprodeck.com/images/cards_cropped/59581480.jpg
59604521,Trickstar Rhodode,Fairy,LIGHT,4.0,1400.0,1900.0,https://images.ygoprodeck.com/images/cards_cropped/59604521.jpg
59640711,Speedroid Den-Den Daiko Duke,Machine,WIND,3.0,1000.0,1000.0,https://images.ygoprodeck.com/images/cards_cropped/59640711.jpg
59644958,Overlay Owl,Winged Beast,WIND,4.0,800.0,1600.0,https://images.ygoprodeck.com/images/cards_cropped/59644958.jpg
59707204,"Simorgh, Bird of Protection",Winged Beast,WIND,4.0,1400.0,1000.0,https://images.ygoprodeck.com/images/cards_cropped/59707204.jpg
59708927,Umbral Horror Ghost,Fiend,DARK,2.0,200.0,200.0,https://images.ygoprodeck.com/images/cards_cropped/59708927.jpg
59712426,Arcana Force XV - The Fiend,Fairy,LIGHT,7.0,2500.0,2500.0,https://images.ygoprodeck.com/images/cards_cropped/59712426.jpg
59724555,Dodododwarf Gogogoglove,Rock,EARTH,4.0,0.0,1800.0,https://images.ygoprodeck.com/images/cards_cropped/59724555.jpg
59755122,Dragunity Phalanx,Dragon,WIND,2.0,500.0,1100.0,https://images.ygoprodeck.com/images/cards_cropped/59755122.jpg
59762399,Performapal Odd-Eyes Light Phoenix,Winged Beast,LIGHT,5.0,2000.0,1000.0,https://images.ygoprodeck.com/images/cards_cropped/59762399.jpg
59784896,Dark Zebra,Beast,EARTH,4.0,1800.0,400.0,https://images.ygoprodeck.com/images/cards_cropped/59784896.jpg
59785059,Igknight Champion,Warrior,FIRE,8.0,2800.0,2300.0,https://images.ygoprodeck.com/images/cards_cropped/59785059.jpg
59789370,"Gizmek Arakami, the Hailbringer Hog",Machine,WATER,4.0,1850.0,1850.0,https://images.ygoprodeck.com/images/cards_cropped/59789370.jpg
59793705,Elemental HERO Bladedge,Warrior,EARTH,7.0,2600.0,1800.0,https://images.ygoprodeck.com/images/cards_cropped/59793705.jpg
59797187,Gonogo,Rock,EARTH,3.0,1350.0,1600.0,https://images.ygoprodeck.com/images/cards_cropped/59797187.jpg
59805313,Volcanic Rimfire,Pyro,FIRE,1.0,300.0,0.0,https://images.ygoprodeck.com/images/cards_cropped/59805313.jpg
59808784,Berlineth the Firestorm Vassal,Pyro,FIRE,3.0,800.0,1000.0,https://images.ygoprodeck.com/images/cards_cropped/59808784.jpg
59829423,Lord of the Missing Barrows,Fiend,LIGHT,10.0,3100.0,2900.0,https://images.ygoprodeck.com/images/cards_cropped/59829423.jpg
59834564,Bonfire Colossus,Beast-Warrior,FIRE,8.0,2600.0,2200.0,https://images.ygoprodeck.com/images/cards_cropped/59834564.jpg
59851535,Witchcrafter Potterie,Spellcaster,EARTH,2.0,0.0,2000.0,https://images.ygoprodeck.com/images/cards_cropped/59851535.jpg
59900655,Gold Pride - Nytro Head,Pyro,FIRE,8.0,2300.0,2600.0,https://images.ygoprodeck.com/images/cards_cropped/59900655.jpg
59901153,Phalaenop Sisters,Fairy,WIND,1.0,300.0,300.0,https://images.ygoprodeck.com/images/cards_cropped/59901153.jpg
59907935,Cyber Archfiend,Fiend,DARK,4.0,1000.0,2000.0,https://images.ygoprodeck.com/images/cards_cropped/59907935.jpg
59911557,Gogogo Goram,Rock,EARTH,4.0,2300.0,0.0,https://images.ygoprodeck.com/images/cards_cropped/59911557.jpg
59913418,"Demise, Supreme King of Armageddon",Fiend,DARK,10.0,3000.0,3000.0,https://images.ygoprodeck.com/images/cards_cropped/59913418.jpg
59951714,Majiosheldon,Warrior,WATER,3.0,800.0,2000.0,https://images.ygoprodeck.com/images/cards_cropped/59951714.jpg
59965151,Ghost Gardna,Warrior,DARK,4.0,0.0,1900.0,https://images.ygoprodeck.com/images/cards_cropped/59965151.jpg
59975920,Super Quantum Red Layer,Warrior,FIRE,5.0,2000.0,800.0,https://images.ygoprodeck.com/images/cards_cropped/59975920.jpg
59983499,Dancing Elf,Fairy,WIND,1.0,300.0,200.0,https://images.ygoprodeck.com/images/cards_cropped/59983499.jpg
60023855,Baby Spider,Insect,DARK,3.0,0.0,0.0,https://images.ygoprodeck.com/images/cards_cropped/60023855.jpg
60033398,Ancient Warriors - Fearsome Zhang Yuan,Beast-Warrior,FIRE,6.0,2300.0,2000.0,https://images.ygoprodeck.com/images/cards_cropped/60033398.jpg
60037599,Drytron Gamma Eltanin,Machine,LIGHT,1.0,2000.0,0.0,https://images.ygoprodeck.com/images/cards_cropped/60037599.jpg
60071928,Righty Driver,Machine,EARTH,1.0,100.0,300.0,https://images.ygoprodeck.com/images/cards_cropped/60071928.jpg
60102563,Maji-Gire Panda,Beast,EARTH,4.0,1000.0,800.0,https://images.ygoprodeck.com/images/cards_cropped/60102563.jpg
60145298,Diabellze the White Witch,Illusion,LIGHT,8.0,2500.0,2100.0,https://images.ygoprodeck.com/images/cards_cropped/60145298.jpg
60161788,"Blizzed, Defender of the Ice Barrier",Aqua,WATER,1.0,300.0,500.0,https://images.ygoprodeck.com/images/cards_cropped/60161788.jpg
60187739,Turbo Booster,Machine,EARTH,1.0,0.0,0.0,https://images.ygoprodeck.com/images/cards_cropped/60187739.jpg
60203670,Gold Pride - Eliminator,Machine,EARTH,5.0,1800.0,800.0,https://images.ygoprodeck.com/images/cards_cropped/60203670.jpg
60222213,"Raphion, the Timelord",Fairy,WIND,10.0,0.0,0.0,https://images.ygoprodeck.com/images/cards_cropped/60222213.jpg
60228941,"Snoww, Unlight of Dark World",Fiend,DARK,4.0,1700.0,0.0,https://images.ygoprodeck.com/images/cards_cropped/60228941.jpg
60229110,Granmarg the Rock Monarch,Rock,EARTH,6.0,2400.0,1000.0,https://images.ygoprodeck.com/images/cards_cropped/60229110.jpg
60242223,Bystial Saronir,Dragon,DARK,6.0,2500.0,2000.0,https://images.ygoprodeck.com/images/cards_cropped/60242223.jpg
60246171,Soitsu,Fairy,WIND,3.0,0.0,0.0,https://images.ygoprodeck.com/images/cards_cropped/60246171.jpg
60258960,Legendary Flame Lord,Spellcaster,FIRE,7.0,2400.0,2000.0,https://images.ygoprodeck.com/images/cards_cropped/60258960.jpg
60268386,Heraldic Beast Gryphon,Winged Beast,WIND,4.0,1600.0,1000.0,https://images.ygoprodeck.com/images/cards_cropped/60268386.jpg
60283232,Wheel Synchron,Machine,LIGHT,5.0,800.0,1000.0,https://images.ygoprodeck.com/images/cards_cropped/60283232.jpg
60303688,"Dogmatika Ecclesia, the Virtuous",Spellcaster,LIGHT,4.0,1500.0,1500.0,https://images.ygoprodeck.com/images/cards_cropped/60303688.jpg
60316373,Heraldic Beast Aberconway,Dragon,WIND,4.0,1800.0,900.0,https://images.ygoprodeck.com/images/cards_cropped/60316373.jpg
60349525,Cracking Dragon,Machine,DARK,8.0,3000.0,0.0,https://images.ygoprodeck.com/images/cards_cropped/60349525.jpg
60410769,Jutte Fighter,Warrior,EARTH,2.0,700.0,900.0,https://images.ygoprodeck.com/images/cards_cropped/60410769.jpg
60411677,Anubis the Last Judge,Fiend,EARTH,10.0,3000.0,0.0,https://images.ygoprodeck.com/images/cards_cropped/60411677.jpg
60417395,Darkness Neosphere,Fiend,DARK,10.0,4000.0,4000.0,https://images.ygoprodeck.com/images/cards_cropped/60417395.jpg
60434101,Fabled Gallabas,Fiend,LIGHT,4.0,1500.0,800.0,https://images.ygoprodeck.com/images/cards_cropped/60434101.jpg
60461077,Gouki Riscorpio,Warrior,EARTH,5.0,2300.0,0.0,https://images.ygoprodeck.com/images/cards_cropped/60461077.jpg
60473572,Metalfoes Steelen,Psychic,FIRE,2.0,0.0,2100.0,https://images.ygoprodeck.com/images/cards_cropped/60473572.jpg
60482781,Mystic Swordsman LV6,Warrior,EARTH,6.0,2300.0,1700.0,https://images.ygoprodeck.com/images/cards_cropped/60482781.jpg
60508057,Raidraptor - Napalm Dragonius,Winged Beast,DARK,4.0,1000.0,1000.0,https://images.ygoprodeck.com/images/cards_cropped/60508057.jpg
60549248,Batteryman 9-Volt,Thunder,LIGHT,4.0,1000.0,1000.0,https://images.ygoprodeck.com/images/cards_cropped/60549248.jpg
60551528,Infernoid Pirmais,Fiend,FIRE,1.0,0.0,0.0,https://images.ygoprodeck.com/images/cards_cropped/60551528.jpg
60589682,Twin Long Rods #1,Aqua,WATER,3.0,900.0,700.0,https://images.ygoprodeck.com/images/cards_cropped/60589682.jpg
60606759,"Renge, Gatekeeper of Dark World",Fiend,DARK,4.0,100.0,2100.0,https://images.ygoprodeck.com/images/cards_cropped/60606759.jpg
60643553,Ghost Sister & Spooky Dogwood,Zombie,WATER,3.0,0.0,1800.0,https://images.ygoprodeck.com/images/cards_cropped/60643553.jpg
60666820,Nefarious Archfiend Eater of Nefariousness,Beast,EARTH,4.0,1500.0,200.0,https://images.ygoprodeck.com/images/cards_cropped/60666820.jpg
60668166,Naturia Cherries,Plant,EARTH,1.0,200.0,200.0,https://images.ygoprodeck.com/images/cards_cropped/60668166.jpg
60681103,Divine Dragon Lord Felgrand,Dragon,LIGHT,8.0,2800.0,2800.0,https://images.ygoprodeck.com/images/cards_cropped/60681103.jpg
60681372,Nurikabe,Zombie,EARTH,4.0,900.0,2000.0,https://images.ygoprodeck.com/images/cards_cropped/60681372.jpg
60694662,Skelengel,Fairy,LIGHT,2.0,900.0,400.0,https://images.ygoprodeck.com/images/cards_cropped/60694662.jpg
60700283,Tellarknight Cygnian,Warrior,LIGHT,4.0,1500.0,1000.0,https://images.ygoprodeck.com/images/cards_cropped/60700283.jpg
60715406,Tentacle Plant,Plant,WATER,2.0,500.0,600.0,https://images.ygoprodeck.com/images/cards_cropped/60715406.jpg
60741115,Damage Eater,Fiend,DARK,2.0,100.0,800.0,https://images.ygoprodeck.com/images/cards_cropped/60741115.jpg
60764609,Fiendsmith Engraver,Fiend,LIGHT,6.0,1800.0,2400.0,https://images.ygoprodeck.com/images/cards_cropped/60764609.jpg
60802233,Kuwagata α,Insect,EARTH,4.0,1250.0,1000.0,https://images.ygoprodeck.com/images/cards_cropped/60802233.jpg
60806437,UFO Turtle,Machine,FIRE,4.0,1400.0,1200.0,https://images.ygoprodeck.com/images/cards_cropped/60806437.jpg
60811211,Emptiness Devouring Xenovader△ Jahannam,Psychic,DARK,8.0,3000.0,2400.0,https://images.ygoprodeck.com/images/cards_cropped/60811211.jpg
60822251,Kaiki the Unity Star,Warrior,LIGHT,5.0,1000.0,2100.0,https://images.ygoprodeck.com/images/cards_cropped/60822251.jpg
60823690,Shinobaron Shade Peacock,Winged Beast,WIND,4.0,2000.0,1500.0,https://images.ygoprodeck.com/images/cards_cropped/60823690.jpg
60832978,Double Resonator,Fiend,FIRE,1.0,0.0,0.0,https://images.ygoprodeck.com/images/cards_cropped/60832978.jpg
60862676,Flame Cerebrus,Pyro,FIRE,6.0,2100.0,1800.0,https://images.ygoprodeck.com/images/cards_cropped/60862676.jpg
60880471,Hellebore the Rikka Fairy,Plant,WATER,8.0,2600.0,1200.0,https://images.ygoprodeck.com/images/cards_cropped/60880471.jpg
60942444,Tenyi Spirit - Mapura,Wyrm,FIRE,4.0,600.0,1500.0,https://images.ygoprodeck.com/images/cards_cropped/60942444.jpg
60946049,Artmage Graflare,Dragon,LIGHT,5.0,2100.0,1500.0,https://images.ygoprodeck.com/images/cards_cropped/60946049.jpg
60948488,Chronicle Magician,Spellcaster,DARK,7.0,2500.0,2500.0,https://images.ygoprodeck.com/images/cards_cropped/60948488.jpg
60950180,Raidraptor - Sharp Lanius,Winged Beast,DARK,4.0,1700.0,1000.0,https://images.ygoprodeck.com/images/cards_cropped/60950180.jpg
60953118,Arcana Force XIV - Temperance,Fairy,LIGHT,6.0,2400.0,2400.0,https://images.ygoprodeck.com/images/cards_cropped/60953118.jpg
60953949,Ancient Gear Box,Machine,EARTH,4.0,500.0,2000.0,https://images.ygoprodeck.com/images/cards_cropped/60953949.jpg
60954556,Lyrilusc - Sapphire Swallow,Winged Beast,WIND,1.0,100.0,0.0,https://images.ygoprodeck.com/images/cards_cropped/60954556.jpg
60990740,Absolute King Back Jack,Fiend,DARK,1.0,0.0,0.0,https://images.ygoprodeck.com/images/cards_cropped/60990740.jpg
60999392,Machina Soldier,Machine,EARTH,4.0,1600.0,1500.0,https://images.ygoprodeck.com/images/cards_cropped/60999392.jpg
61011438,Brilliant Rose,Rock,LIGHT,2.0,500.0,500.0,https://images.ygoprodeck.com/images/cards_cropped/61011438.jpg
61019812,Red Duston,Fiend,FIRE,1.0,0.0,1000.0,https://images.ygoprodeck.com/images/cards_cropped/61019812.jpg
61027400,Gunkan Suship Ikura,Aqua,FIRE,4.0,200.0,300.0,https://images.ygoprodeck.com/images/cards_cropped/61027400.jpg
61033809,Sky Thunder Xenovader△ Yomi,Psychic,LIGHT,5.0,1000.0,2500.0,https://images.ygoprodeck.com/images/cards_cropped/61033809.jpg
61049315,Naturia Rosewhip,Plant,EARTH,3.0,400.0,1700.0,https://images.ygoprodeck.com/images/cards_cropped/61049315.jpg
61052897,R-Genex Turing,Spellcaster,DARK,2.0,600.0,600.0,https://images.ygoprodeck.com/images/cards_cropped/61052897.jpg
61089209,Myutant Mist,Spellcaster,WIND,8.0,2700.0,2900.0,https://images.ygoprodeck.com/images/cards_cropped/61089209.jpg
61103515,"Ghost Wyvern, the Underworld Dragon",Zombie,DARK,4.0,1700.0,0.0,https://images.ygoprodeck.com/images/cards_cropped/61103515.jpg
61116514,Palm Ryzeal,Thunder,FIRE,4.0,1200.0,2400.0,https://images.ygoprodeck.com/images/cards_cropped/61116514.jpg
61132951,Heroic Challenger - Night Watchman,Warrior,EARTH,4.0,1200.0,300.0,https://images.ygoprodeck.com/images/cards_cropped/61132951.jpg
61151074,Sky Striker Mecha - Adil Saber,Machine,WIND,7.0,1500.0,1500.0,https://images.ygoprodeck.com/images/cards_cropped/61151074.jpg
61156777,BOXer,Warrior,EARTH,4.0,1800.0,1000.0,https://images.ygoprodeck.com/images/cards_cropped/61156777.jpg
61160289,"Amunessia, the Ogdoadic Queen",Reptile,DARK,8.0,2700.0,2100.0,https://images.ygoprodeck.com/images/cards_cropped/61160289.jpg
61168637,Linkslayer @Ignister,Cyberse,DARK,5.0,2000.0,600.0,https://images.ygoprodeck.com/images/cards_cropped/61168637.jpg
61173621,Edge Imp Chain,Fiend,DARK,4.0,1200.0,1800.0,https://images.ygoprodeck.com/images/cards_cropped/61173621.jpg
61175706,Arcana Force IV - The Emperor,Fairy,LIGHT,4.0,1400.0,1400.0,https://images.ygoprodeck.com/images/cards_cropped/61175706.jpg
61190918,Toon Buster Blader,Warrior,EARTH,7.0,2600.0,2300.0,https://images.ygoprodeck.com/images/cards_cropped/61190918.jpg
61201220,Phantom Ghost,Zombie,DARK,2.0,600.0,800.0,https://images.ygoprodeck.com/images/cards_cropped/61201220.jpg
61231400,Pyrotech Mech - Shiryu,Pyro,FIRE,8.0,2900.0,1800.0,https://images.ygoprodeck.com/images/cards_cropped/61231400.jpg
61245403,Cattycorn,Plant,EARTH,4.0,1500.0,500.0,https://images.ygoprodeck.com/images/cards_cropped/61245403.jpg
61254509,Tripod Fish,Fish,WATER,3.0,300.0,1300.0,https://images.ygoprodeck.com/images/cards_cropped/61254509.jpg
61257789,Stardust Dragon/Assault Mode,Dragon,WIND,10.0,3000.0,2500.0,https://images.ygoprodeck.com/images/cards_cropped/61257789.jpg
61269611,Dinowrestler Iguanodraka,Dinosaur,EARTH,6.0,2000.0,0.0,https://images.ygoprodeck.com/images/cards_cropped/61269611.jpg
61283655,Trickstar Candina,Fairy,LIGHT,4.0,1800.0,400.0,https://images.ygoprodeck.com/images/cards_cropped/61283655.jpg
61318483,Ghostrick Jackfrost,Fiend,DARK,1.0,800.0,100.0,https://images.ygoprodeck.com/images/cards_cropped/61318483.jpg
61320914,Vision HERO Minimum Ray,Warrior,DARK,3.0,1200.0,700.0,https://images.ygoprodeck.com/images/cards_cropped/61320914.jpg
61370518,Skull Archfiend of Lightning,Fiend,DARK,6.0,2500.0,1200.0,https://images.ygoprodeck.com/images/cards_cropped/61370518.jpg
61380658,Watthopper,Thunder,LIGHT,1.0,0.0,0.0,https://images.ygoprodeck.com/images/cards_cropped/61380658.jpg
61391302,Odd-Eyes Advance Dragon,Dragon,DARK,8.0,3000.0,2500.0,https://images.ygoprodeck.com/images/cards_cropped/61391302.jpg
61441708,Sacred Phoenix of Nephthys,Winged Beast,FIRE,8.0,2400.0,1600.0,https://images.ygoprodeck.com/images/cards_cropped/61441708.jpg
61454890,Necrolancer the Time-lord,Spellcaster,DARK,3.0,800.0,900.0,https://images.ygoprodeck.com/images/cards_cropped/61454890.jpg
61465001,Loud Cloud the Storm Serpent,Reptile,WATER,5.0,0.0,2000.0,https://images.ygoprodeck.com/images/cards_cropped/61465001.jpg
61468779,Grandsoil the Elemental Lord,Beast-Warrior,EARTH,8.0,2800.0,2200.0,https://images.ygoprodeck.com/images/cards_cropped/61468779.jpg
61472381,Brotherhood of the Fire Fist - Eland,Beast-Warrior,FIRE,6.0,2400.0,2000.0,https://images.ygoprodeck.com/images/cards_cropped/61472381.jpg
61480937,Regulus the Fairy Beast,Beast,LIGHT,4.0,1700.0,1000.0,https://images.ygoprodeck.com/images/cards_cropped/61480937.jpg
61488417,"Chiwen, Light of the Yang Zing",Wyrm,LIGHT,1.0,0.0,0.0,https://images.ygoprodeck.com/images/cards_cropped/61488417.jpg
61496006,Abyss Shark,Fish,WATER,5.0,1200.0,700.0,https://images.ygoprodeck.com/images/cards_cropped/61496006.jpg
61505339,The Creator,Thunder,LIGHT,8.0,2300.0,3000.0,https://images.ygoprodeck.com/images/cards_cropped/61505339.jpg
61525276,"Curse of Dragon, the Cursed Dragon",Dragon,DARK,5.0,2000.0,1500.0,https://images.ygoprodeck.com/images/cards_cropped/61525276.jpg
61528025,Banisher of the Light,Fairy,LIGHT,3.0,100.0,2000.0,https://images.ygoprodeck.com/images/cards_cropped/61528025.jpg
61538782,Truckroid,Machine,EARTH,4.0,1000.0,2000.0,https://images.ygoprodeck.com/images/cards_cropped/61538782.jpg
61587183,Dark Scorpion - Chick the Yellow,Warrior,DARK,3.0,1000.0,1000.0,https://images.ygoprodeck.com/images/cards_cropped/61587183.jpg
61632317,Sinister Sprocket,Fiend,DARK,1.0,400.0,0.0,https://images.ygoprodeck.com/images/cards_cropped/61632317.jpg
61639289,Igknight Crusader,Warrior,FIRE,3.0,1600.0,300.0,https://images.ygoprodeck.com/images/cards_cropped/61639289.jpg
61677004,Predaplant Darlingtonia Cobra,Plant,DARK,3.0,1000.0,1500.0,https://images.ygoprodeck.com/images/cards_cropped/61677004.jpg
61679541,Battlin' Boxer Rabbit Puncher,Warrior,FIRE,3.0,800.0,1000.0,https://images.ygoprodeck.com/images/cards_cropped/61679541.jpg
61681816,Propa Gandake,Psychic,EARTH,3.0,500.0,2000.0,https://images.ygoprodeck.com/images/cards_cropped/61681816.jpg
61692648,Lionhearted Locomotive,Machine,EARTH,4.0,2400.0,2100.0,https://images.ygoprodeck.com/images/cards_cropped/61692648.jpg
61737116,Elder of the Six Samurai,Warrior,EARTH,3.0,400.0,0.0,https://images.ygoprodeck.com/images/cards_cropped/61737116.jpg
61757117,Divine Grace - Northwemko,Spellcaster,LIGHT,7.0,2700.0,1200.0,https://images.ygoprodeck.com/images/cards_cropped/61757117.jpg
61764082,Dinowrestler Rambrachio,Dinosaur,EARTH,5.0,1600.0,0.0,https://images.ygoprodeck.com/images/cards_cropped/61764082.jpg
61777313,Vanadis of the Nordic Ascendant,Fairy,DARK,4.0,1200.0,400.0,https://images.ygoprodeck.com/images/cards_cropped/61777313.jpg
61791132,Malicevorous Fork,Fiend,DARK,2.0,400.0,400.0,https://images.ygoprodeck.com/images/cards_cropped/61791132.jpg
61802346,Blizzard Dragon,Dragon,WATER,4.0,1800.0,1000.0,https://images.ygoprodeck.com/images/cards_cropped/61802346.jpg
61807040,Flelf,Spellcaster,WIND,2.0,800.0,1300.0,https://images.ygoprodeck.com/images/cards_cropped/61807040.jpg
61831093,Greenkappa,Warrior,DARK,3.0,650.0,900.0,https://images.ygoprodeck.com/images/cards_cropped/61831093.jpg
61845881,Minairuka,Fish,WATER,4.0,1500.0,500.0,https://images.ygoprodeck.com/images/cards_cropped/61845881.jpg
61864793,Earthquake Giant,Rock,EARTH,5.0,1600.0,2100.0,https://images.ygoprodeck.com/images/cards_cropped/61864793.jpg
61901281,Black Dragon Collapserpent,Dragon,DARK,4.0,1800.0,1700.0,https://images.ygoprodeck.com/images/cards_cropped/61901281.jpg
61912252,Infinitrack Trencher,Machine,EARTH,5.0,500.0,2400.0,https://images.ygoprodeck.com/images/cards_cropped/61912252.jpg
61980241,Elzette of the White Forest,Spellcaster,LIGHT,2.0,0.0,0.0,https://images.ygoprodeck.com/images/cards_cropped/61980241.jpg
62002838,Dark End Evaporation Dragon,Dragon,DARK,8.0,2600.0,2100.0,https://images.ygoprodeck.com/images/cards_cropped/62002838.jpg
62006866,Zubababa Knight,Warrior,EARTH,3.0,1600.0,900.0,https://images.ygoprodeck.com/images/cards_cropped/62006866.jpg
62007535,Steelswarm Longhorn,Fiend,DARK,9.0,3000.0,0.0,https://images.ygoprodeck.com/images/cards_cropped/62007535.jpg
62015408,Ghost Reaper & Winter Cherries,Zombie,DARK,3.0,0.0,1800.0,https://images.ygoprodeck.com/images/cards_cropped/62015408.jpg
62017867,Superheavy Samurai Gigagloves,Machine,EARTH,3.0,100.0,1000.0,https://images.ygoprodeck.com/images/cards_cropped/62017867.jpg
62023839,Fishborg Archer,Fish,WATER,3.0,300.0,300.0,https://images.ygoprodeck.com/images/cards_cropped/62023839.jpg
62034800,Infinitrack Anchor Drill,Machine,EARTH,4.0,1800.0,500.0,https://images.ygoprodeck.com/images/cards_cropped/62034800.jpg
62038047,Shiranui Smith,Zombie,FIRE,4.0,1000.0,0.0,https://images.ygoprodeck.com/images/cards_cropped/62038047.jpg
62054060,Sage of Stillness,Spellcaster,LIGHT,4.0,1400.0,1000.0,https://images.ygoprodeck.com/images/cards_cropped/62054060.jpg
62076252,Test Bear,Beast,EARTH,4.0,900.0,600.0,https://images.ygoprodeck.com/images/cards_cropped/62076252.jpg
62098216,Evil★Twins Ki-sikil & Lil-la,Fiend,DARK,8.0,2200.0,2200.0,https://images.ygoprodeck.com/images/cards_cropped/62098216.jpg
62107612,Dimension Wanderer,Spellcaster,LIGHT,1.0,0.0,0.0,https://images.ygoprodeck.com/images/cards_cropped/62107612.jpg
62107981,Elemental HERO Knospe,Plant,EARTH,3.0,600.0,1000.0,https://images.ygoprodeck.com/images/cards_cropped/62107981.jpg
62113340,Divine Dragon Ragnarok,Dragon,LIGHT,4.0,1500.0,1000.0,https://images.ygoprodeck.com/images/cards_cropped/62113340.jpg
62125438,Synchron Carrier,Machine,EARTH,2.0,0.0,1000.0,https://images.ygoprodeck.com/images/cards_cropped/62125438.jpg
62133026,Vernusylph of the Flowering Fields,Fairy,EARTH,3.0,600.0,1600.0,https://images.ygoprodeck.com/images/cards_cropped/62133026.jpg
62154416,Frequency Magician,Spellcaster,LIGHT,2.0,800.0,400.0,https://images.ygoprodeck.com/images/cards_cropped/62154416.jpg
62156277,Spearhead of the Ashened City,Pyro,DARK,4.0,1700.0,100.0,https://images.ygoprodeck.com/images/cards_cropped/62156277.jpg
62180201,The Wicked Dreadroot,Fiend,DARK,10.0,4000.0,4000.0,https://images.ygoprodeck.com/images/cards_cropped/62180201.jpg
62193699,Rock Ogre Grotto #2,Rock,EARTH,3.0,700.0,1400.0,https://images.ygoprodeck.com/images/cards_cropped/62193699.jpg
62201847,Myutant M-05,Psychic,WATER,2.0,0.0,500.0,https://images.ygoprodeck.com/images/cards_cropped/62201847.jpg
62210247,Lunar Queen Elzaim,Fairy,LIGHT,3.0,750.0,1100.0,https://images.ygoprodeck.com/images/cards_cropped/62210247.jpg
62306203,Salvagent Driver,Cyberse,LIGHT,6.0,2200.0,2100.0,https://images.ygoprodeck.com/images/cards_cropped/62306203.jpg
62312469,Dark Doriado,Spellcaster,DARK,4.0,1800.0,1400.0,https://images.ygoprodeck.com/images/cards_cropped/62312469.jpg
62315111,Alien Hunter,Reptile,WATER,4.0,1600.0,800.0,https://images.ygoprodeck.com/images/cards_cropped/62315111.jpg
62318994,Samsara D Lotus,Fiend,DARK,1.0,0.0,0.0,https://images.ygoprodeck.com/images/cards_cropped/62318994.jpg
62320425,Agido the Ancient Sentinel,Fairy,EARTH,4.0,1500.0,1300.0,https://images.ygoprodeck.com/images/cards_cropped/62320425.jpg
62327910,Mighty Guard,Machine,EARTH,4.0,500.0,1200.0,https://images.ygoprodeck.com/images/cards_cropped/62327910.jpg
62337487,Fortress Whale,Fish,WATER,7.0,2350.0,2150.0,https://images.ygoprodeck.com/images/cards_cropped/62337487.jpg
62340868,Kazejin,Spellcaster,WIND,7.0,2400.0,2200.0,https://images.ygoprodeck.com/images/cards_cropped/62340868.jpg
62368221,Ars Magna of Purification and Corruption,Dragon,WIND,8.0,1000.0,2100.0,https://images.ygoprodeck.com/images/cards_cropped/62368221.jpg
62379337,Violet Witch,Spellcaster,DARK,4.0,1100.0,1200.0,https://images.ygoprodeck.com/images/cards_cropped/62379337.jpg
62383431,"Keurse, the Ogdoadic Light",Reptile,LIGHT,8.0,400.0,2400.0,https://images.ygoprodeck.com/images/cards_cropped/62383431.jpg
62393472,"Phantasos, the Dream Mirror Friend",Beast-Warrior,LIGHT,4.0,900.0,1900.0,https://images.ygoprodeck.com/images/cards_cropped/62393472.jpg
62397231,Hyozanryu,Dragon,LIGHT,7.0,2100.0,2800.0,https://images.ygoprodeck.com/images/cards_cropped/62397231.jpg
62403074,Rhaimundos of the Red Sword,Warrior,EARTH,4.0,1200.0,1300.0,https://images.ygoprodeck.com/images/cards_cropped/62403074.jpg
62405028,"Nauya, the Ogdoadic Remnant",Reptile,DARK,4.0,0.0,2000.0,https://images.ygoprodeck.com/images/cards_cropped/62405028.jpg
62411042,Ibicella Lutea,Plant,EARTH,4.0,1800.0,100.0,https://images.ygoprodeck.com/images/cards_cropped/62411042.jpg
62411811,Shadow Ghoul of the Labyrinth,Zombie,DARK,5.0,1600.0,1300.0,https://images.ygoprodeck.com/images/cards_cropped/62411811.jpg
62420419,Reshef the Dark Being,Fiend,LIGHT,8.0,2500.0,1500.0,https://images.ygoprodeck.com/images/cards_cropped/62420419.jpg
62434031,Sylvan Flowerknight,Plant,EARTH,4.0,1800.0,1000.0,https://images.ygoprodeck.com/images/cards_cropped/62434031.jpg
62437709,Alien Grey,Reptile,LIGHT,2.0,300.0,800.0,https://images.ygoprodeck.com/images/cards_cropped/62437709.jpg
62473983,Gravekeeper's Chief,Spellcaster,DARK,5.0,1900.0,1200.0,https://images.ygoprodeck.com/images/cards_cropped/62473983.jpg
62476197,Achacha Chanbara,Warrior,FIRE,3.0,1400.0,400.0,https://images.ygoprodeck.com/images/cards_cropped/62476197.jpg
62476815,Gogogo Golem,Rock,EARTH,4.0,1800.0,1500.0,https://images.ygoprodeck.com/images/cards_cropped/62476815.jpg
62503746,Senko the Skybolt Star,Warrior,LIGHT,7.0,2400.0,0.0,https://images.ygoprodeck.com/images/cards_cropped/62503746.jpg
62514770,Labradorite Dragon,Dragon,DARK,6.0,0.0,2400.0,https://images.ygoprodeck.com/images/cards_cropped/62514770.jpg
62542673,Destiny HERO - Doom Overlord,Warrior,DARK,3.0,600.0,800.0,https://images.ygoprodeck.com/images/cards_cropped/62542673.jpg
62543393,Lekunga,Plant,WATER,4.0,1700.0,500.0,https://images.ygoprodeck.com/images/cards_cropped/62543393.jpg
62587693,Deus X-Krawler,Insect,EARTH,9.0,2000.0,3000.0,https://images.ygoprodeck.com/images/cards_cropped/62587693.jpg
62606805,Mind Procedure,Psychic,LIGHT,3.0,1100.0,1100.0,https://images.ygoprodeck.com/images/cards_cropped/62606805.jpg
62651957,X-Head Cannon,Machine,LIGHT,4.0,1800.0,1500.0,https://images.ygoprodeck.com/images/cards_cropped/62651957.jpg
62671448,Toad Master,Aqua,WATER,3.0,1000.0,1000.0,https://images.ygoprodeck.com/images/cards_cropped/62671448.jpg
62694833,Brotherhood of the Fire Fist - Ram,Beast-Warrior,FIRE,3.0,800.0,200.0,https://images.ygoprodeck.com/images/cards_cropped/62694833.jpg
62701967,Jurrac Tyrannus,Dinosaur,FIRE,7.0,2500.0,1400.0,https://images.ygoprodeck.com/images/cards_cropped/62701967.jpg
62706865,Draconnet,Cyberse,DARK,3.0,1400.0,1200.0,https://images.ygoprodeck.com/images/cards_cropped/62706865.jpg
62729173,Steelswarm Genome,Fiend,DARK,2.0,1000.0,0.0,https://images.ygoprodeck.com/images/cards_cropped/62729173.jpg
62742651,Armored Axon Kicker,Psychic,EARTH,6.0,2200.0,1800.0,https://images.ygoprodeck.com/images/cards_cropped/62742651.jpg
62762898,Parrot Dragon,Dragon,WIND,5.0,2000.0,1300.0,https://images.ygoprodeck.com/images/cards_cropped/62762898.jpg
62782218,Skull Conductor,Zombie,DARK,4.0,2000.0,0.0,https://images.ygoprodeck.com/images/cards_cropped/62782218.jpg
62793020,Mystery Hand,Fiend,DARK,2.0,500.0,500.0,https://images.ygoprodeck.com/images/cards_cropped/62793020.jpg
62803464,Aussa the Earth Channeler,Spellcaster,EARTH,5.0,1850.0,1500.0,https://images.ygoprodeck.com/images/cards_cropped/62803464.jpg
62849088,The Iris Swordsoul,Spellcaster,LIGHT,8.0,2500.0,2500.0,https://images.ygoprodeck.com/images/cards_cropped/62849088.jpg
62850093,Cataclysmic Circumpolar Chilblainia,Fairy,WATER,8.0,2600.0,200.0,https://images.ygoprodeck.com/images/cards_cropped/62850093.jpg
62880279,Dodododo Warrior,Warrior,EARTH,6.0,2300.0,900.0,https://images.ygoprodeck.com/images/cards_cropped/62880279.jpg
62886670,Marincess Sea Star,Cyberse,WATER,2.0,800.0,400.0,https://images.ygoprodeck.com/images/cards_cropped/62886670.jpg
62892347,Arcana Force 0 - The Fool,Fairy,LIGHT,1.0,0.0,0.0,https://images.ygoprodeck.com/images/cards_cropped/62892347.jpg
62893810,Dicelops,Machine,FIRE,4.0,1800.0,200.0,https://images.ygoprodeck.com/images/cards_cropped/62893810.jpg
62895219,Soprano the Melodious Songstress,Fairy,LIGHT,4.0,1400.0,1400.0,https://images.ygoprodeck.com/images/cards_cropped/62895219.jpg
62899696,Speedroid Maliciousmagnet,Machine,WIND,1.0,0.0,0.0,https://images.ygoprodeck.com/images/cards_cropped/62899696.jpg
62950604,Silent Psychic Wizard,Psychic,EARTH,4.0,1900.0,0.0,https://images.ygoprodeck.com/images/cards_cropped/62950604.jpg
62953041,Inari Fire,Pyro,FIRE,4.0,1500.0,200.0,https://images.ygoprodeck.com/images/cards_cropped/62953041.jpg
62957424,"Libic, Malebranche of the Burning Abyss",Fiend,DARK,3.0,1300.0,700.0,https://images.ygoprodeck.com/images/cards_cropped/62957424.jpg
62962630,Aluber the Jester of Despia,Fairy,DARK,4.0,1800.0,0.0,https://images.ygoprodeck.com/images/cards_cropped/62962630.jpg
62968263,Galaxy-Eyes Afterglow Dragon,Dragon,LIGHT,8.0,3000.0,2500.0,https://images.ygoprodeck.com/images/cards_cropped/62968263.jpg
62991792,Soul Resonator,Fiend,FIRE,3.0,500.0,200.0,https://images.ygoprodeck.com/images/cards_cropped/62991792.jpg
63009228,Rescue Interlacer,Cyberse,LIGHT,3.0,1000.0,1200.0,https://images.ygoprodeck.com/images/cards_cropped/63009228.jpg
63012333,Soul-Absorbing Bone Tower,Zombie,DARK,3.0,400.0,1500.0,https://images.ygoprodeck.com/images/cards_cropped/63012333.jpg
63014935,Volcanic Queen,Pyro,FIRE,6.0,2500.0,1200.0,https://images.ygoprodeck.com/images/cards_cropped/63014935.jpg
63018132,Dragon Manipulator,Warrior,EARTH,3.0,700.0,800.0,https://images.ygoprodeck.com/images/cards_cropped/63018132.jpg
63028558,Anotherverse Solaria,Pyro,FIRE,8.0,2500.0,2000.0,https://images.ygoprodeck.com/images/cards_cropped/63028558.jpg
63056220,Megalith Ophiel,Rock,EARTH,4.0,1600.0,2500.0,https://images.ygoprodeck.com/images/cards_cropped/63056220.jpg
63060238,Elemental HERO Blazeman,Warrior,FIRE,4.0,1200.0,1800.0,https://images.ygoprodeck.com/images/cards_cropped/63060238.jpg
63092423,Linkbelt Wall Dragon,Dragon,EARTH,6.0,0.0,2100.0,https://images.ygoprodeck.com/images/cards_cropped/63092423.jpg
63120904,Orca Mega-Fortress of Darkness,Sea Serpent,WATER,5.0,2100.0,1200.0,https://images.ygoprodeck.com/images/cards_cropped/63120904.jpg
63125616,The Shadow Who Controls the Dark,Fiend,DARK,3.0,800.0,700.0,https://images.ygoprodeck.com/images/cards_cropped/63125616.jpg
63142001,Batteryman AA,Thunder,LIGHT,3.0,0.0,0.0,https://images.ygoprodeck.com/images/cards_cropped/63142001.jpg
63162310,Wall Shadow,Warrior,DARK,7.0,1600.0,3000.0,https://images.ygoprodeck.com/images/cards_cropped/63162310.jpg
63175639,Fool of Prophecy,Spellcaster,EARTH,3.0,1600.0,900.0,https://images.ygoprodeck.com/images/cards_cropped/63175639.jpg
63176202,Great Shogun Shien,Warrior,FIRE,7.0,2500.0,2400.0,https://images.ygoprodeck.com/images/cards_cropped/63176202.jpg
63184227,Stardust Trail,Dragon,LIGHT,4.0,500.0,2000.0,https://images.ygoprodeck.com/images/cards_cropped/63184227.jpg
63193879,Saber Shark,Fish,WATER,4.0,1600.0,1200.0,https://images.ygoprodeck.com/images/cards_cropped/63193879.jpg
63198739,Primite Dragon Ether Beryl,Dragon,EARTH,4.0,1600.0,0.0,https://images.ygoprodeck.com/images/cards_cropped/63198739.jpg
63211608,Genex Ally Reliever,Machine,DARK,5.0,2200.0,1000.0,https://images.ygoprodeck.com/images/cards_cropped/63211608.jpg
63223260,Photon Satellite,Machine,LIGHT,1.0,0.0,0.0,https://images.ygoprodeck.com/images/cards_cropped/63223260.jpg
63223467,Rai-Mei,Thunder,LIGHT,3.0,1400.0,1200.0,https://images.ygoprodeck.com/images/cards_cropped/63223467.jpg
63233638,Megalith Phaleg,Rock,EARTH,8.0,2500.0,1200.0,https://images.ygoprodeck.com/images/cards_cropped/63233638.jpg
63251695,Dinomist Rex,Machine,WATER,5.0,2400.0,2200.0,https://images.ygoprodeck.com/images/cards_cropped/63251695.jpg
63253763,Alien Overlord,Reptile,DARK,6.0,2200.0,1600.0,https://images.ygoprodeck.com/images/cards_cropped/63253763.jpg
63257623,Sylvan Peaskeeper,Plant,WIND,1.0,400.0,100.0,https://images.ygoprodeck.com/images/cards_cropped/63257623.jpg
63259351,Miracle Jurassic Egg,Dinosaur,EARTH,4.0,0.0,2000.0,https://images.ygoprodeck.com/images/cards_cropped/63259351.jpg
63274863,Satellarknight Sirius,Warrior,LIGHT,4.0,1600.0,900.0,https://images.ygoprodeck.com/images/cards_cropped/63274863.jpg
63308047,Terra the Terrible,Fiend,DARK,4.0,1200.0,1300.0,https://images.ygoprodeck.com/images/cards_cropped/63308047.jpg
63362460,Destiny HERO - Celestial,Warrior,DARK,4.0,1600.0,1400.0,https://images.ygoprodeck.com/images/cards_cropped/63362460.jpg
63378869,Aiza the Dragoness of Deranged Devotion,Dragon,FIRE,4.0,1500.0,0.0,https://images.ygoprodeck.com/images/cards_cropped/63378869.jpg
63432835,Stone Armadiller,Rock,EARTH,3.0,800.0,1200.0,https://images.ygoprodeck.com/images/cards_cropped/63432835.jpg
63468625,Meklord Astro Mekanikle,Machine,LIGHT,12.0,4000.0,4000.0,https://images.ygoprodeck.com/images/cards_cropped/63468625.jpg
63481713,Fiendish Vortex of Atlantis,Sea Serpent,WATER,4.0,1400.0,1800.0,https://images.ygoprodeck.com/images/cards_cropped/63481713.jpg
63487632,Dragunity Arma Leyvaten,Dragon,WIND,8.0,2600.0,1200.0,https://images.ygoprodeck.com/images/cards_cropped/63487632.jpg
63515678,Mystical Capture Chain,Fairy,LIGHT,2.0,700.0,700.0,https://images.ygoprodeck.com/images/cards_cropped/63515678.jpg
63526052,Krawler Soma,Insect,EARTH,6.0,2000.0,2500.0,https://images.ygoprodeck.com/images/cards_cropped/63526052.jpg
63528891,Backup Secretary,Cyberse,LIGHT,3.0,1200.0,800.0,https://images.ygoprodeck.com/images/cards_cropped/63528891.jpg
63542003,Keldo the Sacred Protector,Fairy,EARTH,4.0,1200.0,1600.0,https://images.ygoprodeck.com/images/cards_cropped/63542003.jpg
63545455,Mech Mole Zombie,Zombie,DARK,2.0,500.0,400.0,https://images.ygoprodeck.com/images/cards_cropped/63545455.jpg
63633694,"Gizmek Kaku, the Supreme Shining Sky Stag",Machine,FIRE,9.0,2750.0,2750.0,https://images.ygoprodeck.com/images/cards_cropped/63633694.jpg
63665875,Goblin Zombie,Zombie,DARK,4.0,1100.0,1050.0,https://images.ygoprodeck.com/images/cards_cropped/63665875.jpg
63676256,Buster Blaster,Machine,EARTH,1.0,0.0,0.0,https://images.ygoprodeck.com/images/cards_cropped/63676256.jpg
63695531,Gravekeeper's Spear Soldier,Spellcaster,DARK,4.0,1500.0,1000.0,https://images.ygoprodeck.com/images/cards_cropped/63695531.jpg
63737050,Ryu Okami,Wyrm,LIGHT,8.0,2900.0,1200.0,https://images.ygoprodeck.com/images/cards_cropped/63737050.jpg
63748694,Gunkan Suship Shari Red,Aqua,FIRE,4.0,0.0,2000.0,https://images.ygoprodeck.com/images/cards_cropped/63748694.jpg
63749102,Exarion Universe,Beast-Warrior,DARK,4.0,1800.0,1900.0,https://images.ygoprodeck.com/images/cards_cropped/63749102.jpg
63804806,Supersonic Skull Flame,Zombie,WIND,10.0,2600.0,2000.0,https://images.ygoprodeck.com/images/cards_cropped/63804806.jpg
63821877,The Phantom Knights of Ragged Gloves,Warrior,DARK,3.0,1000.0,500.0,https://images.ygoprodeck.com/images/cards_cropped/63821877.jpg
63825486,Gimmick Puppet Rouge Doll,Machine,DARK,8.0,400.0,1400.0,https://images.ygoprodeck.com/images/cards_cropped/63825486.jpg
63845230,Eater of Millions,Fiend,DARK,1.0,-1.0,-1.0,https://images.ygoprodeck.com/images/cards_cropped/63845230.jpg
63941210,"Jizukiru, the Star Destroying Kaiju",Machine,LIGHT,10.0,3300.0,2600.0,https://images.ygoprodeck.com/images/cards_cropped/63941210.jpg
63942761,Gishki Noellia,Spellcaster,WATER,4.0,1700.0,1000.0,https://images.ygoprodeck.com/images/cards_cropped/63942761.jpg
63947968,Fiend Reflection of the Millennium,Illusion,WIND,4.0,1300.0,1400.0,https://images.ygoprodeck.com/images/cards_cropped/63947968.jpg
63948258,Submarine Frog,Aqua,WATER,2.0,1200.0,600.0,https://images.ygoprodeck.com/images/cards_cropped/63948258.jpg
63972571,King Beast Barbaros,Beast-Warrior,EARTH,8.0,3000.0,1200.0,https://images.ygoprodeck.com/images/cards_cropped/63972571.jpg
63977008,Junk Synchron,Warrior,DARK,3.0,1300.0,500.0,https://images.ygoprodeck.com/images/cards_cropped/63977008.jpg
64025981,"Primal Dragon, the Primordial",Dragon,LIGHT,4.0,2000.0,2000.0,https://images.ygoprodeck.com/images/cards_cropped/64025981.jpg
64034255,Genex Ally Birdman,Machine,DARK,3.0,1400.0,400.0,https://images.ygoprodeck.com/images/cards_cropped/64034255.jpg
64063868,Kozmo Dark Eclipser,Machine,DARK,9.0,3000.0,2600.0,https://images.ygoprodeck.com/images/cards_cropped/64063868.jpg
64104037,"Ghost Lancer, the Underworld Spearman",Zombie,DARK,5.0,2000.0,0.0,https://images.ygoprodeck.com/images/cards_cropped/64104037.jpg
64116319,Toon Harpie Lady,Winged Beast,WIND,4.0,1300.0,1400.0,https://images.ygoprodeck.com/images/cards_cropped/64116319.jpg
64145892,Photon Circle,Spellcaster,LIGHT,4.0,1000.0,1000.0,https://images.ygoprodeck.com/images/cards_cropped/64145892.jpg
64154377,Embryonic Beast,Fiend,DARK,2.0,500.0,750.0,https://images.ygoprodeck.com/images/cards_cropped/64154377.jpg
64160836,Alien Kid,Reptile,LIGHT,4.0,1600.0,700.0,https://images.ygoprodeck.com/images/cards_cropped/64160836.jpg
64178868,Battle Survivor,Warrior,EARTH,4.0,1600.0,800.0,https://images.ygoprodeck.com/images/cards_cropped/64178868.jpg
64184058,Destiny HERO - Decider,Warrior,DARK,4.0,1600.0,1000.0,https://images.ygoprodeck.com/images/cards_cropped/64184058.jpg
64202399,Blue-Eyes Abyss Dragon,Dragon,LIGHT,8.0,2500.0,2500.0,https://images.ygoprodeck.com/images/cards_cropped/64202399.jpg
64203620,Jormungardr the Nordic Serpent,Dragon,DARK,8.0,3000.0,3000.0,https://images.ygoprodeck.com/images/cards_cropped/64203620.jpg
64207696,Performapal Gold Fang,Beast,LIGHT,4.0,1800.0,700.0,https://images.ygoprodeck.com/images/cards_cropped/64207696.jpg
64257161,Goblin Biker Mean Merciless,Fiend,WATER,3.0,1300.0,0.0,https://images.ygoprodeck.com/images/cards_cropped/64257161.jpg
64262809,Dragon Ice,Dragon,WATER,5.0,1800.0,2200.0,https://images.ygoprodeck.com/images/cards_cropped/64262809.jpg
64268668,Cyber Ogre,Machine,EARTH,5.0,1900.0,1200.0,https://images.ygoprodeck.com/images/cards_cropped/64268668.jpg
64271667,Meteor Dragon,Dragon,EARTH,6.0,1800.0,2000.0,https://images.ygoprodeck.com/images/cards_cropped/64271667.jpg
64280356,Kozmo Tincan,Psychic,LIGHT,1.0,0.0,0.0,https://images.ygoprodeck.com/images/cards_cropped/64280356.jpg
64306248,Skull-Mark Ladybug,Insect,EARTH,4.0,500.0,1500.0,https://images.ygoprodeck.com/images/cards_cropped/64306248.jpg
64319467,Double Fin Shark,Fish,WATER,4.0,1000.0,1200.0,https://images.ygoprodeck.com/images/cards_cropped/64319467.jpg
64335805,Red-Eyes Black Metal Dragon,Machine,DARK,8.0,2800.0,2400.0,https://images.ygoprodeck.com/images/cards_cropped/64335805.jpg
64342551,Amphibious Bugroth MK-3,Machine,WATER,4.0,1500.0,1300.0,https://images.ygoprodeck.com/images/cards_cropped/64342551.jpg
64373401,Superheavy Samurai Trumpeter,Machine,EARTH,2.0,300.0,600.0,https://images.ygoprodeck.com/images/cards_cropped/64373401.jpg
64379261,Gorgonic Gargoyle,Rock,DARK,3.0,1000.0,800.0,https://images.ygoprodeck.com/images/cards_cropped/64379261.jpg
64379430,Doomsday Horror,Fiend,DARK,4.0,-1.0,-1.0,https://images.ygoprodeck.com/images/cards_cropped/64379430.jpg
64382839,Zeta Reticulant,Fairy,DARK,7.0,2400.0,2100.0,https://images.ygoprodeck.com/images/cards_cropped/64382839.jpg
64398890,The Six Samurai - Yaichi,Warrior,WATER,3.0,1300.0,800.0,https://images.ygoprodeck.com/images/cards_cropped/64398890.jpg
64413994,Stealth Angecradle,Fairy,DARK,8.0,2700.0,2700.0,https://images.ygoprodeck.com/images/cards_cropped/64413994.jpg
64428736,Alligator's Sword,Beast,EARTH,4.0,1500.0,1200.0,https://images.ygoprodeck.com/images/cards_cropped/64428736.jpg
64450427,Performapal Whim Witch,Spellcaster,DARK,3.0,800.0,800.0,https://images.ygoprodeck.com/images/cards_cropped/64450427.jpg
64475743,"Kittytail, Mystical Beast of the Forest",Beast,EARTH,2.0,200.0,200.0,https://images.ygoprodeck.com/images/cards_cropped/64475743.jpg
64487132,Gadget Gamer,Machine,EARTH,3.0,300.0,300.0,https://images.ygoprodeck.com/images/cards_cropped/64487132.jpg
64496451,Qliphort Disk,Machine,EARTH,7.0,2800.0,1000.0,https://images.ygoprodeck.com/images/cards_cropped/64496451.jpg
64500000,Z-Metal Tank,Machine,LIGHT,4.0,1500.0,1300.0,https://images.ygoprodeck.com/images/cards_cropped/64500000.jpg
64501875,Hibikime,Warrior,EARTH,4.0,1450.0,1000.0,https://images.ygoprodeck.com/images/cards_cropped/64501875.jpg
64511793,Eyearmor,Warrior,EARTH,2.0,600.0,500.0,https://images.ygoprodeck.com/images/cards_cropped/64511793.jpg
64514622,Hieratic Seal of the Dragon King,Dragon,LIGHT,6.0,0.0,0.0,https://images.ygoprodeck.com/images/cards_cropped/64514622.jpg
64538655,Sasuke Samurai #4,Warrior,WIND,4.0,1200.0,1200.0,https://images.ygoprodeck.com/images/cards_cropped/64538655.jpg
64538914,Manticore of Smashing,Beast-Warrior,FIRE,6.0,2300.0,1000.0,https://images.ygoprodeck.com/images/cards_cropped/64538914.jpg
64550682,Scrap Orthros,Beast,EARTH,4.0,1700.0,1100.0,https://images.ygoprodeck.com/images/cards_cropped/64550682.jpg
64583600,Wish Dragon,Dragon,LIGHT,2.0,700.0,100.0,https://images.ygoprodeck.com/images/cards_cropped/64583600.jpg
64591429,Astral Kuriboh,Fiend,LIGHT,1.0,100.0,100.0,https://images.ygoprodeck.com/images/cards_cropped/64591429.jpg
64603182,Ancient Gear Dark Golem,Machine,EARTH,8.0,3000.0,3000.0,https://images.ygoprodeck.com/images/cards_cropped/64603182.jpg
64603351,Levia-Dragon of Atlantis - Daedalus,Sea Serpent,WATER,7.0,2600.0,1500.0,https://images.ygoprodeck.com/images/cards_cropped/64603351.jpg
64605089,Swordsman of Revealing Light,Warrior,LIGHT,8.0,0.0,2400.0,https://images.ygoprodeck.com/images/cards_cropped/64605089.jpg
64612053,Rescue-ACE Fire Attacker,Machine,FIRE,6.0,2200.0,2200.0,https://images.ygoprodeck.com/images/cards_cropped/64612053.jpg
64627453,Ojama Blue,Beast,LIGHT,2.0,0.0,1000.0,https://images.ygoprodeck.com/images/cards_cropped/64627453.jpg
64631466,Relinquished,Spellcaster,DARK,1.0,0.0,0.0,https://images.ygoprodeck.com/images/cards_cropped/64631466.jpg
64681432,Gandora the Dragon of Destruction,Dragon,DARK,8.0,0.0,0.0,https://images.ygoprodeck.com/images/cards_cropped/64681432.jpg
64726269,Star Seraph Scale,Fairy,LIGHT,4.0,1500.0,900.0,https://images.ygoprodeck.com/images/cards_cropped/64726269.jpg
64730881,Time Thief Adjuster,Psychic,DARK,4.0,1200.0,1800.0,https://images.ygoprodeck.com/images/cards_cropped/64730881.jpg
64734090,Gem-Turtle,Rock,EARTH,4.0,0.0,2000.0,https://images.ygoprodeck.com/images/cards_cropped/64734090.jpg
64734921,The Agent of Creation - Venus,Fairy,LIGHT,3.0,1600.0,0.0,https://images.ygoprodeck.com/images/cards_cropped/64734921.jpg
64749612,Yellow Ninja,Warrior,WIND,4.0,1900.0,1800.0,https://images.ygoprodeck.com/images/cards_cropped/64749612.jpg
64751286,Penumbral Soldier Lady,Warrior,DARK,6.0,2100.0,1400.0,https://images.ygoprodeck.com/images/cards_cropped/64751286.jpg
64752646,Fire Princess,Pyro,FIRE,4.0,1300.0,1500.0,https://images.ygoprodeck.com/images/cards_cropped/64752646.jpg
64753157,Charming Resort Staff,Fairy,LIGHT,3.0,300.0,200.0,https://images.ygoprodeck.com/images/cards_cropped/64753157.jpg
64756282,Witchcrafter Genni,Spellcaster,WIND,1.0,300.0,500.0,https://images.ygoprodeck.com/images/cards_cropped/64756282.jpg
64788463,King's Knight,Warrior,LIGHT,4.0,1600.0,1400.0,https://images.ygoprodeck.com/images/cards_cropped/64788463.jpg
64804316,Ghostrick Siren,Fairy,DARK,4.0,800.0,1500.0,https://images.ygoprodeck.com/images/cards_cropped/64804316.jpg
64806765,Crow Tengu,Zombie,EARTH,4.0,1400.0,1200.0,https://images.ygoprodeck.com/images/cards_cropped/64806765.jpg
64881644,Refrain the Melodious Songstress,Fairy,LIGHT,4.0,1600.0,800.0,https://images.ygoprodeck.com/images/cards_cropped/64881644.jpg
64892035,Tardy Orc,Fiend,DARK,4.0,2200.0,0.0,https://images.ygoprodeck.com/images/cards_cropped/64892035.jpg
64898834,T.G. Catapult Dragon,Dragon,EARTH,2.0,900.0,1300.0,https://images.ygoprodeck.com/images/cards_cropped/64898834.jpg
64910482,T.G. Cyber Magician,Spellcaster,LIGHT,1.0,0.0,0.0,https://images.ygoprodeck.com/images/cards_cropped/64910482.jpg
64911387,Materiactor Zeptwing,Dragon,FIRE,3.0,0.0,0.0,https://images.ygoprodeck.com/images/cards_cropped/64911387.jpg
64926005,Samurai of the Ice Barrier,Warrior,WATER,4.0,1800.0,1500.0,https://images.ygoprodeck.com/images/cards_cropped/64926005.jpg
64973287,Dinomist Pteran,Machine,WATER,4.0,1800.0,1200.0,https://images.ygoprodeck.com/images/cards_cropped/64973287.jpg
64977888,Apprentice Piper,Spellcaster,DARK,2.0,100.0,1500.0,https://images.ygoprodeck.com/images/cards_cropped/64977888.jpg
65017789,The Weather Painter Snow,Fairy,EARTH,3.0,0.0,2200.0,https://images.ygoprodeck.com/images/cards_cropped/65017789.jpg
65025250,Yosenju Shinchu L,Rock,WIND,4.0,0.0,2100.0,https://images.ygoprodeck.com/images/cards_cropped/65025250.jpg
65026212,Koa'ki Meiru Maximus,Dragon,WIND,8.0,3000.0,2500.0,https://images.ygoprodeck.com/images/cards_cropped/65026212.jpg
65033975,Queen Azamina,Illusion,DARK,8.0,2500.0,2000.0,https://images.ygoprodeck.com/images/cards_cropped/65033975.jpg
65037172,Cyberse Sage,Cyberse,DARK,1.0,0.0,0.0,https://images.ygoprodeck.com/images/cards_cropped/65037172.jpg
65056481,Satellarknight Alsahm,Warrior,LIGHT,4.0,1400.0,1800.0,https://images.ygoprodeck.com/images/cards_cropped/65056481.jpg
65064143,Anti-Aircraft Flower,Plant,EARTH,3.0,0.0,1600.0,https://images.ygoprodeck.com/images/cards_cropped/65064143.jpg
65100616,Link Infra-Flier,Cyberse,WIND,2.0,0.0,1800.0,https://images.ygoprodeck.com/images/cards_cropped/65100616.jpg
65149697,R-Genex Crusher,Machine,EARTH,2.0,800.0,800.0,https://images.ygoprodeck.com/images/cards_cropped/65149697.jpg
65155517,Speedroid Colonel Clackers,Machine,WIND,2.0,200.0,1800.0,https://images.ygoprodeck.com/images/cards_cropped/65155517.jpg
65156847,Neo Flamvell Garuda,Pyro,FIRE,3.0,1200.0,1800.0,https://images.ygoprodeck.com/images/cards_cropped/65156847.jpg
65192027,Dark Armed Dragon,Dragon,DARK,7.0,2800.0,1000.0,https://images.ygoprodeck.com/images/cards_cropped/65192027.jpg
65193366,Spiritual Beast Tamer Winda,Psychic,WIND,4.0,1600.0,1800.0,https://images.ygoprodeck.com/images/cards_cropped/65193366.jpg
65195959,Performapal Stamp Turtle,Aqua,WATER,4.0,100.0,1800.0,https://images.ygoprodeck.com/images/cards_cropped/65195959.jpg
65240384,Big Shield Gardna,Warrior,EARTH,4.0,100.0,2600.0,https://images.ygoprodeck.com/images/cards_cropped/65240384.jpg
65247798,Yosenju Kama 1,Beast-Warrior,WIND,4.0,1600.0,500.0,https://images.ygoprodeck.com/images/cards_cropped/65247798.jpg
65260293,Element Magician,Spellcaster,LIGHT,4.0,1500.0,1200.0,https://images.ygoprodeck.com/images/cards_cropped/65260293.jpg
65268179,Awakening of the Possessed - Nefariouser Archfiend,Beast,EARTH,5.0,2000.0,200.0,https://images.ygoprodeck.com/images/cards_cropped/65268179.jpg
65277087,Gusto Gulldo,Winged Beast,WIND,3.0,500.0,500.0,https://images.ygoprodeck.com/images/cards_cropped/65277087.jpg
65282484,Dark Voltanis,Fairy,DARK,8.0,2800.0,1400.0,https://images.ygoprodeck.com/images/cards_cropped/65282484.jpg
65287621,Dark Driceratops,Dinosaur,EARTH,6.0,2400.0,1500.0,https://images.ygoprodeck.com/images/cards_cropped/65287621.jpg
65302903,Dominusteer Rosepamela,Spellcaster,LIGHT,4.0,0.0,2000.0,https://images.ygoprodeck.com/images/cards_cropped/65302903.jpg
65303664,"Yellow Baboon, Archer of the Forest",Beast,EARTH,7.0,2600.0,1800.0,https://images.ygoprodeck.com/images/cards_cropped/65303664.jpg
65314286,"Sadion, the Timelord",Fairy,WIND,10.0,0.0,0.0,https://images.ygoprodeck.com/images/cards_cropped/65314286.jpg
65325949,Kuzuha the Bewitching Deity Ashtra,Insect,EARTH,8.0,2800.0,1500.0,https://images.ygoprodeck.com/images/cards_cropped/65325949.jpg
65326118,Tenpai Dragon Fadra,Dragon,FIRE,3.0,1600.0,1000.0,https://images.ygoprodeck.com/images/cards_cropped/65326118.jpg
65331686,Fluffal Owl,Fairy,EARTH,2.0,1000.0,1000.0,https://images.ygoprodeck.com/images/cards_cropped/65331686.jpg
65338781,Skilled Red Magician,Spellcaster,DARK,4.0,1600.0,1600.0,https://images.ygoprodeck.com/images/cards_cropped/65338781.jpg
65351555,"Basiltrice, Familiar of the Evil Eye",Fiend,DARK,3.0,1000.0,2000.0,https://images.ygoprodeck.com/images/cards_cropped/65351555.jpg
65367484,Photon Thrasher,Warrior,LIGHT,4.0,2100.0,0.0,https://images.ygoprodeck.com/images/cards_cropped/65367484.jpg
65393205,Chakra,Fiend,DARK,7.0,2450.0,2000.0,https://images.ygoprodeck.com/images/cards_cropped/65393205.jpg
65403020,The End of Anubis,Fiend,DARK,6.0,2500.0,0.0,https://images.ygoprodeck.com/images/cards_cropped/65403020.jpg
65422840,Shutendoji,Zombie,EARTH,4.0,1500.0,800.0,https://images.ygoprodeck.com/images/cards_cropped/65422840.jpg
65430555,Beetrooper Sting Lancer,Insect,WIND,7.0,2400.0,1800.0,https://images.ygoprodeck.com/images/cards_cropped/65430555.jpg
65458948,Toon Mermaid,Aqua,WATER,4.0,1400.0,1500.0,https://images.ygoprodeck.com/images/cards_cropped/65458948.jpg
65471349,Psychic Bounder,Machine,LIGHT,4.0,1700.0,1000.0,https://images.ygoprodeck.com/images/cards_cropped/65471349.jpg
65472618,"Dragodies, the Empowered Warrior",Warrior,LIGHT,4.0,1500.0,1500.0,https://images.ygoprodeck.com/images/cards_cropped/65472618.jpg
65475294,The Unfriendly Amazon,Warrior,EARTH,4.0,2000.0,1000.0,https://images.ygoprodeck.com/images/cards_cropped/65475294.jpg
65477143,Abyss Actor - Liberty Dramatist,Fiend,DARK,4.0,1500.0,1500.0,https://images.ygoprodeck.com/images/cards_cropped/65477143.jpg
65479980,S-Force Dog Tag,Machine,LIGHT,5.0,1600.0,2100.0,https://images.ygoprodeck.com/images/cards_cropped/65479980.jpg
65496056,Codarus,Sea Serpent,WATER,4.0,1400.0,1200.0,https://images.ygoprodeck.com/images/cards_cropped/65496056.jpg
65500515,Squirt Squid,Aqua,WATER,2.0,0.0,1800.0,https://images.ygoprodeck.com/images/cards_cropped/65500515.jpg
65503206,Scrap Soldier,Warrior,EARTH,5.0,2100.0,700.0,https://images.ygoprodeck.com/images/cards_cropped/65503206.jpg
65504487,Toy Soldier,Warrior,LIGHT,4.0,1500.0,1000.0,https://images.ygoprodeck.com/images/cards_cropped/65504487.jpg
65515667,Motor Kaiser,Machine,DARK,5.0,2000.0,1400.0,https://images.ygoprodeck.com/images/cards_cropped/65515667.jpg
65518099,Qliphort Scout,Machine,EARTH,5.0,1000.0,2800.0,https://images.ygoprodeck.com/images/cards_cropped/65518099.jpg
65549080,Mist Condor,Winged Beast,WIND,4.0,1400.0,400.0,https://images.ygoprodeck.com/images/cards_cropped/65549080.jpg
65570596,Red Archery Girl,Aqua,WATER,4.0,1400.0,1500.0,https://images.ygoprodeck.com/images/cards_cropped/65570596.jpg
65591858,Chronomaly Winged Sphinx,Rock,EARTH,5.0,1600.0,1900.0,https://images.ygoprodeck.com/images/cards_cropped/65591858.jpg
65612386,Angmarl the Fiendish Monarch,Fiend,DARK,6.0,2400.0,1000.0,https://images.ygoprodeck.com/images/cards_cropped/65612386.jpg
65622692,Y-Dragon Head,Machine,LIGHT,4.0,1500.0,1600.0,https://images.ygoprodeck.com/images/cards_cropped/65622692.jpg
65623423,Gruesome Goo,Aqua,WATER,3.0,1300.0,700.0,https://images.ygoprodeck.com/images/cards_cropped/65623423.jpg
65626958,Nordic Beast Gullinbursti,Beast,LIGHT,3.0,300.0,100.0,https://images.ygoprodeck.com/images/cards_cropped/65626958.jpg
65685470,Spirit of the Six Samurai,Warrior,EARTH,3.0,500.0,500.0,https://images.ygoprodeck.com/images/cards_cropped/65685470.jpg
65726770,Silent Magician Zero,Spellcaster,LIGHT,4.0,1000.0,1000.0,https://images.ygoprodeck.com/images/cards_cropped/65726770.jpg
65734501,Rescue-ACE Air Lifter,Warrior,FIRE,4.0,1700.0,1700.0,https://images.ygoprodeck.com/images/cards_cropped/65734501.jpg
65737274,Dragard,Dragon,DARK,4.0,1300.0,1900.0,https://images.ygoprodeck.com/images/cards_cropped/65737274.jpg
65758454,Ganbara Lancer,Warrior,LIGHT,5.0,1000.0,2000.0,https://images.ygoprodeck.com/images/cards_cropped/65758454.jpg
65844845,Inzektor Giga-Cricket,Insect,DARK,5.0,2000.0,1300.0,https://images.ygoprodeck.com/images/cards_cropped/65844845.jpg
65848811,Heroic Challenger - Assault Halberd,Warrior,EARTH,4.0,1800.0,200.0,https://images.ygoprodeck.com/images/cards_cropped/65848811.jpg
65877963,Impcantation Chalislime,Aqua,DARK,7.0,2500.0,1800.0,https://images.ygoprodeck.com/images/cards_cropped/65877963.jpg
65878864,Nobleman-Eater Bug,Insect,EARTH,5.0,900.0,1200.0,https://images.ygoprodeck.com/images/cards_cropped/65878864.jpg
65899613,Battlewasp - Pin the Bullseye,Insect,WIND,1.0,200.0,300.0,https://images.ygoprodeck.com/images/cards_cropped/65899613.jpg
65953423,Fairy Tail - Rochka,Spellcaster,LIGHT,4.0,1850.0,1000.0,https://images.ygoprodeck.com/images/cards_cropped/65953423.jpg
65957473,Metal Armored Bug,Insect,EARTH,8.0,2800.0,1500.0,https://images.ygoprodeck.com/images/cards_cropped/65957473.jpg
65961085,Wheel of Prophecy,Spellcaster,DARK,8.0,2700.0,1700.0,https://images.ygoprodeck.com/images/cards_cropped/65961085.jpg
65976795,Subterror Behemoth Stygokraken,Sea Serpent,EARTH,5.0,1400.0,2600.0,https://images.ygoprodeck.com/images/cards_cropped/65976795.jpg
65984457,Gladiator Beast Torax,Fish,WATER,3.0,1400.0,400.0,https://images.ygoprodeck.com/images/cards_cropped/65984457.jpg
66022706,Mekk-Knight Green Horizon,Psychic,LIGHT,6.0,2100.0,1600.0,https://images.ygoprodeck.com/images/cards_cropped/66022706.jpg
66066482,Inzektor Firefly,Insect,DARK,1.0,100.0,100.0,https://images.ygoprodeck.com/images/cards_cropped/66066482.jpg
66069967,Prediction Princess Bibliomuse,Fairy,EARTH,9.0,2500.0,2500.0,https://images.ygoprodeck.com/images/cards_cropped/66069967.jpg
66073051,Warrior of Zera,Warrior,EARTH,4.0,1600.0,1600.0,https://images.ygoprodeck.com/images/cards_cropped/66073051.jpg
66078354,Magicore Warrior of the Relics,Warrior,FIRE,4.0,2300.0,1000.0,https://images.ygoprodeck.com/images/cards_cropped/66078354.jpg
66084673,Brotherhood of the Fire Fist - Rhino,Beast-Warrior,FIRE,4.0,1700.0,1400.0,https://images.ygoprodeck.com/images/cards_cropped/66084673.jpg
66094973,Transforming Sphere,Winged Beast,WIND,3.0,100.0,100.0,https://images.ygoprodeck.com/images/cards_cropped/66094973.jpg
66100116,Vengeful Witch,Plant,DARK,4.0,1100.0,1200.0,https://images.ygoprodeck.com/images/cards_cropped/66100116.jpg
66102515,Kurikurinku @Ignister,Cyberse,DARK,1.0,300.0,200.0,https://images.ygoprodeck.com/images/cards_cropped/66102515.jpg
66104644,Magister of Endymion,Spellcaster,EARTH,3.0,1500.0,900.0,https://images.ygoprodeck.com/images/cards_cropped/66104644.jpg
66150724,PenduLuMoon,Spellcaster,LIGHT,1.0,200.0,700.0,https://images.ygoprodeck.com/images/cards_cropped/66150724.jpg
66192538,Danmari @Ignister,Cyberse,DARK,6.0,2300.0,0.0,https://images.ygoprodeck.com/images/cards_cropped/66192538.jpg
66200210,Mecha Phantom Beast Hamstrat,Machine,WIND,3.0,1100.0,1600.0,https://images.ygoprodeck.com/images/cards_cropped/66200210.jpg
66206748,Masked HERO Fountain,Warrior,WATER,4.0,1000.0,1400.0,https://images.ygoprodeck.com/images/cards_cropped/66206748.jpg
66214679,Dark Horus,Dragon,DARK,8.0,3000.0,1800.0,https://images.ygoprodeck.com/images/cards_cropped/66214679.jpg
66262416,Destiny HERO - Dreamer,Warrior,DARK,1.0,0.0,600.0,https://images.ygoprodeck.com/images/cards_cropped/66262416.jpg
66288028,Fortress Warrior,Warrior,EARTH,2.0,600.0,1200.0,https://images.ygoprodeck.com/images/cards_cropped/66288028.jpg
66331855,Morphtronic Datatron,Pyro,FIRE,3.0,1200.0,600.0,https://images.ygoprodeck.com/images/cards_cropped/66331855.jpg
66337215,Herald of Creation,Spellcaster,LIGHT,4.0,1800.0,600.0,https://images.ygoprodeck.com/images/cards_cropped/66337215.jpg
66362965,The Fiend Megacyber,Warrior,DARK,6.0,2200.0,1200.0,https://images.ygoprodeck.com/images/cards_cropped/66362965.jpg
66378485,Neo Flamvell Origin,Pyro,FIRE,2.0,500.0,200.0,https://images.ygoprodeck.com/images/cards_cropped/66378485.jpg
66386380,Harpie Oracle,Winged Beast,WIND,4.0,1300.0,1400.0,https://images.ygoprodeck.com/images/cards_cropped/66386380.jpg
66399675,Gishki Chain,Sea Serpent,WATER,4.0,1800.0,1000.0,https://images.ygoprodeck.com/images/cards_cropped/66399675.jpg
66401502,Vanquish Soul Pantera,Beast-Warrior,EARTH,4.0,1700.0,1900.0,https://images.ygoprodeck.com/images/cards_cropped/66401502.jpg
66407907,Sunseed Twin,Plant,EARTH,2.0,0.0,800.0,https://images.ygoprodeck.com/images/cards_cropped/66407907.jpg
66413481,Fire King Avatar Yaksha,Beast-Warrior,FIRE,4.0,1800.0,200.0,https://images.ygoprodeck.com/images/cards_cropped/66413481.jpg
66425726,Odd-Eyes Pendulumgraph Dragon,Dragon,LIGHT,7.0,2700.0,2500.0,https://images.ygoprodeck.com/images/cards_cropped/66425726.jpg
66429798,Pesanta the Titan of Troubadours,Illusion,DARK,8.0,2500.0,2500.0,https://images.ygoprodeck.com/images/cards_cropped/66429798.jpg
66431519,Sacred Fire King Garunix,Winged Beast,FIRE,8.0,2700.0,1700.0,https://images.ygoprodeck.com/images/cards_cropped/66431519.jpg
66436257,Volcanic Counter,Pyro,FIRE,3.0,300.0,1300.0,https://images.ygoprodeck.com/images/cards_cropped/66436257.jpg
66451379,Graydle Alligator,Aqua,WATER,3.0,500.0,1500.0,https://images.ygoprodeck.com/images/cards_cropped/66451379.jpg
66457138,Fluffal Leo,Fairy,EARTH,4.0,1600.0,1200.0,https://images.ygoprodeck.com/images/cards_cropped/66457138.jpg
66457407,Copy Plant,Plant,WIND,1.0,0.0,0.0,https://images.ygoprodeck.com/images/cards_cropped/66457407.jpg
66472129,Dipsea Fiend,Fiend,WATER,4.0,1500.0,1000.0,https://images.ygoprodeck.com/images/cards_cropped/66472129.jpg
66499018,Flame Tiger,Beast,FIRE,4.0,1800.0,0.0,https://images.ygoprodeck.com/images/cards_cropped/66499018.jpg
66500065,"Bi'an, Earth of the Yang Zing",Wyrm,EARTH,3.0,1600.0,0.0,https://images.ygoprodeck.com/images/cards_cropped/66500065.jpg
66516792,Serpent Night Dragon,Dragon,DARK,7.0,2350.0,2400.0,https://images.ygoprodeck.com/images/cards_cropped/66516792.jpg
66540884,Archfiend Heiress,Fiend,DARK,3.0,1000.0,0.0,https://images.ygoprodeck.com/images/cards_cropped/66540884.jpg
66569334,Nightmell the Dark Bonder,Psychic,WIND,4.0,1500.0,1500.0,https://images.ygoprodeck.com/images/cards_cropped/66569334.jpg
66570171,Necroworld Banshee,Zombie,DARK,4.0,1800.0,200.0,https://images.ygoprodeck.com/images/cards_cropped/66570171.jpg
66574418,The Black Stone of Legend,Dragon,DARK,1.0,0.0,0.0,https://images.ygoprodeck.com/images/cards_cropped/66574418.jpg
66602787,Saggi the Dark Clown,Spellcaster,DARK,3.0,600.0,1500.0,https://images.ygoprodeck.com/images/cards_cropped/66602787.jpg
66625883,"Karakuri Strategist mdl 248 ""Nishipachi""",Machine,EARTH,3.0,500.0,1600.0,https://images.ygoprodeck.com/images/cards_cropped/66625883.jpg
66646087,Super Quantal Fairy Zetan,Zombie,DARK,1.0,0.0,0.0,https://images.ygoprodeck.com/images/cards_cropped/66646087.jpg
66661678,Royal Knight of the Ice Barrier,Warrior,WATER,5.0,2000.0,2000.0,https://images.ygoprodeck.com/images/cards_cropped/66661678.jpg
66664203,"Cyber Dragon, the Luminous Mech Dragon",Machine,LIGHT,5.0,2100.0,1600.0,https://images.ygoprodeck.com/images/cards_cropped/66664203.jpg
66668900,Aquaactress Guppy,Aqua,WATER,2.0,600.0,600.0,https://images.ygoprodeck.com/images/cards_cropped/66668900.jpg
66672569,Dragon Zombie,Zombie,DARK,3.0,1600.0,0.0,https://images.ygoprodeck.com/images/cards_cropped/66672569.jpg
66675911,Nehshaddoll Genius,Machine,EARTH,4.0,1800.0,1000.0,https://images.ygoprodeck.com/images/cards_cropped/66675911.jpg
66690411,Mind on Air,Spellcaster,DARK,6.0,1000.0,1600.0,https://images.ygoprodeck.com/images/cards_cropped/66690411.jpg
66699781,Chaos Mirage Dragon,Wyrm,LIGHT,4.0,1600.0,600.0,https://images.ygoprodeck.com/images/cards_cropped/66699781.jpg
66707058,Goblin Black Ops,Beast-Warrior,DARK,4.0,1300.0,0.0,https://images.ygoprodeck.com/images/cards_cropped/66707058.jpg
66712593,Element Soldier,Fiend,DARK,4.0,1500.0,1200.0,https://images.ygoprodeck.com/images/cards_cropped/66712593.jpg
66722103,Thunderclap Monk,Thunder,LIGHT,4.0,1900.0,200.0,https://images.ygoprodeck.com/images/cards_cropped/66722103.jpg
66729231,Gishki Zielgigas,Aqua,WATER,10.0,3200.0,0.0,https://images.ygoprodeck.com/images/cards_cropped/66729231.jpg
66733743,T.G. Metal Skeleton,Zombie,DARK,2.0,1100.0,0.0,https://images.ygoprodeck.com/images/cards_cropped/66733743.jpg
66736715,"Moissa Knight, the Comet General",Warrior,LIGHT,1.0,100.0,100.0,https://images.ygoprodeck.com/images/cards_cropped/66736715.jpg
66740005,"Bravo, Fighter Fur Hire",Reptile,FIRE,4.0,1900.0,200.0,https://images.ygoprodeck.com/images/cards_cropped/66740005.jpg
66749546,Icejade Creation Kingfisher,Aqua,WATER,9.0,2500.0,2500.0,https://images.ygoprodeck.com/images/cards_cropped/66749546.jpg
66752837,Keeper of the Shrine,Dragon,DARK,4.0,0.0,2100.0,https://images.ygoprodeck.com/images/cards_cropped/66752837.jpg
66762372,Brotherhood of the Fire Fist - Boar,Beast-Warrior,FIRE,4.0,1100.0,1400.0,https://images.ygoprodeck.com/images/cards_cropped/66762372.jpg
66765023,Flying Elephant,Beast,WIND,4.0,1850.0,1300.0,https://images.ygoprodeck.com/images/cards_cropped/66765023.jpg
66768175,Performapal Ballad,Plant,EARTH,3.0,500.0,1100.0,https://images.ygoprodeck.com/images/cards_cropped/66768175.jpg
66789970,Hieratic Dragon of Sutekh,Dragon,LIGHT,8.0,2800.0,2000.0,https://images.ygoprodeck.com/images/cards_cropped/66789970.jpg
66809920,Valkyrie Erste,Fairy,LIGHT,6.0,1600.0,1800.0,https://images.ygoprodeck.com/images/cards_cropped/66809920.jpg
66815913,Shinobird Crane,Winged Beast,WIND,4.0,1500.0,1500.0,https://images.ygoprodeck.com/images/cards_cropped/66815913.jpg
66816282,Koa'ki Meiru Wall,Rock,EARTH,4.0,1900.0,1200.0,https://images.ygoprodeck.com/images/cards_cropped/66816282.jpg
66836598,Waterdragon Fairy,Aqua,WATER,3.0,1100.0,700.0,https://images.ygoprodeck.com/images/cards_cropped/66836598.jpg
66853752,Fishborg Launcher,Fish,WATER,1.0,200.0,100.0,https://images.ygoprodeck.com/images/cards_cropped/66853752.jpg
66927994,Oni Tank T-34,Machine,EARTH,4.0,1400.0,1700.0,https://images.ygoprodeck.com/images/cards_cropped/66927994.jpg
66938505,Crystron Rion,Machine,WATER,3.0,500.0,500.0,https://images.ygoprodeck.com/images/cards_cropped/66938505.jpg
66961194,Dictator of D.,Spellcaster,DARK,4.0,1200.0,1100.0,https://images.ygoprodeck.com/images/cards_cropped/66961194.jpg
66973070,Dreadscythe Harvester,Insect,WIND,8.0,2300.0,1600.0,https://images.ygoprodeck.com/images/cards_cropped/66973070.jpg
66989694,The Earl of Demise,Fiend,DARK,5.0,2000.0,700.0,https://images.ygoprodeck.com/images/cards_cropped/66989694.jpg
67038874,Scrap Mind Reader,Machine,EARTH,1.0,0.0,0.0,https://images.ygoprodeck.com/images/cards_cropped/67038874.jpg
67045745,F.A. Sonic Meister,Machine,WIND,4.0,0.0,1000.0,https://images.ygoprodeck.com/images/cards_cropped/67045745.jpg
67049542,Dark Bat,Winged Beast,WIND,3.0,1000.0,1000.0,https://images.ygoprodeck.com/images/cards_cropped/67049542.jpg
67050396,Kozmo Goodwitch,Psychic,LIGHT,4.0,1800.0,1000.0,https://images.ygoprodeck.com/images/cards_cropped/67050396.jpg
67105242,Earthbound Spirit,Fiend,EARTH,4.0,500.0,2000.0,https://images.ygoprodeck.com/images/cards_cropped/67105242.jpg
67111213,Gishki Abyss,Fish,WATER,2.0,800.0,500.0,https://images.ygoprodeck.com/images/cards_cropped/67111213.jpg
67120578,Gagaga Head,Spellcaster,DARK,6.0,2100.0,2000.0,https://images.ygoprodeck.com/images/cards_cropped/67120578.jpg
67127799,Rokket Caliber,Dragon,DARK,4.0,1700.0,100.0,https://images.ygoprodeck.com/images/cards_cropped/67127799.jpg
67136033,Coach Captain Bearman,Beast-Warrior,FIRE,8.0,2600.0,2700.0,https://images.ygoprodeck.com/images/cards_cropped/67136033.jpg
67159705,Armored Cybern,Machine,WIND,4.0,0.0,2000.0,https://images.ygoprodeck.com/images/cards_cropped/67159705.jpg
67211766,Majioshaleon,Reptile,WATER,5.0,2000.0,800.0,https://images.ygoprodeck.com/images/cards_cropped/67211766.jpg
67218327,SIMM Tablir,Cyberse,DARK,5.0,0.0,1800.0,https://images.ygoprodeck.com/images/cards_cropped/67218327.jpg
67225377,Salamangreat Meer,Cyberse,FIRE,2.0,800.0,600.0,https://images.ygoprodeck.com/images/cards_cropped/67225377.jpg
67248304,Reverse Jar,Rock,EARTH,3.0,800.0,900.0,https://images.ygoprodeck.com/images/cards_cropped/67248304.jpg
67267333,Vendread Houndhorde,Zombie,DARK,3.0,0.0,2100.0,https://images.ygoprodeck.com/images/cards_cropped/67267333.jpg
67270095,Turbo Synchron,Machine,WIND,1.0,100.0,500.0,https://images.ygoprodeck.com/images/cards_cropped/67270095.jpg
67273917,Igknight Cavalier,Warrior,FIRE,5.0,2400.0,1200.0,https://images.ygoprodeck.com/images/cards_cropped/67273917.jpg
67282505,Mitsu the Insect Ninja,Insect,WATER,2.0,200.0,2100.0,https://images.ygoprodeck.com/images/cards_cropped/67282505.jpg
67284107,Scapeghost,Zombie,DARK,1.0,0.0,0.0,https://images.ygoprodeck.com/images/cards_cropped/67284107.jpg
67284908,Labyrinth Wall,Rock,EARTH,5.0,0.0,3000.0,https://images.ygoprodeck.com/images/cards_cropped/67284908.jpg
67300516,Red-Eyes Wyvern,Dragon,WIND,4.0,1800.0,1600.0,https://images.ygoprodeck.com/images/cards_cropped/67300516.jpg
67310848,Dwarf Star Dragon Planeter,Dragon,LIGHT,4.0,1700.0,1200.0,https://images.ygoprodeck.com/images/cards_cropped/67310848.jpg
67314110,Amazement Attendant Comica,Machine,LIGHT,4.0,1400.0,1800.0,https://images.ygoprodeck.com/images/cards_cropped/67314110.jpg
67316075,Darklord Nurse Reficule,Fairy,DARK,4.0,1400.0,600.0,https://images.ygoprodeck.com/images/cards_cropped/67316075.jpg
67322708,D/D Lance Soldier,Fiend,DARK,2.0,400.0,400.0,https://images.ygoprodeck.com/images/cards_cropped/67322708.jpg
67371383,Amphibian Beast,Fish,WATER,6.0,2400.0,2000.0,https://images.ygoprodeck.com/images/cards_cropped/67371383.jpg
67385964,Gladiator Beast Noxious,Beast-Warrior,DARK,5.0,0.0,1000.0,https://images.ygoprodeck.com/images/cards_cropped/67385964.jpg
67436768,Springans Brothers,Machine,FIRE,4.0,300.0,1800.0,https://images.ygoprodeck.com/images/cards_cropped/67436768.jpg
67441435,Glow-Up Bulb,Plant,EARTH,1.0,100.0,100.0,https://images.ygoprodeck.com/images/cards_cropped/67441435.jpg
67445676,Pinecono,Plant,EARTH,1.0,400.0,200.0,https://images.ygoprodeck.com/images/cards_cropped/67445676.jpg
67466547,"Helmer, Helmsman Fur Hire",Aqua,WATER,3.0,0.0,2000.0,https://images.ygoprodeck.com/images/cards_cropped/67466547.jpg
67468948,Layard the Liberator,Fairy,LIGHT,4.0,1400.0,1500.0,https://images.ygoprodeck.com/images/cards_cropped/67468948.jpg
67483216,Genex Searcher,Machine,EARTH,4.0,1600.0,400.0,https://images.ygoprodeck.com/images/cards_cropped/67483216.jpg
67489919,Mecha Phantom Beast Blue Impala,Machine,WIND,3.0,1400.0,1100.0,https://images.ygoprodeck.com/images/cards_cropped/67489919.jpg
67494157,Crawling Dragon,Dragon,EARTH,5.0,1600.0,1400.0,https://images.ygoprodeck.com/images/cards_cropped/67494157.jpg
67503139,Prediction Princess Crystaldine,Fairy,WATER,5.0,1400.0,2200.0,https://images.ygoprodeck.com/images/cards_cropped/67503139.jpg
67511500,Lady of D.,Spellcaster,DARK,4.0,1500.0,1100.0,https://images.ygoprodeck.com/images/cards_cropped/67511500.jpg
67532912,Science Soldier,Warrior,DARK,3.0,800.0,800.0,https://images.ygoprodeck.com/images/cards_cropped/67532912.jpg
67547370,Zushin the Sleeping Giant,Warrior,EARTH,10.0,0.0,0.0,https://images.ygoprodeck.com/images/cards_cropped/67547370.jpg
67559101,Chronomaly Mud Golem,Rock,EARTH,4.0,1700.0,1000.0,https://images.ygoprodeck.com/images/cards_cropped/67559101.jpg
67584223,Tessera the Primal Squire,Warrior,LIGHT,1.0,800.0,1000.0,https://images.ygoprodeck.com/images/cards_cropped/67584223.jpg
67586735,Gouki Tagpartner,Warrior,EARTH,5.0,1700.0,0.0,https://images.ygoprodeck.com/images/cards_cropped/67586735.jpg
67629977,Hoshiningen,Fairy,LIGHT,2.0,500.0,700.0,https://images.ygoprodeck.com/images/cards_cropped/67629977.jpg
67646312,Searchlightman,Machine,LIGHT,3.0,1000.0,1000.0,https://images.ygoprodeck.com/images/cards_cropped/67646312.jpg
67660909,Priestess of the Ashened City,Pyro,DARK,4.0,1200.0,1300.0,https://images.ygoprodeck.com/images/cards_cropped/67660909.jpg
67675300,Snowdust Dragon,Dragon,WATER,8.0,2800.0,1800.0,https://images.ygoprodeck.com/images/cards_cropped/67675300.jpg
67688478,Gemini Imps,Fiend,DARK,4.0,1000.0,1000.0,https://images.ygoprodeck.com/images/cards_cropped/67688478.jpg
67692580,Caligo Claw Crow,Winged Beast,DARK,2.0,900.0,600.0,https://images.ygoprodeck.com/images/cards_cropped/67692580.jpg
67694706,Magicolloidal Sol,Aqua,WATER,2.0,400.0,300.0,https://images.ygoprodeck.com/images/cards_cropped/67694706.jpg
67696066,Performage Trick Clown,Spellcaster,LIGHT,4.0,1600.0,1200.0,https://images.ygoprodeck.com/images/cards_cropped/67696066.jpg
67724379,Koumori Dragon,Dragon,DARK,4.0,1500.0,1200.0,https://images.ygoprodeck.com/images/cards_cropped/67724379.jpg
67725394,Doodle Beast - Tyranno,Dinosaur,EARTH,8.0,2400.0,1200.0,https://images.ygoprodeck.com/images/cards_cropped/67725394.jpg
67744384,Tindangle Protector,Fiend,DARK,3.0,800.0,1600.0,https://images.ygoprodeck.com/images/cards_cropped/67744384.jpg
67748760,Absorouter Dragon,Dragon,DARK,7.0,1200.0,2800.0,https://images.ygoprodeck.com/images/cards_cropped/67748760.jpg
67750322,Skull Meister,Fiend,DARK,4.0,1700.0,400.0,https://images.ygoprodeck.com/images/cards_cropped/67750322.jpg
67754901,Odd-Eyes Mirage Dragon,Dragon,DARK,3.0,1200.0,600.0,https://images.ygoprodeck.com/images/cards_cropped/67754901.jpg
67757079,King of the Beasts,Beast,EARTH,7.0,2500.0,800.0,https://images.ygoprodeck.com/images/cards_cropped/67757079.jpg
67768675,Kaibaman the Legend,Warrior,LIGHT,1.0,200.0,700.0,https://images.ygoprodeck.com/images/cards_cropped/67768675.jpg
67808837,Performapal King Bear,Beast-Warrior,EARTH,6.0,2200.0,1000.0,https://images.ygoprodeck.com/images/cards_cropped/67808837.jpg
67841515,Barrel Lily,Plant,EARTH,3.0,1100.0,600.0,https://images.ygoprodeck.com/images/cards_cropped/67841515.jpg
67853262,Magician of Faithfulness,Spellcaster,LIGHT,5.0,600.0,800.0,https://images.ygoprodeck.com/images/cards_cropped/67853262.jpg
67886895,"Deep-Eyes White Dragon, the Blue Abyss",Dragon,LIGHT,10.0,0.0,0.0,https://images.ygoprodeck.com/images/cards_cropped/67886895.jpg
67922702,Mecha Phantom Beast Tetherwolf,Machine,WIND,4.0,1700.0,1200.0,https://images.ygoprodeck.com/images/cards_cropped/67922702.jpg
67934141,Ultimate Baseball Kid,Warrior,FIRE,3.0,500.0,1000.0,https://images.ygoprodeck.com/images/cards_cropped/67934141.jpg
67957315,Spirit Ryu,Dragon,WIND,4.0,1000.0,1000.0,https://images.ygoprodeck.com/images/cards_cropped/67957315.jpg
67959180,Goddess of Whim,Fairy,LIGHT,3.0,950.0,700.0,https://images.ygoprodeck.com/images/cards_cropped/67959180.jpg
67964209,Divine Dragon Aquabizarre,Sea Serpent,WATER,5.0,2100.0,1500.0,https://images.ygoprodeck.com/images/cards_cropped/67964209.jpg
67972302,Sakitama,Fairy,LIGHT,4.0,400.0,900.0,https://images.ygoprodeck.com/images/cards_cropped/67972302.jpg
67987302,Earthbound Linewalker,Fiend,DARK,4.0,1200.0,1900.0,https://images.ygoprodeck.com/images/cards_cropped/67987302.jpg
68007326,Guardian Angel Joan,Fairy,LIGHT,7.0,2800.0,2000.0,https://images.ygoprodeck.com/images/cards_cropped/68007326.jpg
68018709,Condemned Maiden,Fairy,LIGHT,4.0,100.0,2000.0,https://images.ygoprodeck.com/images/cards_cropped/68018709.jpg
68024506,Magical Musketeer Calamity,Fiend,LIGHT,4.0,1500.0,1300.0,https://images.ygoprodeck.com/images/cards_cropped/68024506.jpg
68049471,The Gross Ghost of Fled Dreams,Fiend,DARK,4.0,1300.0,1800.0,https://images.ygoprodeck.com/images/cards_cropped/68049471.jpg
68075840,Power Pro Knight Sisters,Warrior,LIGHT,4.0,1200.0,2400.0,https://images.ygoprodeck.com/images/cards_cropped/68075840.jpg
68078978,Fortune Fairy Chee,Spellcaster,EARTH,6.0,0.0,0.0,https://images.ygoprodeck.com/images/cards_cropped/68078978.jpg
68087897,Scary Moth,Insect,WIND,6.0,1800.0,2300.0,https://images.ygoprodeck.com/images/cards_cropped/68087897.jpg
68120130,Junk Defender,Warrior,EARTH,3.0,500.0,1800.0,https://images.ygoprodeck.com/images/cards_cropped/68120130.jpg
68140974,Meklord Emperor Wisel,Machine,DARK,1.0,2500.0,2500.0,https://images.ygoprodeck.com/images/cards_cropped/68140974.jpg
68144350,Battlin' Boxer Switchitter,Warrior,FIRE,4.0,1500.0,1400.0,https://images.ygoprodeck.com/images/cards_cropped/68144350.jpg
68144894,Hecahands Godos,Illusion,DARK,7.0,2300.0,2000.0,https://images.ygoprodeck.com/images/cards_cropped/68144894.jpg
68167124,Stinging Swordsman,Warrior,WIND,1.0,300.0,600.0,https://images.ygoprodeck.com/images/cards_cropped/68167124.jpg
68171737,Stone Dragon,Rock,EARTH,7.0,2000.0,2300.0,https://images.ygoprodeck.com/images/cards_cropped/68171737.jpg
68182934,Sky Dragoons of Draconia,Winged Beast,WIND,5.0,2200.0,200.0,https://images.ygoprodeck.com/images/cards_cropped/68182934.jpg
68184115,Inzektor Dragonfly,Insect,DARK,3.0,1000.0,1800.0,https://images.ygoprodeck.com/images/cards_cropped/68184115.jpg
68199168,"Harr, Generaider Boss of Storms",Spellcaster,DARK,9.0,3000.0,3000.0,https://images.ygoprodeck.com/images/cards_cropped/68199168.jpg
68215963,Crystal Beast Emerald Tortoise,Aqua,WATER,3.0,600.0,2000.0,https://images.ygoprodeck.com/images/cards_cropped/68215963.jpg
68226653,Flamvell Dragnov,Dragon,FIRE,2.0,1100.0,200.0,https://images.ygoprodeck.com/images/cards_cropped/68226653.jpg
68246154,Magical Musketeer Doc,Fiend,LIGHT,3.0,1400.0,1200.0,https://images.ygoprodeck.com/images/cards_cropped/68246154.jpg
68258355,ZS - Armed Sage,Warrior,LIGHT,4.0,300.0,900.0,https://images.ygoprodeck.com/images/cards_cropped/68258355.jpg
68280530,Royal Knight,Fairy,LIGHT,3.0,1300.0,800.0,https://images.ygoprodeck.com/images/cards_cropped/68280530.jpg
68299524,Pandemic Dragon,Dragon,DARK,7.0,2500.0,1000.0,https://images.ygoprodeck.com/images/cards_cropped/68299524.jpg
68304193,Kashtira Unicorn,Psychic,WIND,7.0,2500.0,2100.0,https://images.ygoprodeck.com/images/cards_cropped/68304193.jpg
68339286,Metal Guardian,Fiend,DARK,5.0,1150.0,2150.0,https://images.ygoprodeck.com/images/cards_cropped/68339286.jpg
68353324,Nimble Beaver,Beast,WATER,2.0,400.0,200.0,https://images.ygoprodeck.com/images/cards_cropped/68353324.jpg
68366996,Gemini Soldier,Warrior,WIND,2.0,500.0,300.0,https://images.ygoprodeck.com/images/cards_cropped/68366996.jpg
68371799,Archfiend Commander,Fiend,DARK,6.0,2500.0,1200.0,https://images.ygoprodeck.com/images/cards_cropped/68371799.jpg
68378605,Vodnika the Fountain Spirit,Aqua,LIGHT,10.0,2000.0,2100.0,https://images.ygoprodeck.com/images/cards_cropped/68378605.jpg
68395509,Majespecter Crow - Yata,Spellcaster,WIND,4.0,1000.0,1500.0,https://images.ygoprodeck.com/images/cards_cropped/68395509.jpg
68401546,Fairy's Gift,Spellcaster,LIGHT,4.0,1400.0,1000.0,https://images.ygoprodeck.com/images/cards_cropped/68401546.jpg
68406755,Triamid Sphinx,Rock,EARTH,10.0,2500.0,2500.0,https://images.ygoprodeck.com/images/cards_cropped/68406755.jpg
68450517,Genex Ally Duradark,Machine,DARK,4.0,1800.0,200.0,https://images.ygoprodeck.com/images/cards_cropped/68450517.jpg
68464358,Rokket Tracer,Dragon,DARK,4.0,1600.0,1000.0,https://images.ygoprodeck.com/images/cards_cropped/68464358.jpg
68468459,Fallen of Albaz,Dragon,DARK,4.0,1800.0,0.0,https://images.ygoprodeck.com/images/cards_cropped/68468459.jpg
68473226,Hardened Armed Dragon,Dragon,EARTH,4.0,1500.0,800.0,https://images.ygoprodeck.com/images/cards_cropped/68473226.jpg
68505803,Genex Controller,Machine,DARK,3.0,1400.0,1200.0,https://images.ygoprodeck.com/images/cards_cropped/68505803.jpg
68516705,Mystic Horseman,Beast,EARTH,4.0,1300.0,1550.0,https://images.ygoprodeck.com/images/cards_cropped/68516705.jpg
68535320,Fire Hand,Pyro,FIRE,4.0,1600.0,1000.0,https://images.ygoprodeck.com/images/cards_cropped/68535320.jpg
68543408,Stardust Xiaolong,Dragon,LIGHT,1.0,100.0,100.0,https://images.ygoprodeck.com/images/cards_cropped/68543408.jpg
68601507,Bujingi Crane,Winged Beast,LIGHT,4.0,1600.0,300.0,https://images.ygoprodeck.com/images/cards_cropped/68601507.jpg
68625623,Unchained Malevolent Magistrate Kamura,Fiend,DARK,8.0,2000.0,2500.0,https://images.ygoprodeck.com/images/cards_cropped/68625623.jpg
68625727,Prediction Princess Petalelf,Fairy,EARTH,3.0,800.0,700.0,https://images.ygoprodeck.com/images/cards_cropped/68625727.jpg
68638985,Slime Toad,Aqua,WATER,2.0,700.0,500.0,https://images.ygoprodeck.com/images/cards_cropped/68638985.jpg
68658728,Little Chimera,Beast,FIRE,2.0,600.0,550.0,https://images.ygoprodeck.com/images/cards_cropped/68658728.jpg
68670547,Paladin of the Cursed Dragon,Zombie,LIGHT,4.0,1900.0,1200.0,https://images.ygoprodeck.com/images/cards_cropped/68670547.jpg
68722455,Red Ogre,Zombie,EARTH,7.0,2800.0,2100.0,https://images.ygoprodeck.com/images/cards_cropped/68722455.jpg
68756810,Cutter Shark,Fish,WATER,5.0,0.0,2000.0,https://images.ygoprodeck.com/images/cards_cropped/68756810.jpg
68762510,Lucky Pied Piper,Fairy,WIND,4.0,1500.0,500.0,https://images.ygoprodeck.com/images/cards_cropped/68762510.jpg
68769900,"Redbeard, the Plunder Patroll Matey",Fiend,WATER,4.0,1000.0,1000.0,https://images.ygoprodeck.com/images/cards_cropped/68769900.jpg
68774379,Cyber Barrier Dragon,Machine,LIGHT,6.0,800.0,2800.0,https://images.ygoprodeck.com/images/cards_cropped/68774379.jpg
68809475,Koa'ki Meiru Speeder,Machine,WIND,3.0,1200.0,2200.0,https://images.ygoprodeck.com/images/cards_cropped/68809475.jpg
68810435,Cooky☆Yummy,Beast,LIGHT,1.0,1000.0,0.0,https://images.ygoprodeck.com/images/cards_cropped/68810435.jpg
68811206,Tyler the Great Warrior,Warrior,EARTH,8.0,3000.0,1500.0,https://images.ygoprodeck.com/images/cards_cropped/68811206.jpg
68812773,Lillybot,Machine,LIGHT,4.0,500.0,2000.0,https://images.ygoprodeck.com/images/cards_cropped/68812773.jpg
68815132,Harpie Dancer,Winged Beast,WIND,4.0,1200.0,1000.0,https://images.ygoprodeck.com/images/cards_cropped/68815132.jpg
68819554,Performage Damage Juggler,Spellcaster,LIGHT,4.0,1500.0,1000.0,https://images.ygoprodeck.com/images/cards_cropped/68819554.jpg
68823957,Subterror Nemesis Defender,Beast-Warrior,EARTH,2.0,100.0,2000.0,https://images.ygoprodeck.com/images/cards_cropped/68823957.jpg
68846917,Rock Ogre Grotto #1,Rock,EARTH,3.0,800.0,1200.0,https://images.ygoprodeck.com/images/cards_cropped/68846917.jpg
68860936,Tindangle Angel,Fiend,DARK,4.0,500.0,1800.0,https://images.ygoprodeck.com/images/cards_cropped/68860936.jpg
68870276,Fiend Reflection #1,Winged Beast,WIND,4.0,1300.0,1400.0,https://images.ygoprodeck.com/images/cards_cropped/68870276.jpg
68881649,Familiar-Possessed - Eria,Spellcaster,WATER,4.0,1850.0,1500.0,https://images.ygoprodeck.com/images/cards_cropped/68881649.jpg
68897338,The Fabled Behilmoth,Beast,LIGHT,2.0,1000.0,600.0,https://images.ygoprodeck.com/images/cards_cropped/68897338.jpg
68928540,Kamakiriman,Insect,EARTH,4.0,1150.0,1400.0,https://images.ygoprodeck.com/images/cards_cropped/68928540.jpg
68933343,Symphonic Warrior Basses,Machine,WIND,1.0,600.0,400.0,https://images.ygoprodeck.com/images/cards_cropped/68933343.jpg
68950538,Digital Bug Centibit,Insect,LIGHT,3.0,1500.0,500.0,https://images.ygoprodeck.com/images/cards_cropped/68950538.jpg
68963107,Boo Koo,Spellcaster,DARK,2.0,650.0,500.0,https://images.ygoprodeck.com/images/cards_cropped/68963107.jpg
68989981,Samurai Skull,Zombie,DARK,4.0,1700.0,0.0,https://images.ygoprodeck.com/images/cards_cropped/68989981.jpg
69000994,Fire King Avatar Barong,Beast-Warrior,FIRE,4.0,1800.0,200.0,https://images.ygoprodeck.com/images/cards_cropped/69000994.jpg
69015963,Cyber-Stein,Machine,DARK,2.0,700.0,500.0,https://images.ygoprodeck.com/images/cards_cropped/69015963.jpg
69023354,Air Armor Ninja,Warrior,WIND,4.0,1400.0,1400.0,https://images.ygoprodeck.com/images/cards_cropped/69023354.jpg
69025477,The Six Samurai - Yariza,Warrior,EARTH,3.0,1000.0,500.0,https://images.ygoprodeck.com/images/cards_cropped/69025477.jpg
69072185,Amorphage Goliath,Dragon,EARTH,8.0,2750.0,0.0,https://images.ygoprodeck.com/images/cards_cropped/69072185.jpg
69105797,Predaplant Squid Drosera,Plant,DARK,2.0,800.0,400.0,https://images.ygoprodeck.com/images/cards_cropped/69105797.jpg
69109764,Hibernation Dragon,Dragon,DARK,3.0,600.0,1500.0,https://images.ygoprodeck.com/images/cards_cropped/69109764.jpg
69120785,The Bystial Alba Los,Dragon,LIGHT,12.0,3500.0,3500.0,https://images.ygoprodeck.com/images/cards_cropped/69120785.jpg
69123138,Zera the Mant,Fiend,DARK,8.0,2800.0,2300.0,https://images.ygoprodeck.com/images/cards_cropped/69123138.jpg
69133798,Daidara-Bocchi,Zombie,EARTH,10.0,2900.0,2500.0,https://images.ygoprodeck.com/images/cards_cropped/69133798.jpg
69140098,Gemini Elf,Spellcaster,EARTH,4.0,1900.0,900.0,https://images.ygoprodeck.com/images/cards_cropped/69140098.jpg
69155991,Scrap Shark,Fish,EARTH,4.0,2100.0,0.0,https://images.ygoprodeck.com/images/cards_cropped/69155991.jpg
69170403,Astra Ghouls,Zombie,EARTH,5.0,0.0,2000.0,https://images.ygoprodeck.com/images/cards_cropped/69170403.jpg
69181753,Performapal Kuribohble,Fiend,DARK,1.0,300.0,200.0,https://images.ygoprodeck.com/images/cards_cropped/69181753.jpg
69207766,Inzektor Hornet,Insect,DARK,3.0,500.0,200.0,https://images.ygoprodeck.com/images/cards_cropped/69207766.jpg
69211541,Performapal Partnaga,Reptile,EARTH,5.0,500.0,2100.0,https://images.ygoprodeck.com/images/cards_cropped/69211541.jpg
69228245,Performapal Changeraffe,Beast,EARTH,1.0,100.0,500.0,https://images.ygoprodeck.com/images/cards_cropped/69228245.jpg
69230391,Thestalos the Mega Monarch,Pyro,FIRE,8.0,2800.0,1000.0,https://images.ygoprodeck.com/images/cards_cropped/69230391.jpg
69243722,Gem-Knight Emerald,Rock,EARTH,4.0,1800.0,800.0,https://images.ygoprodeck.com/images/cards_cropped/69243722.jpg
69247929,Gene-Warped Warwolf,Beast-Warrior,EARTH,4.0,2000.0,100.0,https://images.ygoprodeck.com/images/cards_cropped/69247929.jpg
69272449,Maliss <P> White Rabbit,Cyberse,DARK,3.0,1200.0,300.0,https://images.ygoprodeck.com/images/cards_cropped/69272449.jpg
69293721,Mermail Abyssgunde,Aqua,WATER,3.0,1400.0,800.0,https://images.ygoprodeck.com/images/cards_cropped/69293721.jpg
69303178,Majestic Mech - Ohka,Fairy,LIGHT,6.0,2400.0,1400.0,https://images.ygoprodeck.com/images/cards_cropped/69303178.jpg
69304426,Artifact Vajra,Fairy,LIGHT,5.0,1800.0,1900.0,https://images.ygoprodeck.com/images/cards_cropped/69304426.jpg
69327790,Raiza the Mega Monarch,Winged Beast,WIND,8.0,2800.0,1000.0,https://images.ygoprodeck.com/images/cards_cropped/69327790.jpg
69351984,Metalfoes Volflame,Psychic,FIRE,7.0,2400.0,2000.0,https://images.ygoprodeck.com/images/cards_cropped/69351984.jpg
69380702,Bunilla,Beast,EARTH,1.0,150.0,2050.0,https://images.ygoprodeck.com/images/cards_cropped/69380702.jpg
69436288,Doom Kraken,Aqua,WATER,4.0,1400.0,1600.0,https://images.ygoprodeck.com/images/cards_cropped/69436288.jpg
69448290,Mist Valley Thunderbird,Thunder,WIND,3.0,1100.0,700.0,https://images.ygoprodeck.com/images/cards_cropped/69448290.jpg
69455834,King of Yamimakai,Fiend,DARK,5.0,2000.0,1530.0,https://images.ygoprodeck.com/images/cards_cropped/69455834.jpg
69456283,Koitsu,Fairy,WATER,10.0,200.0,100.0,https://images.ygoprodeck.com/images/cards_cropped/69456283.jpg
69488544,Phoenix Gearfried,Warrior,FIRE,8.0,2800.0,2200.0,https://images.ygoprodeck.com/images/cards_cropped/69488544.jpg
69512157,"Vector Pendulum, the Dracoverlord",Dragon,DARK,4.0,1850.0,0.0,https://images.ygoprodeck.com/images/cards_cropped/69512157.jpg
69526976,Cupid Dunk,Fairy,LIGHT,4.0,1800.0,600.0,https://images.ygoprodeck.com/images/cards_cropped/69526976.jpg
69529337,Triamid Dancer,Rock,EARTH,3.0,600.0,1900.0,https://images.ygoprodeck.com/images/cards_cropped/69529337.jpg
69529567,Playful Possum,Beast,EARTH,2.0,800.0,600.0,https://images.ygoprodeck.com/images/cards_cropped/69529567.jpg
69550259,Speedroid Block-n-Roll,Machine,WIND,4.0,1000.0,1800.0,https://images.ygoprodeck.com/images/cards_cropped/69550259.jpg
69572024,Tongyo,Fish,WATER,4.0,1350.0,800.0,https://images.ygoprodeck.com/images/cards_cropped/69572024.jpg
69572169,Elemental HERO Flash,Warrior,LIGHT,4.0,1100.0,1600.0,https://images.ygoprodeck.com/images/cards_cropped/69572169.jpg
69579761,Des Koala,Beast,DARK,3.0,1100.0,1800.0,https://images.ygoprodeck.com/images/cards_cropped/69579761.jpg
69610326,Supreme King Dragon Darkwurm,Dragon,DARK,4.0,1800.0,1200.0,https://images.ygoprodeck.com/images/cards_cropped/69610326.jpg
69633792,Evolsaur Terias,Dinosaur,FIRE,6.0,2400.0,600.0,https://images.ygoprodeck.com/images/cards_cropped/69633792.jpg
69669405,Horn Imp,Fiend,DARK,4.0,1300.0,1000.0,https://images.ygoprodeck.com/images/cards_cropped/69669405.jpg
69680031,"Dogmatika Fleurdelis, the Knighted",Spellcaster,LIGHT,8.0,2500.0,2500.0,https://images.ygoprodeck.com/images/cards_cropped/69680031.jpg
69695704,Battlestorm,Winged Beast,DARK,4.0,1700.0,1000.0,https://images.ygoprodeck.com/images/cards_cropped/69695704.jpg
69723159,Bujingi Quilin,Beast,LIGHT,4.0,1600.0,900.0,https://images.ygoprodeck.com/images/cards_cropped/69723159.jpg
69750536,Wow Warrior,Fish,WATER,4.0,1250.0,900.0,https://images.ygoprodeck.com/images/cards_cropped/69750536.jpg
69750546,Volcanic Scattershot,Pyro,FIRE,2.0,500.0,0.0,https://images.ygoprodeck.com/images/cards_cropped/69750546.jpg
69764158,Peropero Cerperus,Beast,EARTH,3.0,0.0,1800.0,https://images.ygoprodeck.com/images/cards_cropped/69764158.jpg
69780745,Garvas,Beast,EARTH,6.0,2000.0,1700.0,https://images.ygoprodeck.com/images/cards_cropped/69780745.jpg
69811710,"Girsu, the Orcust Mekk-Knight",Machine,DARK,4.0,1800.0,0.0,https://images.ygoprodeck.com/images/cards_cropped/69811710.jpg
69815951,Drytron Meteonis Draconids,Machine,LIGHT,12.0,4000.0,4000.0,https://images.ygoprodeck.com/images/cards_cropped/69815951.jpg
69831560,Arcana Force EX - The Dark Ruler,Fairy,LIGHT,10.0,4000.0,4000.0,https://images.ygoprodeck.com/images/cards_cropped/69831560.jpg
69838592,Yosenju Oyam,Beast,WIND,6.0,-1.0,-1.0,https://images.ygoprodeck.com/images/cards_cropped/69838592.jpg
69838761,Machina Metalcruncher,Machine,EARTH,9.0,2800.0,0.0,https://images.ygoprodeck.com/images/cards_cropped/69838761.jpg
69846323,Piercing Moray,Fish,WATER,4.0,1500.0,500.0,https://images.ygoprodeck.com/images/cards_cropped/69846323.jpg
69852487,Astraltopia,Warrior,LIGHT,4.0,0.0,0.0,https://images.ygoprodeck.com/images/cards_cropped/69852487.jpg
69865139,Guiding Light,Fairy,LIGHT,1.0,0.0,0.0,https://images.ygoprodeck.com/images/cards_cropped/69865139.jpg
69884162,Elemental HERO Neos Alius,Warrior,LIGHT,4.0,1900.0,1300.0,https://images.ygoprodeck.com/images/cards_cropped/69884162.jpg
69890967,"Raviel, Lord of Phantasms",Fiend,DARK,10.0,4000.0,4000.0,https://images.ygoprodeck.com/images/cards_cropped/69890967.jpg
69893315,Dice Armadillo,Machine,EARTH,5.0,1650.0,1800.0,https://images.ygoprodeck.com/images/cards_cropped/69893315.jpg
69925461,Toy Tank,Machine,LIGHT,4.0,1000.0,2100.0,https://images.ygoprodeck.com/images/cards_cropped/69925461.jpg
69931927,Earthbound Immortal Chacu Challhua,Fish,DARK,10.0,2900.0,2400.0,https://images.ygoprodeck.com/images/cards_cropped/69931927.jpg
69933858,Gilford the Legend,Warrior,EARTH,8.0,2600.0,2000.0,https://images.ygoprodeck.com/images/cards_cropped/69933858.jpg
69937550,Crystal Beast Amber Mammoth,Beast,EARTH,4.0,1700.0,1600.0,https://images.ygoprodeck.com/images/cards_cropped/69937550.jpg
69975751,Dragunity Guisarme,Dragon,WIND,3.0,600.0,1600.0,https://images.ygoprodeck.com/images/cards_cropped/69975751.jpg
69992868,Muse-A,Fairy,LIGHT,3.0,850.0,900.0,https://images.ygoprodeck.com/images/cards_cropped/69992868.jpg
70026064,Bujin Hiruko,Beast-Warrior,LIGHT,4.0,1000.0,2000.0,https://images.ygoprodeck.com/images/cards_cropped/70026064.jpg
70050374,Twin-Barrel Dragon,Machine,DARK,4.0,1700.0,200.0,https://images.ygoprodeck.com/images/cards_cropped/70050374.jpg
70054514,Darksea Float,Machine,DARK,1.0,0.0,300.0,https://images.ygoprodeck.com/images/cards_cropped/70054514.jpg
70074904,D.D. Assailant,Warrior,EARTH,4.0,1700.0,1600.0,https://images.ygoprodeck.com/images/cards_cropped/70074904.jpg
70083723,Naturia Dragonfly,Insect,EARTH,4.0,1200.0,400.0,https://images.ygoprodeck.com/images/cards_cropped/70083723.jpg
70084224,Neck Hunter,Fiend,DARK,6.0,1750.0,1900.0,https://images.ygoprodeck.com/images/cards_cropped/70084224.jpg
70088809,Fydraulis Harmonia,Dragon,DARK,7.0,2500.0,2000.0,https://images.ygoprodeck.com/images/cards_cropped/70088809.jpg
70089580,Aurora Wing,Winged Beast,WATER,4.0,1200.0,1600.0,https://images.ygoprodeck.com/images/cards_cropped/70089580.jpg
70095046,Clear Vicious Knight,Warrior,DARK,7.0,2300.0,1100.0,https://images.ygoprodeck.com/images/cards_cropped/70095046.jpg
70095154,Cyber Dragon,Machine,LIGHT,5.0,2100.0,1600.0,https://images.ygoprodeck.com/images/cards_cropped/70095154.jpg
70101178,Panther Shark,Fish,WATER,5.0,1100.0,2000.0,https://images.ygoprodeck.com/images/cards_cropped/70101178.jpg
70117860,Windwitch - Snow Bell,Spellcaster,WIND,1.0,100.0,100.0,https://images.ygoprodeck.com/images/cards_cropped/70117860.jpg
70124586,Holding Legs,Fiend,DARK,4.0,800.0,600.0,https://images.ygoprodeck.com/images/cards_cropped/70124586.jpg
70138455,Blast Juggler,Machine,FIRE,3.0,800.0,900.0,https://images.ygoprodeck.com/images/cards_cropped/70138455.jpg
70155677,Dreaming Nemleria,Fairy,LIGHT,1.0,0.0,1500.0,https://images.ygoprodeck.com/images/cards_cropped/70155677.jpg
70156946,Lantern Shark,Fish,WATER,4.0,1500.0,900.0,https://images.ygoprodeck.com/images/cards_cropped/70156946.jpg
70180284,Secret Six Samurai - Doji,Warrior,DARK,4.0,1700.0,1200.0,https://images.ygoprodeck.com/images/cards_cropped/70180284.jpg
70187958,Dark Desertapir,Beast,EARTH,2.0,1100.0,300.0,https://images.ygoprodeck.com/images/cards_cropped/70187958.jpg
70194827,Blade Bounzer,Warrior,EARTH,4.0,1800.0,1400.0,https://images.ygoprodeck.com/images/cards_cropped/70194827.jpg
70204022,Symphonic Warrior DJJ,Machine,WIND,4.0,1200.0,1200.0,https://images.ygoprodeck.com/images/cards_cropped/70204022.jpg
70261145,Naturia Tulip,Plant,EARTH,2.0,600.0,1500.0,https://images.ygoprodeck.com/images/cards_cropped/70261145.jpg
70271583,"Karakuri Watchdog mdl 313 ""Saizan""",Machine,EARTH,4.0,600.0,1800.0,https://images.ygoprodeck.com/images/cards_cropped/70271583.jpg
70298454,Leng Ling,Dragon,DARK,3.0,1500.0,0.0,https://images.ygoprodeck.com/images/cards_cropped/70298454.jpg
70307656,Mucus Yolk,Aqua,DARK,3.0,0.0,100.0,https://images.ygoprodeck.com/images/cards_cropped/70307656.jpg
70333910,Noctovision Dragon,Dragon,DARK,7.0,0.0,2800.0,https://images.ygoprodeck.com/images/cards_cropped/70333910.jpg
70335319,All-Eyes Phantom Dragon,Dragon,LIGHT,10.0,3000.0,2500.0,https://images.ygoprodeck.com/images/cards_cropped/70335319.jpg
70345785,Yamadron,Dragon,FIRE,5.0,1600.0,1800.0,https://images.ygoprodeck.com/images/cards_cropped/70345785.jpg
70355994,Brotherhood of the Fire Fist - Gorilla,Beast-Warrior,FIRE,4.0,1600.0,1000.0,https://images.ygoprodeck.com/images/cards_cropped/70355994.jpg
70405001,Black Luster Soldier - Soldier of Light and Darkness,Warrior,EARTH,8.0,3000.0,2500.0,https://images.ygoprodeck.com/images/cards_cropped/70405001.jpg
70410002,The Accumulator,Thunder,LIGHT,1.0,0.0,0.0,https://images.ygoprodeck.com/images/cards_cropped/70410002.jpg
70417076,Performage Wind Drainer,Spellcaster,WIND,5.0,2100.0,0.0,https://images.ygoprodeck.com/images/cards_cropped/70417076.jpg
70427670,Predaplant Bufolicula,Plant,DARK,1.0,0.0,0.0,https://images.ygoprodeck.com/images/cards_cropped/70427670.jpg
70456282,Assault Blackwing - Kunai the Drizzle,Winged Beast,DARK,5.0,2100.0,1600.0,https://images.ygoprodeck.com/images/cards_cropped/70456282.jpg
70458081,Performapal Thunderhino,Rock,LIGHT,3.0,200.0,1800.0,https://images.ygoprodeck.com/images/cards_cropped/70458081.jpg
70465810,Blackwing - Sudri the Phantom Glimmer,Winged Beast,DARK,4.0,1400.0,1400.0,https://images.ygoprodeck.com/images/cards_cropped/70465810.jpg
70479321,Performapal Drummerilla,Beast,EARTH,5.0,1600.0,900.0,https://images.ygoprodeck.com/images/cards_cropped/70479321.jpg
70488851,Vidolium the Unstable Power Patron of Unity,Fairy,DARK,12.0,5000.0,0.0,https://images.ygoprodeck.com/images/cards_cropped/70488851.jpg
70491682,Vendread Anima,Zombie,DARK,1.0,0.0,0.0,https://images.ygoprodeck.com/images/cards_cropped/70491682.jpg
70493141,The Ascended of Thunder,Thunder,LIGHT,7.0,2700.0,2400.0,https://images.ygoprodeck.com/images/cards_cropped/70493141.jpg
70546737,Umbral Horror Will o' the Wisp,Fiend,DARK,1.0,0.0,0.0,https://images.ygoprodeck.com/images/cards_cropped/70546737.jpg
70551291,Black Luster Soldier - Legendary Swordsman,Warrior,EARTH,8.0,3000.0,2500.0,https://images.ygoprodeck.com/images/cards_cropped/70551291.jpg
70595331,Il Blud,Zombie,DARK,6.0,2100.0,800.0,https://images.ygoprodeck.com/images/cards_cropped/70595331.jpg
70624184,Constellar Rasalhague,Spellcaster,LIGHT,2.0,900.0,100.0,https://images.ygoprodeck.com/images/cards_cropped/70624184.jpg
70630741,Rescue Warrior,Warrior,EARTH,4.0,1600.0,1700.0,https://images.ygoprodeck.com/images/cards_cropped/70630741.jpg
70645913,Vampire Retainer,Zombie,DARK,2.0,1200.0,0.0,https://images.ygoprodeck.com/images/cards_cropped/70645913.jpg
70655556,Spear Shark,Fish,WATER,4.0,1600.0,1400.0,https://images.ygoprodeck.com/images/cards_cropped/70655556.jpg
70668285,Star Seraph Sword,Fairy,LIGHT,4.0,1400.0,1000.0,https://images.ygoprodeck.com/images/cards_cropped/70668285.jpg
70676581,Dark General Freed,Warrior,DARK,5.0,2300.0,1700.0,https://images.ygoprodeck.com/images/cards_cropped/70676581.jpg
70686400,Witchcrafter Terracottan,Spellcaster,EARTH,2.0,0.0,2000.0,https://images.ygoprodeck.com/images/cards_cropped/70686400.jpg
70703416,Hexa Spirit of the Ice Barrier,Sea Serpent,WATER,1.0,400.0,200.0,https://images.ygoprodeck.com/images/cards_cropped/70703416.jpg
70711847,Danger! Nessie!,Aqua,DARK,7.0,1600.0,2800.0,https://images.ygoprodeck.com/images/cards_cropped/70711847.jpg
70717628,Clear Phantom,Fiend,DARK,3.0,1200.0,800.0,https://images.ygoprodeck.com/images/cards_cropped/70717628.jpg
70744296,Ipiria,Reptile,EARTH,2.0,500.0,500.0,https://images.ygoprodeck.com/images/cards_cropped/70744296.jpg
70781052,Summoned Skull,Fiend,DARK,6.0,2500.0,1200.0,https://images.ygoprodeck.com/images/cards_cropped/70781052.jpg
70791313,Royal Magical Library,Spellcaster,LIGHT,4.0,0.0,2000.0,https://images.ygoprodeck.com/images/cards_cropped/70791313.jpg
70797118,Thunder Nyan Nyan,Thunder,LIGHT,4.0,1900.0,800.0,https://images.ygoprodeck.com/images/cards_cropped/70797118.jpg
70821187,Regenerating Mummy,Zombie,DARK,4.0,1800.0,1500.0,https://images.ygoprodeck.com/images/cards_cropped/70821187.jpg
70832512,Absolute Crusader,Warrior,EARTH,4.0,1800.0,1200.0,https://images.ygoprodeck.com/images/cards_cropped/70832512.jpg
70843274,Psychic Processor,Psychic,DARK,3.0,0.0,1500.0,https://images.ygoprodeck.com/images/cards_cropped/70843274.jpg
70856343,Radiant Vouirescence,Dragon,LIGHT,4.0,1600.0,800.0,https://images.ygoprodeck.com/images/cards_cropped/70856343.jpg
70860415,X-Cross Cannon,Machine,LIGHT,4.0,1800.0,1500.0,https://images.ygoprodeck.com/images/cards_cropped/70860415.jpg
70871153,Dracotail Urgula,Dragon,FIRE,6.0,2400.0,1000.0,https://images.ygoprodeck.com/images/cards_cropped/70871153.jpg
70903634,Right Arm of the Forbidden One,Spellcaster,DARK,1.0,200.0,300.0,https://images.ygoprodeck.com/images/cards_cropped/70903634.jpg
70908596,Constellar Kaus,Beast-Warrior,LIGHT,4.0,1800.0,700.0,https://images.ygoprodeck.com/images/cards_cropped/70908596.jpg
70914287,Kuribabylon,Fiend,DARK,5.0,1500.0,1000.0,https://images.ygoprodeck.com/images/cards_cropped/70914287.jpg
70917315,Amorphage Lechery,Dragon,EARTH,2.0,1350.0,0.0,https://images.ygoprodeck.com/images/cards_cropped/70917315.jpg
70924884,Alinsection,Insect,EARTH,3.0,950.0,700.0,https://images.ygoprodeck.com/images/cards_cropped/70924884.jpg
70939418,Speedroid Gum Prize,Machine,WIND,1.0,0.0,800.0,https://images.ygoprodeck.com/images/cards_cropped/70939418.jpg
70948327,Nanobreaker,Machine,EARTH,4.0,1600.0,1800.0,https://images.ygoprodeck.com/images/cards_cropped/70948327.jpg
70950698,Boot Staggered,Cyberse,LIGHT,5.0,2300.0,500.0,https://images.ygoprodeck.com/images/cards_cropped/70950698.jpg
70969517,Phantom Beast Rock-Lizard,Beast-Warrior,DARK,7.0,2200.0,2000.0,https://images.ygoprodeck.com/images/cards_cropped/70969517.jpg
70975131,Watch Cat,Beast,EARTH,1.0,0.0,1800.0,https://images.ygoprodeck.com/images/cards_cropped/70975131.jpg
71002019,Mudan the Rikka Fairy,Plant,WATER,6.0,1000.0,2400.0,https://images.ygoprodeck.com/images/cards_cropped/71002019.jpg
71007216,Windwitch - Glass Bell,Spellcaster,WIND,4.0,1500.0,1500.0,https://images.ygoprodeck.com/images/cards_cropped/71007216.jpg
71015787,Silent Wobby,Fish,WATER,4.0,1000.0,2000.0,https://images.ygoprodeck.com/images/cards_cropped/71015787.jpg
71036835,Kuribee,Fiend,DARK,1.0,300.0,200.0,https://images.ygoprodeck.com/images/cards_cropped/71036835.jpg
71039903,The White Stone of Ancients,Dragon,LIGHT,1.0,600.0,500.0,https://images.ygoprodeck.com/images/cards_cropped/71039903.jpg
71068263,Stuffed Animal,Warrior,EARTH,3.0,1200.0,900.0,https://images.ygoprodeck.com/images/cards_cropped/71068263.jpg
71071546,Orbital 7,Machine,LIGHT,4.0,500.0,2000.0,https://images.ygoprodeck.com/images/cards_cropped/71071546.jpg
71074418,Witchcrafter Golem Aruru,Spellcaster,LIGHT,8.0,2800.0,0.0,https://images.ygoprodeck.com/images/cards_cropped/71074418.jpg
71106375,Jurrac Iguanon,Dinosaur,FIRE,4.0,1700.0,700.0,https://images.ygoprodeck.com/images/cards_cropped/71106375.jpg
71107816,The Bistro Butcher,Fiend,DARK,4.0,1800.0,1000.0,https://images.ygoprodeck.com/images/cards_cropped/71107816.jpg
71108540,Invincible Demise Lord,Fiend,DARK,6.0,1300.0,2000.0,https://images.ygoprodeck.com/images/cards_cropped/71108540.jpg
71133680,Mermail Abyssnerei,Aqua,WATER,3.0,1200.0,2000.0,https://images.ygoprodeck.com/images/cards_cropped/71133680.jpg
71155456,Xenovader△ of Sky Sheol,Psychic,LIGHT,2.0,1200.0,200.0,https://images.ygoprodeck.com/images/cards_cropped/71155456.jpg
71172240,Backlinker,Cyberse,DARK,3.0,1600.0,0.0,https://images.ygoprodeck.com/images/cards_cropped/71172240.jpg
71175527,"Pilica, Descendant of Gusto",Psychic,WIND,3.0,1000.0,1500.0,https://images.ygoprodeck.com/images/cards_cropped/71175527.jpg
71181155,Phantom Beast Cross-Wing,Beast-Warrior,LIGHT,4.0,1300.0,1300.0,https://images.ygoprodeck.com/images/cards_cropped/71181155.jpg
71187462,Blackwing - Vata the Emblem of Wandering,Winged Beast,DARK,2.0,800.0,0.0,https://images.ygoprodeck.com/images/cards_cropped/71187462.jpg
71197066,"Gizmek Orochi, the Serpentron Sky Slasher",Machine,DARK,8.0,2450.0,2450.0,https://images.ygoprodeck.com/images/cards_cropped/71197066.jpg
71200730,Despair from the Dark,Zombie,DARK,8.0,2800.0,3000.0,https://images.ygoprodeck.com/images/cards_cropped/71200730.jpg
71203602,Evigishki Levianima,Aqua,WATER,8.0,2700.0,1500.0,https://images.ygoprodeck.com/images/cards_cropped/71203602.jpg
71207871,Secret Six Samurai - Fuma,Warrior,WIND,1.0,200.0,1800.0,https://images.ygoprodeck.com/images/cards_cropped/71207871.jpg
71209500,Amazoness Scouts,Warrior,EARTH,2.0,500.0,1100.0,https://images.ygoprodeck.com/images/cards_cropped/71209500.jpg
71218746,Drillroid,Machine,EARTH,4.0,1600.0,1600.0,https://images.ygoprodeck.com/images/cards_cropped/71218746.jpg
71222649,Twilight Specter Rayrage,Dragon,LIGHT,3.0,1000.0,1500.0,https://images.ygoprodeck.com/images/cards_cropped/71222649.jpg
71228611,Eucalyptus Mole,Plant,EARTH,3.0,300.0,1300.0,https://images.ygoprodeck.com/images/cards_cropped/71228611.jpg
71277255,Mannadium Riumheart,Warrior,LIGHT,4.0,1500.0,2100.0,https://images.ygoprodeck.com/images/cards_cropped/71277255.jpg
71278040,Parallel eXceed,Cyberse,WIND,8.0,2000.0,2000.0,https://images.ygoprodeck.com/images/cards_cropped/71278040.jpg
71279983,U.A. Dreadnought Dunker,Warrior,EARTH,7.0,2500.0,1800.0,https://images.ygoprodeck.com/images/cards_cropped/71279983.jpg
71280811,Yaranzo,Zombie,DARK,4.0,1300.0,1500.0,https://images.ygoprodeck.com/images/cards_cropped/71280811.jpg
71283180,Tornado Bird,Winged Beast,WIND,4.0,1100.0,1000.0,https://images.ygoprodeck.com/images/cards_cropped/71283180.jpg
71315423,Worm Millidith,Reptile,LIGHT,4.0,400.0,1600.0,https://images.ygoprodeck.com/images/cards_cropped/71315423.jpg
71340250,Mixeroid,Machine,WIND,4.0,0.0,2200.0,https://images.ygoprodeck.com/images/cards_cropped/71340250.jpg
71341529,Infernity Knight,Fiend,DARK,3.0,1400.0,400.0,https://images.ygoprodeck.com/images/cards_cropped/71341529.jpg
71353388,Reed Butterfly,Insect,WIND,1.0,300.0,600.0,https://images.ygoprodeck.com/images/cards_cropped/71353388.jpg
71386411,Superheavy Samurai Fist,Machine,EARTH,2.0,900.0,900.0,https://images.ygoprodeck.com/images/cards_cropped/71386411.jpg
71395725,Man Beast of Ares,Beast-Warrior,EARTH,3.0,500.0,500.0,https://images.ygoprodeck.com/images/cards_cropped/71395725.jpg
71406430,Libromancer Doombroker,Fiend,DARK,6.0,2500.0,2000.0,https://images.ygoprodeck.com/images/cards_cropped/71406430.jpg
71407486,Fireyarou,Pyro,FIRE,4.0,1300.0,1000.0,https://images.ygoprodeck.com/images/cards_cropped/71407486.jpg
71408082,Paladin of Dark Dragon,Dragon,DARK,4.0,1900.0,1200.0,https://images.ygoprodeck.com/images/cards_cropped/71408082.jpg
71410542,WAKE CUP! Macchia,Aqua,WIND,3.0,1000.0,100.0,https://images.ygoprodeck.com/images/cards_cropped/71410542.jpg
71411377,Queen's Bodyguard,Warrior,EARTH,4.0,1700.0,1200.0,https://images.ygoprodeck.com/images/cards_cropped/71411377.jpg
71413901,Breaker the Magical Warrior,Spellcaster,DARK,4.0,1600.0,1000.0,https://images.ygoprodeck.com/images/cards_cropped/71413901.jpg
71415349,Humpty Grumpty,Zombie,DARK,3.0,1400.0,0.0,https://images.ygoprodeck.com/images/cards_cropped/71415349.jpg
71438011,Ally of Justice Thunder Armor,Machine,DARK,8.0,2700.0,2200.0,https://images.ygoprodeck.com/images/cards_cropped/71438011.jpg
71459017,Hinezumi Hanabi,Beast,FIRE,4.0,2000.0,200.0,https://images.ygoprodeck.com/images/cards_cropped/71459017.jpg
71466592,Maryokutai,Aqua,WATER,3.0,900.0,900.0,https://images.ygoprodeck.com/images/cards_cropped/71466592.jpg
71519605,Oshaleon,Reptile,WATER,3.0,1400.0,800.0,https://images.ygoprodeck.com/images/cards_cropped/71519605.jpg
71521025,Red Blossoms from Underroot,Fiend,DARK,1.0,0.0,0.0,https://images.ygoprodeck.com/images/cards_cropped/71521025.jpg
71525232,Gandora-X the Dragon of Demolition,Dragon,DARK,8.0,0.0,0.0,https://images.ygoprodeck.com/images/cards_cropped/71525232.jpg
71544954,Megarock Dragon,Rock,EARTH,7.0,-1.0,-1.0,https://images.ygoprodeck.com/images/cards_cropped/71544954.jpg
71545247,Cursed Bride Doll,Spellcaster,EARTH,3.0,0.0,2100.0,https://images.ygoprodeck.com/images/cards_cropped/71545247.jpg
71549257,Heroic Challenger - Knuckle Sword,Warrior,EARTH,1.0,600.0,200.0,https://images.ygoprodeck.com/images/cards_cropped/71549257.jpg
71555408,Gouki Iron Claw,Warrior,EARTH,2.0,1000.0,0.0,https://images.ygoprodeck.com/images/cards_cropped/71555408.jpg
71564150,Perditious Puppeteer,Fiend,DARK,7.0,2700.0,500.0,https://images.ygoprodeck.com/images/cards_cropped/71564150.jpg
71564252,Thunder King Rai-Oh,Thunder,LIGHT,4.0,1900.0,800.0,https://images.ygoprodeck.com/images/cards_cropped/71564252.jpg
71578874,Performage Mirror Conductor,Spellcaster,LIGHT,4.0,600.0,1400.0,https://images.ygoprodeck.com/images/cards_cropped/71578874.jpg
71583486,Outstanding Dog Mary,Beast,LIGHT,1.0,100.0,100.0,https://images.ygoprodeck.com/images/cards_cropped/71583486.jpg
71614230,Kai-Den Kendo Spirit,Warrior,WIND,5.0,2400.0,1000.0,https://images.ygoprodeck.com/images/cards_cropped/71614230.jpg
71620241,Advanced Crystal Beast Sapphire Pegasus,Beast,WIND,4.0,1800.0,1200.0,https://images.ygoprodeck.com/images/cards_cropped/71620241.jpg
71625222,Time Wizard,Spellcaster,LIGHT,2.0,500.0,400.0,https://images.ygoprodeck.com/images/cards_cropped/71625222.jpg
71645463,Dragunity Quirinus,Winged Beast,WIND,4.0,1200.0,1200.0,https://images.ygoprodeck.com/images/cards_cropped/71645463.jpg
71692913,Xiangke Magician,Spellcaster,DARK,7.0,2500.0,500.0,https://images.ygoprodeck.com/images/cards_cropped/71692913.jpg
71696014,Magician's Robe,Spellcaster,DARK,2.0,700.0,2000.0,https://images.ygoprodeck.com/images/cards_cropped/71696014.jpg
71703785,Palladium Oracle Mahad,Spellcaster,LIGHT,7.0,2500.0,2100.0,https://images.ygoprodeck.com/images/cards_cropped/71703785.jpg
71717923,Mormolith,Rock,EARTH,4.0,1000.0,900.0,https://images.ygoprodeck.com/images/cards_cropped/71717923.jpg
71734607,Rikka Petal,Plant,WATER,1.0,0.0,0.0,https://images.ygoprodeck.com/images/cards_cropped/71734607.jpg
71736213,Horse of the Floral Knights,Beast,WIND,3.0,400.0,800.0,https://images.ygoprodeck.com/images/cards_cropped/71736213.jpg
71746462,Sea Kamen,Aqua,WATER,4.0,1100.0,1300.0,https://images.ygoprodeck.com/images/cards_cropped/71746462.jpg
71750854,Bomber Place,Spellcaster,DARK,6.0,1350.0,2400.0,https://images.ygoprodeck.com/images/cards_cropped/71750854.jpg
71759912,Tree Otter,Beast,WATER,2.0,1200.0,100.0,https://images.ygoprodeck.com/images/cards_cropped/71759912.jpg
71768839,I.A.S. -Invasive Alien Species-,Reptile,LIGHT,4.0,1600.0,0.0,https://images.ygoprodeck.com/images/cards_cropped/71768839.jpg
71786742,Geargiano,Machine,EARTH,3.0,500.0,1000.0,https://images.ygoprodeck.com/images/cards_cropped/71786742.jpg
71797713,Elementsaber Lapauila Mana,Warrior,LIGHT,6.0,2400.0,2100.0,https://images.ygoprodeck.com/images/cards_cropped/71797713.jpg
71799173,Guardian of Order,Warrior,LIGHT,8.0,2500.0,1200.0,https://images.ygoprodeck.com/images/cards_cropped/71799173.jpg
71801447,Enneacraft - Atil.SPIA,Machine,LIGHT,9.0,3000.0,2500.0,https://images.ygoprodeck.com/images/cards_cropped/71801447.jpg
71821687,"Ascator, Dawnwalker",Spellcaster,EARTH,5.0,2300.0,1500.0,https://images.ygoprodeck.com/images/cards_cropped/71821687.jpg
71829750,Serpentine Princess,Reptile,WATER,4.0,1400.0,2000.0,https://images.ygoprodeck.com/images/cards_cropped/71829750.jpg
71861848,Salamangreat Coyote,Cyberse,FIRE,3.0,1000.0,200.0,https://images.ygoprodeck.com/images/cards_cropped/71861848.jpg
71863024,Performapal Radish Horse,Plant,EARTH,4.0,500.0,2000.0,https://images.ygoprodeck.com/images/cards_cropped/71863024.jpg
71870152,Fortune Lady Fire,Spellcaster,FIRE,2.0,-1.0,-1.0,https://images.ygoprodeck.com/images/cards_cropped/71870152.jpg
71880877,Super Defense Robot Monki,Machine,EARTH,3.0,800.0,1200.0,https://images.ygoprodeck.com/images/cards_cropped/71880877.jpg
71923655,Sharkraken,Fish,WATER,6.0,2400.0,2100.0,https://images.ygoprodeck.com/images/cards_cropped/71923655.jpg
71930383,Patroid,Machine,EARTH,4.0,1200.0,1200.0,https://images.ygoprodeck.com/images/cards_cropped/71930383.jpg
71950093,Shovel Crusher,Machine,EARTH,3.0,900.0,1200.0,https://images.ygoprodeck.com/images/cards_cropped/71950093.jpg
71971554,Road Synchron,Machine,LIGHT,4.0,1600.0,800.0,https://images.ygoprodeck.com/images/cards_cropped/71971554.jpg
71978434,Deep Sea Minstrel,Sea Serpent,WATER,3.0,1200.0,1500.0,https://images.ygoprodeck.com/images/cards_cropped/71978434.jpg
71985676,Performapal Inflater Tapir,Beast,WIND,6.0,1000.0,2000.0,https://images.ygoprodeck.com/images/cards_cropped/71985676.jpg
72053645,Weather Report,Aqua,WATER,4.0,950.0,1500.0,https://images.ygoprodeck.com/images/cards_cropped/72053645.jpg
72056560,Gem-Knight Amber,Thunder,EARTH,4.0,1600.0,1400.0,https://images.ygoprodeck.com/images/cards_cropped/72056560.jpg
72076281,Bat,Machine,WIND,1.0,300.0,350.0,https://images.ygoprodeck.com/images/cards_cropped/72076281.jpg
72090076,Nemeses Corridor,Thunder,WIND,4.0,1900.0,600.0,https://images.ygoprodeck.com/images/cards_cropped/72090076.jpg
72144675,Troposphere,Winged Beast,WIND,6.0,2400.0,2000.0,https://images.ygoprodeck.com/images/cards_cropped/72144675.jpg
72162751,Queen of the Blazing Domain,Pyro,DARK,9.0,3000.0,2500.0,https://images.ygoprodeck.com/images/cards_cropped/72162751.jpg
72171665,Magical Broker,Spellcaster,DARK,3.0,1500.0,200.0,https://images.ygoprodeck.com/images/cards_cropped/72171665.jpg
72181263,D/D Orthros,Fiend,DARK,4.0,600.0,1800.0,https://images.ygoprodeck.com/images/cards_cropped/72181263.jpg
72192100,Desrook Archfiend,Fiend,LIGHT,3.0,1100.0,1800.0,https://images.ygoprodeck.com/images/cards_cropped/72192100.jpg
72237166,Samsara Kaiser,Warrior,EARTH,2.0,200.0,100.0,https://images.ygoprodeck.com/images/cards_cropped/72237166.jpg
72238166,Node Ryzeal,Thunder,FIRE,4.0,1400.0,1600.0,https://images.ygoprodeck.com/images/cards_cropped/72238166.jpg
72258771,Koa'ki Meiru Valafar,Fiend,FIRE,8.0,3000.0,2100.0,https://images.ygoprodeck.com/images/cards_cropped/72258771.jpg
72269672,Stone Ghost,Rock,EARTH,4.0,1200.0,1000.0,https://images.ygoprodeck.com/images/cards_cropped/72269672.jpg
72270339,Diabellstar the Black Witch,Spellcaster,DARK,7.0,2500.0,2000.0,https://images.ygoprodeck.com/images/cards_cropped/72270339.jpg
72291078,Mecha Phantom Beast O-Lion,Machine,WIND,2.0,600.0,1000.0,https://images.ygoprodeck.com/images/cards_cropped/72291078.jpg
72291412,D/D Necro Slime,Fiend,DARK,1.0,300.0,300.0,https://images.ygoprodeck.com/images/cards_cropped/72291412.jpg
72299832,Giant Mech-Soldier,Machine,EARTH,6.0,1750.0,1900.0,https://images.ygoprodeck.com/images/cards_cropped/72299832.jpg
72305034,Geminize Lord Golknight,Warrior,EARTH,4.0,1500.0,500.0,https://images.ygoprodeck.com/images/cards_cropped/72305034.jpg
72318602,Red Gardna,Fiend,FIRE,4.0,0.0,2000.0,https://images.ygoprodeck.com/images/cards_cropped/72318602.jpg
72321198,Arcana Force XII - The Hangman,Fairy,LIGHT,6.0,2200.0,2200.0,https://images.ygoprodeck.com/images/cards_cropped/72321198.jpg
72323266,Earthbound Prisoner Stone Sweeper,Fiend,DARK,5.0,1600.0,1600.0,https://images.ygoprodeck.com/images/cards_cropped/72323266.jpg
72328962,Fabled Soulkius,Fiend,LIGHT,6.0,2200.0,2100.0,https://images.ygoprodeck.com/images/cards_cropped/72328962.jpg
72355272,Metaphys Nephthys,Wyrm,LIGHT,8.0,2400.0,1600.0,https://images.ygoprodeck.com/images/cards_cropped/72355272.jpg
72370114,Geargiattacker,Machine,EARTH,4.0,1900.0,100.0,https://images.ygoprodeck.com/images/cards_cropped/72370114.jpg
72403299,Gishki Diviner,Sea Serpent,WATER,3.0,1200.0,800.0,https://images.ygoprodeck.com/images/cards_cropped/72403299.jpg
72413000,Fluffal Wings,Fairy,LIGHT,1.0,100.0,100.0,https://images.ygoprodeck.com/images/cards_cropped/72413000.jpg
72426662,"Demise, King of Armageddon",Fiend,DARK,8.0,2400.0,2000.0,https://images.ygoprodeck.com/images/cards_cropped/72426662.jpg
72427512,Mimicking Man-Eater Bug,Insect,EARTH,4.0,450.0,600.0,https://images.ygoprodeck.com/images/cards_cropped/72427512.jpg
72429240,Evilswarm O'lantern,Pyro,DARK,4.0,1650.0,1250.0,https://images.ygoprodeck.com/images/cards_cropped/72429240.jpg
72439556,"Kamui, Hope of Gusto",Psychic,WIND,2.0,200.0,1000.0,https://images.ygoprodeck.com/images/cards_cropped/72439556.jpg
72443568,Silent Magician LV8,Spellcaster,LIGHT,8.0,3500.0,1000.0,https://images.ygoprodeck.com/images/cards_cropped/72443568.jpg
72491806,U.A. Midfielder,Warrior,EARTH,4.0,1200.0,1000.0,https://images.ygoprodeck.com/images/cards_cropped/72491806.jpg
72498838,"Rilliona, the Magistus of Verre",Spellcaster,LIGHT,4.0,800.0,1800.0,https://images.ygoprodeck.com/images/cards_cropped/72498838.jpg
72502414,Xyz Agent,Spellcaster,LIGHT,2.0,900.0,300.0,https://images.ygoprodeck.com/images/cards_cropped/72502414.jpg
72520073,Dark Artist,Fiend,DARK,3.0,600.0,1400.0,https://images.ygoprodeck.com/images/cards_cropped/72520073.jpg
72554862,War Rock Skyler,Warrior,EARTH,6.0,2200.0,2200.0,https://images.ygoprodeck.com/images/cards_cropped/72554862.jpg
72566043,Litmus Doom Swordsman,Warrior,DARK,8.0,0.0,0.0,https://images.ygoprodeck.com/images/cards_cropped/72566043.jpg
72580321,Block Golem,Rock,EARTH,3.0,1000.0,1500.0,https://images.ygoprodeck.com/images/cards_cropped/72580321.jpg
72589042,Goddess of Sweet Revenge,Fairy,LIGHT,6.0,1800.0,2000.0,https://images.ygoprodeck.com/images/cards_cropped/72589042.jpg
72630549,Chaos Command Magician,Spellcaster,LIGHT,6.0,2400.0,1900.0,https://images.ygoprodeck.com/images/cards_cropped/72630549.jpg
72631243,Energy Bravery,Warrior,LIGHT,4.0,1700.0,1200.0,https://images.ygoprodeck.com/images/cards_cropped/72631243.jpg
72632190,Triple-Headed Behemoth,Dragon,WIND,4.0,1500.0,1200.0,https://images.ygoprodeck.com/images/cards_cropped/72632190.jpg
72634965,Vanity's Ruler,Fairy,LIGHT,8.0,2500.0,1600.0,https://images.ygoprodeck.com/images/cards_cropped/72634965.jpg
72656408,Bystial Baldrake,Dragon,DARK,6.0,2500.0,2000.0,https://images.ygoprodeck.com/images/cards_cropped/72656408.jpg
72657739,Malice Doll of Demise,Fiend,DARK,4.0,1600.0,1700.0,https://images.ygoprodeck.com/images/cards_cropped/72657739.jpg
72677437,Vennominon the King of Poisonous Snakes,Reptile,DARK,8.0,0.0,0.0,https://images.ygoprodeck.com/images/cards_cropped/72677437.jpg
72700231,"Yuki-Musume, the Ice Mayakashi",Zombie,WATER,1.0,0.0,1900.0,https://images.ygoprodeck.com/images/cards_cropped/72700231.jpg
72705654,Tachyon Cloudragon,Dragon,LIGHT,4.0,300.0,250.0,https://images.ygoprodeck.com/images/cards_cropped/72705654.jpg
72708264,Performapal Bot-Eyes Lizard,Reptile,EARTH,4.0,1600.0,1200.0,https://images.ygoprodeck.com/images/cards_cropped/72708264.jpg
72714226,Assault Dog,Beast,EARTH,4.0,1200.0,800.0,https://images.ygoprodeck.com/images/cards_cropped/72714226.jpg
72714392,Blackwing - Vayu the Emblem of Honor,Winged Beast,DARK,1.0,800.0,0.0,https://images.ygoprodeck.com/images/cards_cropped/72714392.jpg
72714461,Wisdom-Eye Magician,Spellcaster,LIGHT,4.0,1500.0,1500.0,https://images.ygoprodeck.com/images/cards_cropped/72714461.jpg
72717433,Doll Monster Miss Mädchen,Fairy,LIGHT,4.0,0.0,0.0,https://images.ygoprodeck.com/images/cards_cropped/72717433.jpg
72782945,Otonari Thunder,Thunder,LIGHT,4.0,500.0,1200.0,https://images.ygoprodeck.com/images/cards_cropped/72782945.jpg
72819261,Elementsaber Malo,Warrior,FIRE,3.0,1700.0,200.0,https://images.ygoprodeck.com/images/cards_cropped/72819261.jpg
72837335,Chronomaly Gordian Knot,Rock,EARTH,3.0,300.0,900.0,https://images.ygoprodeck.com/images/cards_cropped/72837335.jpg
72842870,Tyhone,Winged Beast,WIND,4.0,1200.0,1400.0,https://images.ygoprodeck.com/images/cards_cropped/72842870.jpg
72843899,Advanced Crystal Beast Topaz Tiger,Beast,EARTH,4.0,1600.0,1000.0,https://images.ygoprodeck.com/images/cards_cropped/72843899.jpg
72845813,Ally of Justice Quarantine,Machine,DARK,4.0,1700.0,1200.0,https://images.ygoprodeck.com/images/cards_cropped/72845813.jpg
72855441,Protector with Eyes of Blue,Spellcaster,LIGHT,1.0,800.0,1300.0,https://images.ygoprodeck.com/images/cards_cropped/72855441.jpg
72880377,Dark Hole Dragon,Dragon,DARK,8.0,3000.0,2000.0,https://images.ygoprodeck.com/images/cards_cropped/72880377.jpg
72903645,Magna-Slash Dragon,Dragon,LIGHT,6.0,2400.0,1200.0,https://images.ygoprodeck.com/images/cards_cropped/72903645.jpg
72913666,Ghostrick Warwolf,Zombie,DARK,3.0,1400.0,1500.0,https://images.ygoprodeck.com/images/cards_cropped/72913666.jpg
72921536,Comic Cat,Beast,DARK,1.0,0.0,0.0,https://images.ygoprodeck.com/images/cards_cropped/72921536.jpg
72929454,Turtle Bird,Aqua,WATER,6.0,1900.0,1700.0,https://images.ygoprodeck.com/images/cards_cropped/72929454.jpg
72989439,Black Luster Soldier - Envoy of the Beginning,Warrior,LIGHT,8.0,3000.0,2500.0,https://images.ygoprodeck.com/images/cards_cropped/72989439.jpg
72992744,Jester Lord,Spellcaster,DARK,1.0,0.0,0.0,https://images.ygoprodeck.com/images/cards_cropped/72992744.jpg
73001017,Silpheed,Fairy,WIND,4.0,1700.0,700.0,https://images.ygoprodeck.com/images/cards_cropped/73001017.jpg
73018302,Hunter of Black Feathers,Beast-Warrior,LIGHT,4.0,1700.0,1000.0,https://images.ygoprodeck.com/images/cards_cropped/73018302.jpg
73040500,Fabled Urustos,Fiend,LIGHT,4.0,1500.0,200.0,https://images.ygoprodeck.com/images/cards_cropped/73040500.jpg
73051941,Sand Stone,Rock,EARTH,5.0,1300.0,1600.0,https://images.ygoprodeck.com/images/cards_cropped/73051941.jpg
73061465,Spellbreaker of the Ice Barrier,Spellcaster,WATER,4.0,1200.0,2000.0,https://images.ygoprodeck.com/images/cards_cropped/73061465.jpg
73081602,Queen Bird,Winged Beast,WIND,5.0,1200.0,2000.0,https://images.ygoprodeck.com/images/cards_cropped/73081602.jpg
73125233,Raiza the Storm Monarch,Winged Beast,WIND,6.0,2400.0,1000.0,https://images.ygoprodeck.com/images/cards_cropped/73125233.jpg
73129314,Heart of Gaia,Warrior,EARTH,6.0,2300.0,2100.0,https://images.ygoprodeck.com/images/cards_cropped/73129314.jpg
73130445,Performapal Lizardraw,Reptile,EARTH,3.0,1200.0,600.0,https://images.ygoprodeck.com/images/cards_cropped/73130445.jpg
73136204,Sylvan Lotuswain,Plant,WATER,5.0,2300.0,1100.0,https://images.ygoprodeck.com/images/cards_cropped/73136204.jpg
73146473,Cross Porter,Warrior,DARK,2.0,400.0,400.0,https://images.ygoprodeck.com/images/cards_cropped/73146473.jpg
73176465,"Felis, Lightsworn Archer",Beast-Warrior,LIGHT,4.0,1100.0,2000.0,https://images.ygoprodeck.com/images/cards_cropped/73176465.jpg
73213494,"Calcab, Malebranche of the Burning Abyss",Fiend,DARK,3.0,1400.0,0.0,https://images.ygoprodeck.com/images/cards_cropped/73213494.jpg
73216412,Worm Drake,Reptile,EARTH,4.0,1400.0,1500.0,https://images.ygoprodeck.com/images/cards_cropped/73216412.jpg
73218792,Junk Meister,Warrior,EARTH,4.0,100.0,2300.0,https://images.ygoprodeck.com/images/cards_cropped/73218792.jpg
73219648,Vilepawn Archfiend,Fiend,EARTH,2.0,1200.0,200.0,https://images.ygoprodeck.com/images/cards_cropped/73219648.jpg
73240432,Edge Imp Cotton Eater,Fiend,DARK,7.0,2400.0,1600.0,https://images.ygoprodeck.com/images/cards_cropped/73240432.jpg
73304257,"Alpha, the Master of Beasts",Beast,EARTH,8.0,3000.0,2500.0,https://images.ygoprodeck.com/images/cards_cropped/73304257.jpg
73318863,Lyna the Light Charmer,Spellcaster,LIGHT,3.0,500.0,1500.0,https://images.ygoprodeck.com/images/cards_cropped/73318863.jpg
73320394,Evil Lord - Zorc,Fiend,DARK,8.0,2700.0,1500.0,https://images.ygoprodeck.com/images/cards_cropped/73320394.jpg
73333463,Armoroid,Machine,EARTH,8.0,2700.0,2000.0,https://images.ygoprodeck.com/images/cards_cropped/73333463.jpg
73355772,"Dogmatika Fleurdelis, the Thunderbolt",Spellcaster,LIGHT,8.0,2500.0,2500.0,https://images.ygoprodeck.com/images/cards_cropped/73355772.jpg
73356503,Barrier Statue of the Stormwinds,Winged Beast,WIND,4.0,1000.0,1000.0,https://images.ygoprodeck.com/images/cards_cropped/73356503.jpg
73359475,Noble Knight Peredur,Warrior,LIGHT,4.0,1900.0,300.0,https://images.ygoprodeck.com/images/cards_cropped/73359475.jpg
73398797,Paladin of White Dragon,Dragon,LIGHT,4.0,1900.0,1200.0,https://images.ygoprodeck.com/images/cards_cropped/73398797.jpg
73405179,Iron Knight,Warrior,EARTH,4.0,1700.0,700.0,https://images.ygoprodeck.com/images/cards_cropped/73405179.jpg
73413514,Neverending Nightmare Absorber,Fairy,WATER,2.0,0.0,0.0,https://images.ygoprodeck.com/images/cards_cropped/73413514.jpg
73414375,Dimension Jar,Machine,DARK,2.0,200.0,200.0,https://images.ygoprodeck.com/images/cards_cropped/73414375.jpg
73417207,Mara of the Nordic Alfar,Spellcaster,DARK,2.0,1000.0,500.0,https://images.ygoprodeck.com/images/cards_cropped/73417207.jpg
73421698,"Shif, Fairy of the Ghoti",Fish,WATER,2.0,0.0,500.0,https://images.ygoprodeck.com/images/cards_cropped/73421698.jpg
73422829,Super Quantum White Layer,Fairy,LIGHT,7.0,2400.0,2400.0,https://images.ygoprodeck.com/images/cards_cropped/73422829.jpg
73428497,Geargiarsenal,Machine,EARTH,4.0,1500.0,500.0,https://images.ygoprodeck.com/images/cards_cropped/73428497.jpg
73431236,Iron Blacksmith Kotetsu,Beast-Warrior,FIRE,2.0,500.0,500.0,https://images.ygoprodeck.com/images/cards_cropped/73431236.jpg
73478096,Photon Emperor,Warrior,LIGHT,8.0,2800.0,1000.0,https://images.ygoprodeck.com/images/cards_cropped/73478096.jpg
73481154,Destroyer Golem,Rock,EARTH,4.0,1500.0,1000.0,https://images.ygoprodeck.com/images/cards_cropped/73481154.jpg
73490148,Tauzenet Wadjet,Zombie,DARK,8.0,3200.0,2500.0,https://images.ygoprodeck.com/images/cards_cropped/73490148.jpg
73490417,Jungle Dweller,Fiend,DARK,8.0,2500.0,1800.0,https://images.ygoprodeck.com/images/cards_cropped/73490417.jpg
73511233,Performapal U Go Golem,Fiend,DARK,4.0,1600.0,1000.0,https://images.ygoprodeck.com/images/cards_cropped/73511233.jpg
73534250,Blackwing - Tornado the Reverse Wind,Winged Beast,DARK,4.0,1000.0,1200.0,https://images.ygoprodeck.com/images/cards_cropped/73534250.jpg
73544866,Guardian Baou,Fiend,DARK,4.0,800.0,400.0,https://images.ygoprodeck.com/images/cards_cropped/73544866.jpg
73551138,Gishki Emilia,Spellcaster,WATER,4.0,1600.0,800.0,https://images.ygoprodeck.com/images/cards_cropped/73551138.jpg
73574678,Amazoness Blowpiper,Warrior,EARTH,3.0,800.0,1500.0,https://images.ygoprodeck.com/images/cards_cropped/73574678.jpg
73602965,Arias the Labrynth Butler,Fiend,DARK,6.0,1500.0,2500.0,https://images.ygoprodeck.com/images/cards_cropped/73602965.jpg
73625877,Time Escaper,Psychic,EARTH,2.0,500.0,100.0,https://images.ygoprodeck.com/images/cards_cropped/73625877.jpg
73640163,Penguin Cleric,Aqua,WATER,3.0,600.0,1700.0,https://images.ygoprodeck.com/images/cards_cropped/73640163.jpg
73642296,Ghost Belle & Haunted Mansion,Zombie,EARTH,3.0,0.0,1800.0,https://images.ygoprodeck.com/images/cards_cropped/73642296.jpg
73648243,Sand Moth,Rock,EARTH,4.0,1000.0,2000.0,https://images.ygoprodeck.com/images/cards_cropped/73648243.jpg
73652465,Blackwing - Oroshi the Squall,Winged Beast,DARK,1.0,400.0,600.0,https://images.ygoprodeck.com/images/cards_cropped/73652465.jpg
73665146,Silent Magician LV4,Spellcaster,LIGHT,4.0,1000.0,1000.0,https://images.ygoprodeck.com/images/cards_cropped/73665146.jpg
73698349,Giant Orc,Fiend,DARK,4.0,2200.0,0.0,https://images.ygoprodeck.com/images/cards_cropped/73698349.jpg
73702909,Little Trooper,Warrior,EARTH,1.0,900.0,500.0,https://images.ygoprodeck.com/images/cards_cropped/73702909.jpg
73734821,Performapal Sky Magician,Spellcaster,WIND,7.0,2500.0,2000.0,https://images.ygoprodeck.com/images/cards_cropped/73734821.jpg
73752131,Skilled Dark Magician,Spellcaster,DARK,4.0,1900.0,1700.0,https://images.ygoprodeck.com/images/cards_cropped/73752131.jpg
73776643,Papa-Corn,Plant,EARTH,4.0,1200.0,800.0,https://images.ygoprodeck.com/images/cards_cropped/73776643.jpg
73778008,Rage of the Deep Sea,Fish,WATER,5.0,0.0,0.0,https://images.ygoprodeck.com/images/cards_cropped/73778008.jpg
73779005,Dragoons of Draconia,Beast-Warrior,FIRE,4.0,1800.0,200.0,https://images.ygoprodeck.com/images/cards_cropped/73779005.jpg
73783043,R-Genex Accelerator,Machine,WIND,4.0,1500.0,1900.0,https://images.ygoprodeck.com/images/cards_cropped/73783043.jpg
73810864,Live☆Twin Lil-la,Cyberse,DARK,2.0,500.0,0.0,https://images.ygoprodeck.com/images/cards_cropped/73810864.jpg
73819701,Fallen of the White Dragon,Dragon,DARK,4.0,1800.0,0.0,https://images.ygoprodeck.com/images/cards_cropped/73819701.jpg
73837870,Sunny Pixie,Spellcaster,LIGHT,1.0,300.0,400.0,https://images.ygoprodeck.com/images/cards_cropped/73837870.jpg
73853830,Crusader of Endymion,Spellcaster,LIGHT,4.0,1900.0,1200.0,https://images.ygoprodeck.com/images/cards_cropped/73853830.jpg
73879377,Armed Dragon LV7,Dragon,WIND,7.0,2800.0,1000.0,https://images.ygoprodeck.com/images/cards_cropped/73879377.jpg
73891874,White-Horned Dragon,Dragon,DARK,6.0,2200.0,1400.0,https://images.ygoprodeck.com/images/cards_cropped/73891874.jpg
73899015,Venom Snake,Reptile,EARTH,3.0,1200.0,600.0,https://images.ygoprodeck.com/images/cards_cropped/73899015.jpg
73911410,Sword Slasher,Machine,DARK,5.0,1450.0,1500.0,https://images.ygoprodeck.com/images/cards_cropped/73911410.jpg
73936388,Mirage Swordsman,Warrior,FIRE,8.0,2800.0,2000.0,https://images.ygoprodeck.com/images/cards_cropped/73936388.jpg
73941492,Harmonizing Magician,Spellcaster,DARK,4.0,0.0,0.0,https://images.ygoprodeck.com/images/cards_cropped/73941492.jpg
73956664,Tearlaments Reinoheart,Warrior,WATER,4.0,1500.0,2100.0,https://images.ygoprodeck.com/images/cards_cropped/73956664.jpg
73977033,Raidraptor - Booster Strix,Winged Beast,DARK,4.0,100.0,1700.0,https://images.ygoprodeck.com/images/cards_cropped/73977033.jpg
73979030,Angraecum Umbrella,Spellcaster,WATER,3.0,500.0,1500.0,https://images.ygoprodeck.com/images/cards_cropped/73979030.jpg
74010769,Hazy Flame Griffin,Winged Beast,FIRE,6.0,200.0,2100.0,https://images.ygoprodeck.com/images/cards_cropped/74010769.jpg
74018812,Labrynth Stovie Torbie,Fiend,DARK,2.0,0.0,2000.0,https://images.ygoprodeck.com/images/cards_cropped/74018812.jpg
74064212,Vylon Prism,Thunder,LIGHT,4.0,1500.0,1500.0,https://images.ygoprodeck.com/images/cards_cropped/74064212.jpg
74069667,D/D/D Oblivion King Abyss Ragnarok,Fiend,DARK,8.0,2200.0,3000.0,https://images.ygoprodeck.com/images/cards_cropped/74069667.jpg
74078255,Tearlaments Merrli,Aqua,DARK,2.0,800.0,2000.0,https://images.ygoprodeck.com/images/cards_cropped/74078255.jpg
74093656,Tune Warrior,Warrior,EARTH,3.0,1600.0,200.0,https://images.ygoprodeck.com/images/cards_cropped/74093656.jpg
74094021,Legendary Six Samurai - Mizuho,Warrior,FIRE,3.0,1600.0,1000.0,https://images.ygoprodeck.com/images/cards_cropped/74094021.jpg
74122412,Nekroz of Gungnir,Spellcaster,WATER,7.0,2500.0,1700.0,https://images.ygoprodeck.com/images/cards_cropped/74122412.jpg
74130411,Biofalcon,Machine,LIGHT,4.0,1700.0,1200.0,https://images.ygoprodeck.com/images/cards_cropped/74130411.jpg
74131780,Exiled Force,Warrior,EARTH,4.0,1000.0,1000.0,https://images.ygoprodeck.com/images/cards_cropped/74131780.jpg
74148483,Infernity Wildcat,Fiend,DARK,3.0,1400.0,0.0,https://images.ygoprodeck.com/images/cards_cropped/74148483.jpg
74150658,Talons of Shurilane,Illusion,LIGHT,6.0,2100.0,2050.0,https://images.ygoprodeck.com/images/cards_cropped/74150658.jpg
74153887,Dark Scorpion - Meanae the Thorn,Warrior,DARK,4.0,1000.0,1800.0,https://images.ygoprodeck.com/images/cards_cropped/74153887.jpg
74169516,Golem that Guards the Millennium Treasures,Rock,EARTH,6.0,2000.0,2200.0,https://images.ygoprodeck.com/images/cards_cropped/74169516.jpg
74203495,PSY-Framegear Delta,Psychic,LIGHT,2.0,1200.0,0.0,https://images.ygoprodeck.com/images/cards_cropped/74203495.jpg
74210057,Texchanger,Cyberse,DARK,1.0,100.0,100.0,https://images.ygoprodeck.com/images/cards_cropped/74210057.jpg
74212164,Raise Moon Blade Shayna,Warrior,WIND,7.0,2800.0,1400.0,https://images.ygoprodeck.com/images/cards_cropped/74212164.jpg
74277583,Brave Scizzar,Machine,DARK,4.0,1300.0,1000.0,https://images.ygoprodeck.com/images/cards_cropped/74277583.jpg
74289646,Royal Rhino with Deceitful Dice,Beast,EARTH,1.0,600.0,600.0,https://images.ygoprodeck.com/images/cards_cropped/74289646.jpg
74298287,Mermail Abyssdine,Aqua,WATER,3.0,1000.0,200.0,https://images.ygoprodeck.com/images/cards_cropped/74298287.jpg
74311226,Atlantean Dragoons,Sea Serpent,WATER,4.0,1800.0,0.0,https://images.ygoprodeck.com/images/cards_cropped/74311226.jpg
74364659,Eria the Water Charmer,Spellcaster,WATER,3.0,500.0,1500.0,https://images.ygoprodeck.com/images/cards_cropped/74364659.jpg
74367458,Guardian Elma,Fairy,WIND,3.0,1300.0,1200.0,https://images.ygoprodeck.com/images/cards_cropped/74367458.jpg
74387963,D/D Extra Surveyor,Fiend,DARK,5.0,1000.0,0.0,https://images.ygoprodeck.com/images/cards_cropped/74387963.jpg
74388798,Silent Swordsman LV5,Warrior,LIGHT,5.0,2300.0,1000.0,https://images.ygoprodeck.com/images/cards_cropped/74388798.jpg
74426895,Awakening of the Possessed - Gagigobyte,Reptile,WATER,5.0,2000.0,200.0,https://images.ygoprodeck.com/images/cards_cropped/74426895.jpg
74440055,Cactus Fighter,Plant,EARTH,4.0,1900.0,400.0,https://images.ygoprodeck.com/images/cards_cropped/74440055.jpg
74509280,Malefic Parallel Gear,Machine,DARK,2.0,0.0,0.0,https://images.ygoprodeck.com/images/cards_cropped/74509280.jpg
74530899,"Metaion, the Timelord",Fairy,FIRE,10.0,0.0,0.0,https://images.ygoprodeck.com/images/cards_cropped/74530899.jpg
74576482,Koa'ki Meiru Sea Panther,Sea Serpent,WATER,4.0,1900.0,1200.0,https://images.ygoprodeck.com/images/cards_cropped/74576482.jpg
74578720,Time Thief Chronocorder,Machine,DARK,4.0,1000.0,1000.0,https://images.ygoprodeck.com/images/cards_cropped/74578720.jpg
74591968,Mystic Swordsman LV4,Warrior,EARTH,4.0,1900.0,1600.0,https://images.ygoprodeck.com/images/cards_cropped/74591968.jpg
74605254,D/D Savant Galilei,Fiend,DARK,10.0,0.0,0.0,https://images.ygoprodeck.com/images/cards_cropped/74605254.jpg
74627016,T.G. Tank Grub,Insect,EARTH,1.0,0.0,0.0,https://images.ygoprodeck.com/images/cards_cropped/74627016.jpg
74637266,Octoberser,Aqua,WATER,5.0,1600.0,1400.0,https://images.ygoprodeck.com/images/cards_cropped/74637266.jpg
74641045,Madolche Puddingcess,Fairy,EARTH,5.0,1000.0,1000.0,https://images.ygoprodeck.com/images/cards_cropped/74641045.jpg
74644400,Psi-Reflector,Psychic,DARK,1.0,400.0,300.0,https://images.ygoprodeck.com/images/cards_cropped/74644400.jpg
74652966,Code of Soul,Cyberse,FIRE,3.0,500.0,500.0,https://images.ygoprodeck.com/images/cards_cropped/74652966.jpg
74677422,Red-Eyes Black Dragon,Dragon,DARK,7.0,2400.0,2000.0,https://images.ygoprodeck.com/images/cards_cropped/74677422.jpg
74713516,Dark Mimic LV1,Fiend,DARK,1.0,100.0,1000.0,https://images.ygoprodeck.com/images/cards_cropped/74713516.jpg
74715061,Striping Partner,Cyberse,LIGHT,4.0,1200.0,1600.0,https://images.ygoprodeck.com/images/cards_cropped/74715061.jpg
74725513,"Qebehsenuef, Protection of Horus",Winged Beast,EARTH,8.0,2500.0,2000.0,https://images.ygoprodeck.com/images/cards_cropped/74725513.jpg
74730899,Batteryman Fuel Cell,Thunder,LIGHT,6.0,2100.0,0.0,https://images.ygoprodeck.com/images/cards_cropped/74730899.jpg
74762582,Subterror Fiendess,Spellcaster,EARTH,1.0,800.0,500.0,https://images.ygoprodeck.com/images/cards_cropped/74762582.jpg
74823665,Inferno,Pyro,FIRE,4.0,1100.0,1900.0,https://images.ygoprodeck.com/images/cards_cropped/74823665.jpg
74841885,Sky Scourge Invicil,Fairy,EARTH,6.0,2200.0,1600.0,https://images.ygoprodeck.com/images/cards_cropped/74841885.jpg
74852097,Phantom Gryphon,Winged Beast,WIND,4.0,2000.0,0.0,https://images.ygoprodeck.com/images/cards_cropped/74852097.jpg
74875003,Ra's Disciple,Fairy,LIGHT,4.0,1100.0,600.0,https://images.ygoprodeck.com/images/cards_cropped/74875003.jpg
74879881,Mimikuril,Fiend,DARK,3.0,0.0,0.0,https://images.ygoprodeck.com/images/cards_cropped/74879881.jpg
74891384,Adamancipator Crystal - Raptite,Rock,WIND,4.0,0.0,2200.0,https://images.ygoprodeck.com/images/cards_cropped/74891384.jpg
74941992,Moon Magician,Spellcaster,LIGHT,4.0,1800.0,1500.0,https://images.ygoprodeck.com/images/cards_cropped/74941992.jpg
74952447,Testudo erat Numen,Aqua,WATER,1.0,0.0,1800.0,https://images.ygoprodeck.com/images/cards_cropped/74952447.jpg
74968065,Hecatrice,Fairy,LIGHT,4.0,1500.0,1100.0,https://images.ygoprodeck.com/images/cards_cropped/74968065.jpg
74976215,Cross-Sword Beetle,Insect,WIND,4.0,1800.0,1200.0,https://images.ygoprodeck.com/images/cards_cropped/74976215.jpg
74983881,Sweet Corn,Plant,EARTH,2.0,0.0,0.0,https://images.ygoprodeck.com/images/cards_cropped/74983881.jpg
75003700,Dracotail Lukias,Spellcaster,EARTH,4.0,1800.0,700.0,https://images.ygoprodeck.com/images/cards_cropped/75003700.jpg
75043725,Emissary of the Afterlife,Fiend,DARK,4.0,1600.0,600.0,https://images.ygoprodeck.com/images/cards_cropped/75043725.jpg
75046994,Noh-P.U.N.K. Rising Scale,Sea Serpent,WATER,8.0,2400.0,2400.0,https://images.ygoprodeck.com/images/cards_cropped/75046994.jpg
75059201,F.A. Turbo Charger,Machine,WIND,6.0,0.0,1500.0,https://images.ygoprodeck.com/images/cards_cropped/75059201.jpg
75064463,Harpie Queen,Winged Beast,WIND,4.0,1900.0,1200.0,https://images.ygoprodeck.com/images/cards_cropped/75064463.jpg
75081613,"Aztekipede, the Worm Warrior",Insect,EARTH,4.0,1900.0,400.0,https://images.ygoprodeck.com/images/cards_cropped/75081613.jpg
75109441,Cobraman Sakuzy,Reptile,EARTH,3.0,800.0,1400.0,https://images.ygoprodeck.com/images/cards_cropped/75109441.jpg
75116619,Legendary Six Samurai - Enishi,Warrior,LIGHT,4.0,1700.0,700.0,https://images.ygoprodeck.com/images/cards_cropped/75116619.jpg
75130221,Code Radiator,Cyberse,WATER,4.0,1600.0,800.0,https://images.ygoprodeck.com/images/cards_cropped/75130221.jpg
75132317,Brotherhood of the Fire Fist - Snake,Beast-Warrior,FIRE,4.0,1800.0,600.0,https://images.ygoprodeck.com/images/cards_cropped/75132317.jpg
75162696,Victoria,Fairy,LIGHT,4.0,1800.0,1500.0,https://images.ygoprodeck.com/images/cards_cropped/75162696.jpg
75180828,Mermail Abyssbalaen,Aqua,WATER,7.0,2500.0,2000.0,https://images.ygoprodeck.com/images/cards_cropped/75180828.jpg
75195825,"Master Pendulum, the Dracoslayer",Dragon,LIGHT,4.0,1950.0,0.0,https://images.ygoprodeck.com/images/cards_cropped/75195825.jpg
75198893,Scanner,Machine,LIGHT,1.0,-1.0,-1.0,https://images.ygoprodeck.com/images/cards_cropped/75198893.jpg
75209824,Guardian Statue,Rock,EARTH,4.0,800.0,1400.0,https://images.ygoprodeck.com/images/cards_cropped/75209824.jpg
75214390,Overlay Booster,Warrior,LIGHT,5.0,2000.0,0.0,https://images.ygoprodeck.com/images/cards_cropped/75214390.jpg
75220074,"Armed Dragon, the Armored Dragon",Dragon,WIND,4.0,1900.0,1400.0,https://images.ygoprodeck.com/images/cards_cropped/75220074.jpg
75252099,Bird of Roses,Plant,WIND,4.0,1800.0,1500.0,https://images.ygoprodeck.com/images/cards_cropped/75252099.jpg
75285069,Moisture Creature,Fairy,LIGHT,9.0,2800.0,2900.0,https://images.ygoprodeck.com/images/cards_cropped/75285069.jpg
75290703,Therion Irregular,Machine,DARK,10.0,1600.0,2800.0,https://images.ygoprodeck.com/images/cards_cropped/75290703.jpg
75292259,Great Poseidon Beetle,Insect,EARTH,7.0,2500.0,2300.0,https://images.ygoprodeck.com/images/cards_cropped/75292259.jpg
75311421,Votis,Fiend,DARK,4.0,1700.0,1900.0,https://images.ygoprodeck.com/images/cards_cropped/75311421.jpg
75347539,Valkyrion the Magna Warrior,Rock,EARTH,8.0,3500.0,3850.0,https://images.ygoprodeck.com/images/cards_cropped/75347539.jpg
75356564,Petit Dragon,Dragon,WIND,2.0,600.0,700.0,https://images.ygoprodeck.com/images/cards_cropped/75356564.jpg
75363626,Madolche Chouxvalier,Warrior,EARTH,4.0,1700.0,1300.0,https://images.ygoprodeck.com/images/cards_cropped/75363626.jpg
75366958,Dinowrestler Coelasilat,Dinosaur,EARTH,2.0,100.0,800.0,https://images.ygoprodeck.com/images/cards_cropped/75366958.jpg
75372290,Total Defense Shogun,Warrior,DARK,6.0,1550.0,2500.0,https://images.ygoprodeck.com/images/cards_cropped/75372290.jpg
75375465,Pandemonium Watchbear,Beast,DARK,4.0,1300.0,1800.0,https://images.ygoprodeck.com/images/cards_cropped/75375465.jpg
75376965,Enchanting Mermaid,Fish,WATER,3.0,1200.0,900.0,https://images.ygoprodeck.com/images/cards_cropped/75376965.jpg
75390004,Megazowler,Dinosaur,EARTH,6.0,1800.0,2000.0,https://images.ygoprodeck.com/images/cards_cropped/75390004.jpg
75416738,Traptrix Arachnocampa,Insect,EARTH,4.0,1300.0,1500.0,https://images.ygoprodeck.com/images/cards_cropped/75416738.jpg
75421661,Dododo Swordsman,Warrior,EARTH,8.0,0.0,3000.0,https://images.ygoprodeck.com/images/cards_cropped/75421661.jpg
75425043,PSY-Framegear Alpha,Psychic,LIGHT,1.0,500.0,0.0,https://images.ygoprodeck.com/images/cards_cropped/75425043.jpg
75434695,Elemental HERO Woodsman,Warrior,EARTH,4.0,1000.0,2000.0,https://images.ygoprodeck.com/images/cards_cropped/75434695.jpg
75487237,Mid Shield Gardna,Warrior,EARTH,4.0,100.0,1800.0,https://images.ygoprodeck.com/images/cards_cropped/75487237.jpg
75498415,Blackwing - Sirocco the Dawn,Winged Beast,DARK,5.0,2000.0,900.0,https://images.ygoprodeck.com/images/cards_cropped/75498415.jpg
75499502,Master & Expert,Beast,EARTH,4.0,1200.0,1000.0,https://images.ygoprodeck.com/images/cards_cropped/75499502.jpg
75559356,Cyber Soldier of Darkworld,Machine,DARK,4.0,1400.0,1200.0,https://images.ygoprodeck.com/images/cards_cropped/75559356.jpg
75582395,Faith Bird,Winged Beast,WIND,4.0,1500.0,1100.0,https://images.ygoprodeck.com/images/cards_cropped/75582395.jpg
75646173,Synchar,Beast,EARTH,3.0,800.0,900.0,https://images.ygoprodeck.com/images/cards_cropped/75646173.jpg
75660578,"Hela, Generaider Boss of Doom",Zombie,DARK,9.0,800.0,2800.0,https://images.ygoprodeck.com/images/cards_cropped/75660578.jpg
75672051,Black Fang Magician,Spellcaster,DARK,4.0,1700.0,800.0,https://images.ygoprodeck.com/images/cards_cropped/75672051.jpg
75673220,Snapdragon,Plant,EARTH,2.0,300.0,100.0,https://images.ygoprodeck.com/images/cards_cropped/75673220.jpg
75675029,Memory Crush King,Fiend,DARK,5.0,2000.0,0.0,https://images.ygoprodeck.com/images/cards_cropped/75675029.jpg
75690317,"Karakuri Gama mdl 4624 ""Shirokunishi""",Machine,EARTH,1.0,200.0,1000.0,https://images.ygoprodeck.com/images/cards_cropped/75690317.jpg
75713017,"Prometeor, the Burning Star",Machine,FIRE,8.0,2800.0,1000.0,https://images.ygoprodeck.com/images/cards_cropped/75713017.jpg
75730490,Ariane the Labrynth Servant,Fiend,DARK,4.0,1800.0,1100.0,https://images.ygoprodeck.com/images/cards_cropped/75730490.jpg
75732622,Grinder Golem,Fiend,DARK,8.0,3000.0,300.0,https://images.ygoprodeck.com/images/cards_cropped/75732622.jpg
75733063,Meklord Army of Skiel,Machine,WIND,4.0,1200.0,1000.0,https://images.ygoprodeck.com/images/cards_cropped/75733063.jpg
75745607,Hino-Kagu-Tsuchi,Pyro,FIRE,8.0,2800.0,2900.0,https://images.ygoprodeck.com/images/cards_cropped/75745607.jpg
75771170,Arahime the Manifested Mikanko,Fairy,LIGHT,9.0,0.0,0.0,https://images.ygoprodeck.com/images/cards_cropped/75771170.jpg
75775867,Morphtronic Slingen,Machine,WIND,4.0,1200.0,800.0,https://images.ygoprodeck.com/images/cards_cropped/75775867.jpg
75787708,Odd-Eyes Pendulum Dragon of the Four Heavenly Dragons,Dragon,DARK,7.0,2500.0,2000.0,https://images.ygoprodeck.com/images/cards_cropped/75787708.jpg
75830094,Horus the Black Flame Dragon LV4,Dragon,FIRE,4.0,1600.0,1000.0,https://images.ygoprodeck.com/images/cards_cropped/75830094.jpg
75850803,LaMoon,Spellcaster,LIGHT,5.0,1200.0,1700.0,https://images.ygoprodeck.com/images/cards_cropped/75850803.jpg
75874514,Shining Star Dragon,Dragon,LIGHT,4.0,0.0,0.0,https://images.ygoprodeck.com/images/cards_cropped/75874514.jpg
75878039,Satellarknight Deneb,Warrior,LIGHT,4.0,1500.0,1000.0,https://images.ygoprodeck.com/images/cards_cropped/75878039.jpg
75886890,Vylon Sphere,Machine,LIGHT,1.0,400.0,400.0,https://images.ygoprodeck.com/images/cards_cropped/75886890.jpg
75888208,"Ikelos, the Dream Mirror Mara",Fairy,DARK,1.0,500.0,0.0,https://images.ygoprodeck.com/images/cards_cropped/75888208.jpg
75889523,Archfiend Marmot of Nefariousness,Beast,EARTH,2.0,400.0,600.0,https://images.ygoprodeck.com/images/cards_cropped/75889523.jpg
75892194,Ancient Gear Dragon,Machine,EARTH,5.0,500.0,2500.0,https://images.ygoprodeck.com/images/cards_cropped/75892194.jpg
75901113,Knight of Armor Dragon,Dragon,WIND,4.0,1900.0,1200.0,https://images.ygoprodeck.com/images/cards_cropped/75901113.jpg
75917088,Princess Pikeru,Spellcaster,LIGHT,4.0,2000.0,0.0,https://images.ygoprodeck.com/images/cards_cropped/75917088.jpg
75922381,Spright Red,Thunder,FIRE,2.0,1200.0,1800.0,https://images.ygoprodeck.com/images/cards_cropped/75922381.jpg
75934716,"Cielo, the Veil of Raise Moon",Spellcaster,LIGHT,7.0,2100.0,2100.0,https://images.ygoprodeck.com/images/cards_cropped/75934716.jpg
75937826,B.E.S. Big Core MK-2,Machine,FIRE,6.0,2400.0,1100.0,https://images.ygoprodeck.com/images/cards_cropped/75937826.jpg
75944053,Deskbot 003,Machine,EARTH,3.0,500.0,500.0,https://images.ygoprodeck.com/images/cards_cropped/75944053.jpg
75946257,Witch Doctor of Chaos,Spellcaster,DARK,2.0,500.0,500.0,https://images.ygoprodeck.com/images/cards_cropped/75946257.jpg
75953262,Warrior Dai Grepher,Warrior,EARTH,4.0,1700.0,1600.0,https://images.ygoprodeck.com/images/cards_cropped/75953262.jpg
75991479,D.D. Patrol Plane,Machine,DARK,3.0,1200.0,800.0,https://images.ygoprodeck.com/images/cards_cropped/75991479.jpg
76029419,D/D/D Supersight King Zero Maxwell,Fiend,DARK,7.0,2800.0,2500.0,https://images.ygoprodeck.com/images/cards_cropped/76029419.jpg
76039636,Doom Dozer,Insect,EARTH,8.0,2800.0,2600.0,https://images.ygoprodeck.com/images/cards_cropped/76039636.jpg
76052811,Helpoemer,Fiend,DARK,5.0,2000.0,1400.0,https://images.ygoprodeck.com/images/cards_cropped/76052811.jpg
76066541,Dragon Dowser,Wyrm,EARTH,4.0,1500.0,1500.0,https://images.ygoprodeck.com/images/cards_cropped/76066541.jpg
76075810,Throwstone Unit,Warrior,EARTH,4.0,900.0,2000.0,https://images.ygoprodeck.com/images/cards_cropped/76075810.jpg
76080032,ZW - Unicorn Spear,Beast,LIGHT,4.0,1900.0,0.0,https://images.ygoprodeck.com/images/cards_cropped/76080032.jpg
76103404,Cyber Petit Angel,Fairy,LIGHT,2.0,300.0,200.0,https://images.ygoprodeck.com/images/cards_cropped/76103404.jpg
76133574,"Zep, Ruby of the Ghoti",Fish,WATER,2.0,0.0,1000.0,https://images.ygoprodeck.com/images/cards_cropped/76133574.jpg
76137614,Disenchanter,Spellcaster,LIGHT,5.0,2000.0,2300.0,https://images.ygoprodeck.com/images/cards_cropped/76137614.jpg
76145933,Spright Blue,Thunder,DARK,2.0,1100.0,1000.0,https://images.ygoprodeck.com/images/cards_cropped/76145933.jpg
76184692,Hitotsu-Me Giant,Beast-Warrior,EARTH,4.0,1200.0,1000.0,https://images.ygoprodeck.com/images/cards_cropped/76184692.jpg
76202610,Darklon,Fiend,DARK,1.0,100.0,100.0,https://images.ygoprodeck.com/images/cards_cropped/76202610.jpg
76203291,Golden Flying Fish,Fish,LIGHT,4.0,1700.0,1000.0,https://images.ygoprodeck.com/images/cards_cropped/76203291.jpg
76211194,Meda Bat,Fiend,DARK,2.0,800.0,400.0,https://images.ygoprodeck.com/images/cards_cropped/76211194.jpg
76214441,Lifeforce Harmonizer,Psychic,WIND,2.0,800.0,400.0,https://images.ygoprodeck.com/images/cards_cropped/76214441.jpg
76218313,Dragon Buster Destruction Sword,Dragon,DARK,1.0,400.0,300.0,https://images.ygoprodeck.com/images/cards_cropped/76218313.jpg
76218643,Black Potan,Fiend,DARK,1.0,200.0,100.0,https://images.ygoprodeck.com/images/cards_cropped/76218643.jpg
76232340,Sengenjin,Beast-Warrior,EARTH,8.0,2750.0,2500.0,https://images.ygoprodeck.com/images/cards_cropped/76232340.jpg
76305638,The Rock Spirit,Rock,EARTH,4.0,1700.0,1000.0,https://images.ygoprodeck.com/images/cards_cropped/76305638.jpg
76321376,Mine Golem,Rock,EARTH,3.0,1000.0,1900.0,https://images.ygoprodeck.com/images/cards_cropped/76321376.jpg
76348260,Mimir of the Nordic Ascendant,Fairy,DARK,2.0,600.0,0.0,https://images.ygoprodeck.com/images/cards_cropped/76348260.jpg
76352503,Changshi the Spiridao,Zombie,DARK,6.0,2000.0,0.0,https://images.ygoprodeck.com/images/cards_cropped/76352503.jpg
76353872,Defcon Bird,Cyberse,WIND,3.0,100.0,1700.0,https://images.ygoprodeck.com/images/cards_cropped/76353872.jpg
76382116,"Dovelgus, Generaider Boss of Iron",Machine,EARTH,9.0,1500.0,2500.0,https://images.ygoprodeck.com/images/cards_cropped/76382116.jpg
76416959,Ancient Warriors - Loyal Guan Yun,Beast-Warrior,WIND,7.0,2500.0,1800.0,https://images.ygoprodeck.com/images/cards_cropped/76416959.jpg
76436988,Gillagillancer,Warrior,EARTH,6.0,2200.0,800.0,https://images.ygoprodeck.com/images/cards_cropped/76436988.jpg
76442347,Puny Penguin,Aqua,WATER,1.0,400.0,200.0,https://images.ygoprodeck.com/images/cards_cropped/76442347.jpg
76446915,Disk Magician,Machine,DARK,4.0,1350.0,1000.0,https://images.ygoprodeck.com/images/cards_cropped/76446915.jpg
76459806,Volcanic Rocket,Pyro,FIRE,4.0,1900.0,1400.0,https://images.ygoprodeck.com/images/cards_cropped/76459806.jpg
76512652,Krokodilus,Reptile,WATER,4.0,1100.0,1200.0,https://images.ygoprodeck.com/images/cards_cropped/76512652.jpg
76520646,Infinity Dark,Fiend,DARK,4.0,1500.0,1200.0,https://images.ygoprodeck.com/images/cards_cropped/76520646.jpg
76543119,Gimmick Puppet Des Troy,Machine,DARK,4.0,1200.0,2000.0,https://images.ygoprodeck.com/images/cards_cropped/76543119.jpg
76548531,Gorgonic Umbral Horror,Rock,DARK,4.0,1200.0,0.0,https://images.ygoprodeck.com/images/cards_cropped/76548531.jpg
76573247,Alien Infiltrator,Reptile,EARTH,2.0,800.0,500.0,https://images.ygoprodeck.com/images/cards_cropped/76573247.jpg
76589546,Overflow Dragon,Dragon,DARK,1.0,0.0,0.0,https://images.ygoprodeck.com/images/cards_cropped/76589546.jpg
76593718,Greed Jar,Rock,EARTH,3.0,700.0,800.0,https://images.ygoprodeck.com/images/cards_cropped/76593718.jpg
76614003,Dark Tinker,Fiend,DARK,2.0,1000.0,1300.0,https://images.ygoprodeck.com/images/cards_cropped/76614003.jpg
76615300,Hiita the Fire Channeler,Spellcaster,FIRE,5.0,1850.0,1500.0,https://images.ygoprodeck.com/images/cards_cropped/76615300.jpg
76634149,Kairyu-Shin,Sea Serpent,WATER,5.0,1800.0,1500.0,https://images.ygoprodeck.com/images/cards_cropped/76634149.jpg
76650663,Ally of Justice Nullfier,Machine,DARK,4.0,1600.0,1200.0,https://images.ygoprodeck.com/images/cards_cropped/76650663.jpg
76660178,Fisherman of Legend,Warrior,WATER,4.0,1850.0,1600.0,https://images.ygoprodeck.com/images/cards_cropped/76660178.jpg
76683171,Worm Ugly,Reptile,LIGHT,1.0,100.0,100.0,https://images.ygoprodeck.com/images/cards_cropped/76683171.jpg
76704943,Yamatano Dragon Scroll,Dragon,WIND,2.0,900.0,300.0,https://images.ygoprodeck.com/images/cards_cropped/76704943.jpg
76722334,Capshell,Fiend,DARK,2.0,0.0,0.0,https://images.ygoprodeck.com/images/cards_cropped/76722334.jpg
76728962,Desperado Barrel Dragon,Machine,DARK,8.0,2800.0,2200.0,https://images.ygoprodeck.com/images/cards_cropped/76728962.jpg
76763417,Cyber Gymnast,Warrior,EARTH,4.0,800.0,1800.0,https://images.ygoprodeck.com/images/cards_cropped/76763417.jpg
76775123,Patrol Robo,Machine,EARTH,3.0,1100.0,900.0,https://images.ygoprodeck.com/images/cards_cropped/76775123.jpg
76782778,Dragonmaid Ernus,Dragon,EARTH,7.0,2600.0,1600.0,https://images.ygoprodeck.com/images/cards_cropped/76782778.jpg
76794549,Astrograph Sorcerer,Spellcaster,DARK,7.0,2500.0,2000.0,https://images.ygoprodeck.com/images/cards_cropped/76794549.jpg
76812113,Harpie Lady,Winged Beast,WIND,4.0,1300.0,1400.0,https://images.ygoprodeck.com/images/cards_cropped/76812113.jpg
76830505,Infinitrack Brutal Dozer,Machine,EARTH,5.0,1900.0,2100.0,https://images.ygoprodeck.com/images/cards_cropped/76830505.jpg
76862289,Yamata Dragon,Dragon,FIRE,7.0,2600.0,3100.0,https://images.ygoprodeck.com/images/cards_cropped/76862289.jpg
76865611,Morphtronic Lantron,Machine,LIGHT,1.0,200.0,200.0,https://images.ygoprodeck.com/images/cards_cropped/76865611.jpg
76902476,Mecha Phantom Beast Turtletracer,Machine,WIND,3.0,500.0,2000.0,https://images.ygoprodeck.com/images/cards_cropped/76902476.jpg
76908448,Gem-Knight Crystal,Rock,EARTH,7.0,2450.0,1950.0,https://images.ygoprodeck.com/images/cards_cropped/76908448.jpg
76909279,Enraged Battle Ox,Beast-Warrior,EARTH,4.0,1700.0,1000.0,https://images.ygoprodeck.com/images/cards_cropped/76909279.jpg
76922029,Don Zaloog,Warrior,DARK,4.0,1400.0,1500.0,https://images.ygoprodeck.com/images/cards_cropped/76922029.jpg
76925842,Darknight Parshath,Fairy,DARK,5.0,1900.0,1400.0,https://images.ygoprodeck.com/images/cards_cropped/76925842.jpg
76930964,"Twilight Ninja Getsuga, the Shogun",Warrior,DARK,8.0,2000.0,3000.0,https://images.ygoprodeck.com/images/cards_cropped/76930964.jpg
76948970,"Mitsurugi no Miko, Wousu",Reptile,DARK,8.0,2000.0,2000.0,https://images.ygoprodeck.com/images/cards_cropped/76948970.jpg
76978105,Evil HERO Infernal Rider,Fiend,WIND,6.0,2100.0,800.0,https://images.ygoprodeck.com/images/cards_cropped/76978105.jpg
76986005,Cyber Kirin,Machine,LIGHT,3.0,300.0,800.0,https://images.ygoprodeck.com/images/cards_cropped/76986005.jpg
76990617,Sonata the Melodious Diva,Fairy,LIGHT,3.0,1200.0,1000.0,https://images.ygoprodeck.com/images/cards_cropped/76990617.jpg
77013169,Superheavy Samurai Swordsman,Machine,EARTH,3.0,1000.0,1800.0,https://images.ygoprodeck.com/images/cards_cropped/77013169.jpg
77036039,Assault Mercenary,Warrior,EARTH,4.0,1800.0,300.0,https://images.ygoprodeck.com/images/cards_cropped/77036039.jpg
77044671,Pyramid Turtle,Zombie,EARTH,4.0,1200.0,1400.0,https://images.ygoprodeck.com/images/cards_cropped/77044671.jpg
77060848,Svartalf of the Nordic Alfar,Spellcaster,DARK,5.0,1400.0,1600.0,https://images.ygoprodeck.com/images/cards_cropped/77060848.jpg
77084837,Inaba White Rabbit,Beast,EARTH,3.0,700.0,500.0,https://images.ygoprodeck.com/images/cards_cropped/77084837.jpg
77087109,Clock Resonator,Fiend,EARTH,3.0,1200.0,600.0,https://images.ygoprodeck.com/images/cards_cropped/77087109.jpg
77121851,Manticore of Darkness,Beast-Warrior,FIRE,6.0,2300.0,1000.0,https://images.ygoprodeck.com/images/cards_cropped/77121851.jpg
77135531,Vanguard of the Dragon,Dragon,EARTH,4.0,1700.0,1300.0,https://images.ygoprodeck.com/images/cards_cropped/77135531.jpg
77150143,Zoodiac Thoroughblade,Beast-Warrior,EARTH,4.0,1600.0,0.0,https://images.ygoprodeck.com/images/cards_cropped/77150143.jpg
77152542,Blackwing - Harmattan the Dust,Winged Beast,DARK,2.0,800.0,800.0,https://images.ygoprodeck.com/images/cards_cropped/77152542.jpg
77153811,Djinn Cursenchanter of Rituals,Fiend,DARK,4.0,1700.0,1000.0,https://images.ygoprodeck.com/images/cards_cropped/77153811.jpg
77157846,Shade the Obscure,Fairy,DARK,4.0,1000.0,1000.0,https://images.ygoprodeck.com/images/cards_cropped/77157846.jpg
77189532,Rokket Coder,Cyberse,DARK,4.0,1700.0,300.0,https://images.ygoprodeck.com/images/cards_cropped/77189532.jpg
77202120,Assault Synchron,Machine,DARK,2.0,700.0,0.0,https://images.ygoprodeck.com/images/cards_cropped/77202120.jpg
77207191,Berfomet,Fiend,DARK,5.0,1400.0,1800.0,https://images.ygoprodeck.com/images/cards_cropped/77207191.jpg
77235086,Cyber Angel Benten,Fairy,LIGHT,6.0,1800.0,1500.0,https://images.ygoprodeck.com/images/cards_cropped/77235086.jpg
77252217,Chainsaw Insect,Insect,EARTH,4.0,2400.0,0.0,https://images.ygoprodeck.com/images/cards_cropped/77252217.jpg
77312273,Shell of Chaos,Machine,DARK,4.0,1600.0,0.0,https://images.ygoprodeck.com/images/cards_cropped/77312273.jpg
77330185,XX-Saber Garsem,Beast,EARTH,4.0,1400.0,400.0,https://images.ygoprodeck.com/images/cards_cropped/77330185.jpg
77336644,Red Dragon Archfiend/Assault Mode,Dragon,DARK,10.0,3500.0,2500.0,https://images.ygoprodeck.com/images/cards_cropped/77336644.jpg
77360173,Synkron Resonator,Fiend,DARK,1.0,100.0,100.0,https://images.ygoprodeck.com/images/cards_cropped/77360173.jpg
77363314,Krystal Dragon,Dragon,LIGHT,6.0,2500.0,1000.0,https://images.ygoprodeck.com/images/cards_cropped/77363314.jpg
77372241,Flamvell Grunika,Dragon,FIRE,4.0,1700.0,200.0,https://images.ygoprodeck.com/images/cards_cropped/77372241.jpg
77379481,Sasuke Samurai #3,Warrior,LIGHT,3.0,1000.0,1000.0,https://images.ygoprodeck.com/images/cards_cropped/77379481.jpg
77384395,Pazuzule,Fiend,DARK,1.0,500.0,500.0,https://images.ygoprodeck.com/images/cards_cropped/77384395.jpg
77387463,Vulcan Dragni the Cubic King,Fairy,FIRE,3.0,0.0,0.0,https://images.ygoprodeck.com/images/cards_cropped/77387463.jpg
77392987,T.G. Rocket Salamander,Pyro,FIRE,1.0,600.0,600.0,https://images.ygoprodeck.com/images/cards_cropped/77392987.jpg
77406972,Giltia the D. Knight - Soul Spear,Warrior,LIGHT,5.0,1850.0,1500.0,https://images.ygoprodeck.com/images/cards_cropped/77406972.jpg
77411244,B-Buster Drake,Machine,LIGHT,4.0,1500.0,1800.0,https://images.ygoprodeck.com/images/cards_cropped/77411244.jpg
77428945,Terrene Toothed Tsuchinoko,Reptile,EARTH,3.0,1600.0,500.0,https://images.ygoprodeck.com/images/cards_cropped/77428945.jpg
77435268,Checkker,Machine,EARTH,4.0,2000.0,0.0,https://images.ygoprodeck.com/images/cards_cropped/77435268.jpg
77456781,Fiend Kraken,Aqua,WATER,4.0,1200.0,1400.0,https://images.ygoprodeck.com/images/cards_cropped/77456781.jpg
77482666,Swiftwind Panther Warrior,Beast-Warrior,EARTH,4.0,2000.0,1600.0,https://images.ygoprodeck.com/images/cards_cropped/77482666.jpg
77491079,Gale Lizard,Reptile,WATER,4.0,1400.0,700.0,https://images.ygoprodeck.com/images/cards_cropped/77491079.jpg
77498348,Black Luster Soldier - Envoy of the Evening Twilight,Warrior,DARK,8.0,3000.0,2500.0,https://images.ygoprodeck.com/images/cards_cropped/77498348.jpg
77511331,Kuro-Obi Karate Spirit,Warrior,WIND,5.0,2400.0,1000.0,https://images.ygoprodeck.com/images/cards_cropped/77511331.jpg
77522571,Frightfur Meister,Fiend,DARK,8.0,0.0,0.0,https://images.ygoprodeck.com/images/cards_cropped/77522571.jpg
77527210,Soul of Purity and Light,Fairy,LIGHT,6.0,2000.0,1800.0,https://images.ygoprodeck.com/images/cards_cropped/77527210.jpg
77539547,Ancient Warriors - Graceful Zhou Gong,Beast-Warrior,WATER,4.0,1600.0,1600.0,https://images.ygoprodeck.com/images/cards_cropped/77539547.jpg
77542832,Evilswarm Heliotrope,Rock,DARK,4.0,1950.0,650.0,https://images.ygoprodeck.com/images/cards_cropped/77542832.jpg
77558536,"Raiden, Hand of the Lightsworn",Warrior,LIGHT,4.0,1700.0,1000.0,https://images.ygoprodeck.com/images/cards_cropped/77558536.jpg
77568553,Acid Crawler,Insect,EARTH,3.0,900.0,700.0,https://images.ygoprodeck.com/images/cards_cropped/77568553.jpg
77581312,Masked Clown,Warrior,DARK,2.0,500.0,700.0,https://images.ygoprodeck.com/images/cards_cropped/77581312.jpg
77585513,Jinzo,Machine,DARK,6.0,2400.0,1500.0,https://images.ygoprodeck.com/images/cards_cropped/77585513.jpg
77590412,Puppet Rook,Warrior,EARTH,4.0,1200.0,1800.0,https://images.ygoprodeck.com/images/cards_cropped/77590412.jpg
77600660,Psychic Emperor,Psychic,LIGHT,6.0,2400.0,1000.0,https://images.ygoprodeck.com/images/cards_cropped/77600660.jpg
77603950,Phantom Dewan,Spellcaster,DARK,2.0,700.0,600.0,https://images.ygoprodeck.com/images/cards_cropped/77603950.jpg
77608643,Destiny HERO - Captain Tenacious,Warrior,DARK,3.0,800.0,800.0,https://images.ygoprodeck.com/images/cards_cropped/77608643.jpg
77625948,Cyberdark Edge,Machine,DARK,4.0,800.0,800.0,https://images.ygoprodeck.com/images/cards_cropped/77625948.jpg
77642288,Gladiator Beast Secutor,Reptile,WIND,4.0,400.0,300.0,https://images.ygoprodeck.com/images/cards_cropped/77642288.jpg
77672444,Motor Frenzy,Machine,DARK,6.0,2100.0,1200.0,https://images.ygoprodeck.com/images/cards_cropped/77672444.jpg
77679716,Superheavy Samurai Soulbreaker Armor,Machine,EARTH,1.0,0.0,500.0,https://images.ygoprodeck.com/images/cards_cropped/77679716.jpg
77683371,Dimension Conjurer,Spellcaster,DARK,1.0,500.0,500.0,https://images.ygoprodeck.com/images/cards_cropped/77683371.jpg
77699839,Crocodile,Reptile,LIGHT,3.0,1300.0,1300.0,https://images.ygoprodeck.com/images/cards_cropped/77699839.jpg
77700347,Necro Defender,Fiend,DARK,2.0,0.0,800.0,https://images.ygoprodeck.com/images/cards_cropped/77700347.jpg
77710579,Meklord Nucleus Infinity Core,Machine,DARK,1.0,0.0,0.0,https://images.ygoprodeck.com/images/cards_cropped/77710579.jpg
77714963,"Yasha, the Skeletal Mayakashi",Zombie,DARK,5.0,2000.0,0.0,https://images.ygoprodeck.com/images/cards_cropped/77714963.jpg
77723643,Shaddoll Dragon,Spellcaster,DARK,4.0,1900.0,0.0,https://images.ygoprodeck.com/images/cards_cropped/77723643.jpg
77754169,"Super Armored Robot Armed Black Iron ""C""",Insect,EARTH,8.0,2400.0,2000.0,https://images.ygoprodeck.com/images/cards_cropped/77754169.jpg
77797992,"Alpacaribou, Mystical Beast of the Forest",Beast,EARTH,7.0,2700.0,2100.0,https://images.ygoprodeck.com/images/cards_cropped/77797992.jpg
77827521,Trial of Nightmare,Fiend,DARK,4.0,1300.0,900.0,https://images.ygoprodeck.com/images/cards_cropped/77827521.jpg
77832858,Thestalos the Shadowfire Monarch,Pyro,FIRE,10.0,3000.0,1000.0,https://images.ygoprodeck.com/images/cards_cropped/77832858.jpg
77841719,Evilswarm Coppelia,Machine,DARK,6.0,2450.0,2050.0,https://images.ygoprodeck.com/images/cards_cropped/77841719.jpg
77848740,Madolche Petingcessoeur,Fairy,EARTH,4.0,1400.0,1400.0,https://images.ygoprodeck.com/images/cards_cropped/77848740.jpg
77895328,"Genta, Gateman of Dark World",Fiend,DARK,4.0,1000.0,1800.0,https://images.ygoprodeck.com/images/cards_cropped/77895328.jpg
77901552,Hieratic Dragon of Tefnuit,Dragon,LIGHT,6.0,2100.0,1400.0,https://images.ygoprodeck.com/images/cards_cropped/77901552.jpg
77936940,Gernia,Zombie,DARK,4.0,1300.0,1200.0,https://images.ygoprodeck.com/images/cards_cropped/77936940.jpg
77994337,Hallohallo,Fiend,DARK,3.0,800.0,600.0,https://images.ygoprodeck.com/images/cards_cropped/77994337.jpg
77998771,Crow Goblin,Winged Beast,WIND,5.0,1850.0,1600.0,https://images.ygoprodeck.com/images/cards_cropped/77998771.jpg
78004197,"Goldd, Wu-Lord of Dark World",Fiend,DARK,5.0,2300.0,1400.0,https://images.ygoprodeck.com/images/cards_cropped/78004197.jpg
78009994,Dragonic Guard,Dragon,FIRE,4.0,1500.0,1800.0,https://images.ygoprodeck.com/images/cards_cropped/78009994.jpg
78010363,Witch of the Black Forest,Spellcaster,DARK,4.0,1100.0,1200.0,https://images.ygoprodeck.com/images/cards_cropped/78010363.jpg
78033100,Hieratic Dragon of Gebeb,Dragon,LIGHT,4.0,1800.0,400.0,https://images.ygoprodeck.com/images/cards_cropped/78033100.jpg
78060096,Terrorking Salmon,Fish,WATER,5.0,2400.0,1000.0,https://images.ygoprodeck.com/images/cards_cropped/78060096.jpg
78077209,Diabolica the Draconique General,Fiend,DARK,8.0,2300.0,0.0,https://images.ygoprodeck.com/images/cards_cropped/78077209.jpg
78080961,SPYRAL Quik-Fix,Machine,EARTH,1.0,500.0,400.0,https://images.ygoprodeck.com/images/cards_cropped/78080961.jpg
78098950,Tsumuha-Kutsunagi the Lord of Swords,Warrior,WIND,11.0,3000.0,3000.0,https://images.ygoprodeck.com/images/cards_cropped/78098950.jpg
78121572,Alchemist of Black Spells,Spellcaster,WIND,4.0,1200.0,1800.0,https://images.ygoprodeck.com/images/cards_cropped/78121572.jpg
78161361,Bravedrive,Cyberse,FIRE,4.0,1500.0,1000.0,https://images.ygoprodeck.com/images/cards_cropped/78161361.jpg
78193831,Buster Blader,Warrior,EARTH,7.0,2600.0,2300.0,https://images.ygoprodeck.com/images/cards_cropped/78193831.jpg
78202553,Subterror Behemoth Stalagmo,Rock,EARTH,10.0,2800.0,2100.0,https://images.ygoprodeck.com/images/cards_cropped/78202553.jpg
78243409,The Thing in the Crater,Pyro,FIRE,4.0,1000.0,1200.0,https://images.ygoprodeck.com/images/cards_cropped/78243409.jpg
78266168,Giant Axe Mummy,Zombie,EARTH,5.0,1700.0,2000.0,https://images.ygoprodeck.com/images/cards_cropped/78266168.jpg
78274190,Superheavy Samurai General Coral,Machine,EARTH,1.0,300.0,500.0,https://images.ygoprodeck.com/images/cards_cropped/78274190.jpg
78275321,Fire Ant Ascator,Insect,EARTH,3.0,700.0,1300.0,https://images.ygoprodeck.com/images/cards_cropped/78275321.jpg
78310590,Abyss Actor - Mellow Madonna,Fiend,DARK,7.0,1800.0,2500.0,https://images.ygoprodeck.com/images/cards_cropped/78310590.jpg
78316184,Cyber Angel Vrash,Fairy,LIGHT,10.0,3000.0,2000.0,https://images.ygoprodeck.com/images/cards_cropped/78316184.jpg
78349103,Machina Peacekeeper,Machine,EARTH,2.0,500.0,400.0,https://images.ygoprodeck.com/images/cards_cropped/78349103.jpg
78355370,Kuribohrn,Fiend,LIGHT,1.0,300.0,200.0,https://images.ygoprodeck.com/images/cards_cropped/78355370.jpg
78358521,Constellar Sombre,Fairy,LIGHT,4.0,1550.0,1600.0,https://images.ygoprodeck.com/images/cards_cropped/78358521.jpg
78360952,Sunlit Sentinel,Warrior,EARTH,6.0,2300.0,1500.0,https://images.ygoprodeck.com/images/cards_cropped/78360952.jpg
78362751,Gunkan Suship Shirauo,Aqua,FIRE,4.0,200.0,250.0,https://images.ygoprodeck.com/images/cards_cropped/78362751.jpg
78364470,Constellar Pollux,Warrior,LIGHT,4.0,1700.0,600.0,https://images.ygoprodeck.com/images/cards_cropped/78364470.jpg
78371393,Yubel,Fiend,DARK,10.0,0.0,0.0,https://images.ygoprodeck.com/images/cards_cropped/78371393.jpg
78391364,Superheavy Samurai Scales,Machine,EARTH,4.0,800.0,1800.0,https://images.ygoprodeck.com/images/cards_cropped/78391364.jpg
78394032,Motor Shell,Machine,DARK,4.0,1300.0,1800.0,https://images.ygoprodeck.com/images/cards_cropped/78394032.jpg
78402798,Night Lizard,Aqua,WATER,4.0,1150.0,1300.0,https://images.ygoprodeck.com/images/cards_cropped/78402798.jpg
78422252,XX-Saber Fulhelmknight,Warrior,EARTH,3.0,1300.0,1000.0,https://images.ygoprodeck.com/images/cards_cropped/78422252.jpg
78423643,Three-Headed Geedo,Fiend,DARK,4.0,1200.0,1400.0,https://images.ygoprodeck.com/images/cards_cropped/78423643.jpg
78447174,Appliancer Socketroll,Machine,DARK,1.0,100.0,100.0,https://images.ygoprodeck.com/images/cards_cropped/78447174.jpg
78486968,Constellar Sheratan,Beast,LIGHT,3.0,700.0,1900.0,https://images.ygoprodeck.com/images/cards_cropped/78486968.jpg
78509901,Blade Garoodia the Cubic Beast,Beast,FIRE,3.0,0.0,0.0,https://images.ygoprodeck.com/images/cards_cropped/78509901.jpg
78527720,Prinzessin,Fairy,LIGHT,4.0,300.0,600.0,https://images.ygoprodeck.com/images/cards_cropped/78527720.jpg
78534861,Scareclaw Kashtira,Psychic,EARTH,7.0,0.0,2600.0,https://images.ygoprodeck.com/images/cards_cropped/78534861.jpg
78540593,"Marina, Princess of Sunflowers",Plant,FIRE,8.0,2800.0,1600.0,https://images.ygoprodeck.com/images/cards_cropped/78540593.jpg
78552773,Supay,Fiend,EARTH,1.0,300.0,100.0,https://images.ygoprodeck.com/images/cards_cropped/78552773.jpg
78556320,Vishwar Randi,Warrior,DARK,3.0,900.0,700.0,https://images.ygoprodeck.com/images/cards_cropped/78556320.jpg
78564023,Blackwing - Etesian of Two Swords,Winged Beast,DARK,3.0,400.0,1600.0,https://images.ygoprodeck.com/images/cards_cropped/78564023.jpg
78613627,Des Kangaroo,Beast,DARK,4.0,1500.0,1700.0,https://images.ygoprodeck.com/images/cards_cropped/78613627.jpg
78636495,Slate Warrior,Fiend,WIND,4.0,1900.0,400.0,https://images.ygoprodeck.com/images/cards_cropped/78636495.jpg
78642798,Golden-Eyes Idol,Spellcaster,DARK,1.0,0.0,0.0,https://images.ygoprodeck.com/images/cards_cropped/78642798.jpg
78651105,Beast King Barbaros,Beast-Warrior,EARTH,8.0,3000.0,1200.0,https://images.ygoprodeck.com/images/cards_cropped/78651105.jpg
78658564,Goblin Attack Force,Warrior,EARTH,4.0,2300.0,0.0,https://images.ygoprodeck.com/images/cards_cropped/78658564.jpg
78661338,Fantastical Dragon Phantazmay,Dragon,DARK,7.0,2400.0,1800.0,https://images.ygoprodeck.com/images/cards_cropped/78661338.jpg
78663366,Evilswarm Thunderbird,Thunder,DARK,4.0,1650.0,1050.0,https://images.ygoprodeck.com/images/cards_cropped/78663366.jpg
78700060,Doomcaliber Knight,Fiend,DARK,4.0,1900.0,1800.0,https://images.ygoprodeck.com/images/cards_cropped/78700060.jpg
78706415,Fiber Jar,Plant,EARTH,3.0,500.0,500.0,https://images.ygoprodeck.com/images/cards_cropped/78706415.jpg
78744660,Archfiend Matriarch,Fiend,LIGHT,7.0,2100.0,2900.0,https://images.ygoprodeck.com/images/cards_cropped/78744660.jpg
78751195,Doshin @Ignister,Cyberse,EARTH,1.0,100.0,800.0,https://images.ygoprodeck.com/images/cards_cropped/78751195.jpg
78780140,Trent,Plant,EARTH,5.0,1500.0,1800.0,https://images.ygoprodeck.com/images/cards_cropped/78780140.jpg
78783557,Veidos the Eruption Dragon of Extinction,Pyro,DARK,9.0,2800.0,1500.0,https://images.ygoprodeck.com/images/cards_cropped/78783557.jpg
78792195,Hand of the Six Samurai,Warrior,FIRE,3.0,1600.0,1000.0,https://images.ygoprodeck.com/images/cards_cropped/78792195.jpg
78835747,Performapal Kaleidoscorp,Insect,LIGHT,6.0,100.0,2300.0,https://images.ygoprodeck.com/images/cards_cropped/78835747.jpg
78861134,Darkfire Soldier #2,Pyro,FIRE,4.0,1700.0,1100.0,https://images.ygoprodeck.com/images/cards_cropped/78861134.jpg
78868119,Deep Sea Diva,Sea Serpent,WATER,2.0,200.0,400.0,https://images.ygoprodeck.com/images/cards_cropped/78868119.jpg
78868776,Gladiator Beast Laquari,Beast-Warrior,FIRE,4.0,1800.0,400.0,https://images.ygoprodeck.com/images/cards_cropped/78868776.jpg
78872731,Zoodiac Ratpier,Beast-Warrior,EARTH,4.0,0.0,0.0,https://images.ygoprodeck.com/images/cards_cropped/78872731.jpg
78888899,Centur-Ion Emeth VI,Machine,EARTH,8.0,2000.0,3000.0,https://images.ygoprodeck.com/images/cards_cropped/78888899.jpg
78905039,Tricorn the Cacophonous Concert,Fiend,DARK,2.0,0.0,0.0,https://images.ygoprodeck.com/images/cards_cropped/78905039.jpg
78910832,Vic Viper Type-L,Machine,LIGHT,4.0,1200.0,800.0,https://images.ygoprodeck.com/images/cards_cropped/78910832.jpg
78922939,Junk Servant,Warrior,EARTH,4.0,1500.0,1000.0,https://images.ygoprodeck.com/images/cards_cropped/78922939.jpg
78936551,"Shafu, the Wheeled Mayakashi",Zombie,EARTH,3.0,1200.0,400.0,https://images.ygoprodeck.com/images/cards_cropped/78936551.jpg
78984772,Twin-Headed Fire Dragon,Pyro,FIRE,6.0,2200.0,1700.0,https://images.ygoprodeck.com/images/cards_cropped/78984772.jpg
78990927,Megalith Phul,Rock,EARTH,2.0,500.0,2000.0,https://images.ygoprodeck.com/images/cards_cropped/78990927.jpg
79080761,Gigastone Omega,Rock,EARTH,5.0,1000.0,2300.0,https://images.ygoprodeck.com/images/cards_cropped/79080761.jpg
79086452,Gimmick Puppet Bisque Doll,Machine,DARK,8.0,1000.0,1000.0,https://images.ygoprodeck.com/images/cards_cropped/79086452.jpg
79094383,Cipher Etranger,Spellcaster,LIGHT,1.0,0.0,0.0,https://images.ygoprodeck.com/images/cards_cropped/79094383.jpg
79106360,Morphing Jar #2,Rock,EARTH,3.0,800.0,700.0,https://images.ygoprodeck.com/images/cards_cropped/79106360.jpg
79109599,King of the Swamp,Aqua,WATER,3.0,500.0,1100.0,https://images.ygoprodeck.com/images/cards_cropped/79109599.jpg
79126789,"Broww, Huntsman of Dark World",Fiend,DARK,3.0,1400.0,800.0,https://images.ygoprodeck.com/images/cards_cropped/79126789.jpg
79169622,Glacial Beast Polar Penguin,Aqua,WATER,3.0,800.0,1000.0,https://images.ygoprodeck.com/images/cards_cropped/79169622.jpg
79176962,Fantastic Striborg,Machine,WIND,5.0,2200.0,2200.0,https://images.ygoprodeck.com/images/cards_cropped/79176962.jpg
79182538,Mad Dog of Darkness,Beast,DARK,4.0,1900.0,1400.0,https://images.ygoprodeck.com/images/cards_cropped/79182538.jpg
79185500,Ironhammer the Giant,Rock,EARTH,8.0,900.0,3500.0,https://images.ygoprodeck.com/images/cards_cropped/79185500.jpg
79210531,Tellarknight Lyran,Warrior,LIGHT,4.0,1200.0,1600.0,https://images.ygoprodeck.com/images/cards_cropped/79210531.jpg
79234734,Super Soldier Soul,Warrior,EARTH,1.0,0.0,0.0,https://images.ygoprodeck.com/images/cards_cropped/79234734.jpg
79279397,D-Boyz,Fiend,DARK,1.0,100.0,1000.0,https://images.ygoprodeck.com/images/cards_cropped/79279397.jpg
79335209,Ojama Black,Beast,LIGHT,2.0,0.0,1000.0,https://images.ygoprodeck.com/images/cards_cropped/79335209.jpg
79337169,Gauntlet Warrior,Warrior,EARTH,3.0,400.0,1600.0,https://images.ygoprodeck.com/images/cards_cropped/79337169.jpg
79387392,Reactor Slime,Aqua,WATER,4.0,500.0,500.0,https://images.ygoprodeck.com/images/cards_cropped/79387392.jpg
79407975,Rainbow Dark Dragon,Dragon,DARK,10.0,4000.0,0.0,https://images.ygoprodeck.com/images/cards_cropped/79407975.jpg
79409334,Black Stego,Dinosaur,EARTH,4.0,1200.0,2000.0,https://images.ygoprodeck.com/images/cards_cropped/79409334.jpg
79418153,Lancer Archfiend,Fiend,DARK,4.0,1600.0,1400.0,https://images.ygoprodeck.com/images/cards_cropped/79418153.jpg
79418928,Beta The Electromagnet Warrior,Rock,EARTH,3.0,1500.0,1500.0,https://images.ygoprodeck.com/images/cards_cropped/79418928.jpg
79436874,R.B. VALCan Rocket,Machine,FIRE,5.0,1000.0,1000.0,https://images.ygoprodeck.com/images/cards_cropped/79436874.jpg
79441381,Twilight Ninja Jogen,Warrior,DARK,7.0,2000.0,1000.0,https://images.ygoprodeck.com/images/cards_cropped/79441381.jpg
79444933,Flame Spirit Ignis,Pyro,FIRE,4.0,1500.0,1200.0,https://images.ygoprodeck.com/images/cards_cropped/79444933.jpg
79473793,White Night Dragon,Dragon,WATER,8.0,3000.0,2500.0,https://images.ygoprodeck.com/images/cards_cropped/79473793.jpg
79491903,Reptilianne Naga,Reptile,DARK,1.0,0.0,0.0,https://images.ygoprodeck.com/images/cards_cropped/79491903.jpg
79514956,Elegy the Melodious Diva,Fairy,LIGHT,5.0,2000.0,1200.0,https://images.ygoprodeck.com/images/cards_cropped/79514956.jpg
79523365,Vampire Scarlet Scourge,Zombie,DARK,6.0,2200.0,2200.0,https://images.ygoprodeck.com/images/cards_cropped/79523365.jpg
79531196,Crystal Rose,Rock,LIGHT,2.0,500.0,500.0,https://images.ygoprodeck.com/images/cards_cropped/79531196.jpg
79538761,Torque Tune Gear,Machine,LIGHT,1.0,0.0,0.0,https://images.ygoprodeck.com/images/cards_cropped/79538761.jpg
79575620,Injection Fairy Lily,Spellcaster,EARTH,3.0,400.0,1500.0,https://images.ygoprodeck.com/images/cards_cropped/79575620.jpg
79580323,Gladiator Beast Spartacus,Dinosaur,EARTH,5.0,2200.0,1600.0,https://images.ygoprodeck.com/images/cards_cropped/79580323.jpg
79582540,Ancient Warriors - Savage Don Ying,Beast-Warrior,DARK,6.0,2200.0,1800.0,https://images.ygoprodeck.com/images/cards_cropped/79582540.jpg
79613121,Magician of Black Chaos MAX,Spellcaster,DARK,8.0,2800.0,2600.0,https://images.ygoprodeck.com/images/cards_cropped/79613121.jpg
79621896,Archfiend's Origin,Fiend,DARK,7.0,2500.0,1200.0,https://images.ygoprodeck.com/images/cards_cropped/79621896.jpg
79627627,Conbirdable,Winged Beast,EARTH,8.0,1400.0,2800.0,https://images.ygoprodeck.com/images/cards_cropped/79627627.jpg
79629370,Maiden of the Moonlight,Spellcaster,LIGHT,4.0,1500.0,1300.0,https://images.ygoprodeck.com/images/cards_cropped/79629370.jpg
79636594,Block Spider,Insect,EARTH,1.0,0.0,100.0,https://images.ygoprodeck.com/images/cards_cropped/79636594.jpg
79663524,Oily Cicada,Insect,WIND,3.0,1000.0,1000.0,https://images.ygoprodeck.com/images/cards_cropped/79663524.jpg
79703905,Cloudian - Altus,Fairy,WATER,4.0,1300.0,0.0,https://images.ygoprodeck.com/images/cards_cropped/79703905.jpg
79724755,Guitar Gurnards Duonigis,Sea Serpent,WATER,3.0,1500.0,700.0,https://images.ygoprodeck.com/images/cards_cropped/79724755.jpg
79757784,Tamtam the Melodious Diva,Fairy,LIGHT,4.0,1000.0,2000.0,https://images.ygoprodeck.com/images/cards_cropped/79757784.jpg
79783880,Shiranui Spectralsword Shade,Zombie,FIRE,3.0,800.0,0.0,https://images.ygoprodeck.com/images/cards_cropped/79783880.jpg
79785958,Evilswarm Castor,Warrior,DARK,4.0,1750.0,550.0,https://images.ygoprodeck.com/images/cards_cropped/79785958.jpg
79794767,Amorphage Wrath,Dragon,EARTH,4.0,1650.0,0.0,https://images.ygoprodeck.com/images/cards_cropped/79794767.jpg
79796561,Synchro Soldier,Machine,EARTH,1.0,0.0,0.0,https://images.ygoprodeck.com/images/cards_cropped/79796561.jpg
79798060,Earthbound Immortal Ccarayhua,Reptile,DARK,10.0,2800.0,1800.0,https://images.ygoprodeck.com/images/cards_cropped/79798060.jpg
79814787,The White Stone of Legend,Dragon,LIGHT,1.0,300.0,250.0,https://images.ygoprodeck.com/images/cards_cropped/79814787.jpg
79850798,Rocket Arrow Express,Machine,EARTH,10.0,5000.0,0.0,https://images.ygoprodeck.com/images/cards_cropped/79850798.jpg
79853073,Cipher Soldier,Machine,EARTH,3.0,1350.0,1800.0,https://images.ygoprodeck.com/images/cards_cropped/79853073.jpg
79856792,Rainbow Dragon,Dragon,LIGHT,10.0,4000.0,0.0,https://images.ygoprodeck.com/images/cards_cropped/79856792.jpg
79858629,Exosister Irene,Spellcaster,LIGHT,4.0,400.0,800.0,https://images.ygoprodeck.com/images/cards_cropped/79858629.jpg
79867938,Battlin' Boxer Headgeared,Warrior,FIRE,4.0,1000.0,1800.0,https://images.ygoprodeck.com/images/cards_cropped/79867938.jpg
79870141,Mad Sword Beast,Dinosaur,EARTH,4.0,1400.0,1200.0,https://images.ygoprodeck.com/images/cards_cropped/79870141.jpg
79875176,Toon Cannon Soldier,Machine,DARK,4.0,1400.0,1300.0,https://images.ygoprodeck.com/images/cards_cropped/79875176.jpg
79875526,Attachment Cybern,Dragon,LIGHT,3.0,1600.0,800.0,https://images.ygoprodeck.com/images/cards_cropped/79875526.jpg
79890560,Fortune Fairy Hu,Spellcaster,WIND,3.0,0.0,0.0,https://images.ygoprodeck.com/images/cards_cropped/79890560.jpg
79905468,Guardragon Promineses,Dragon,FIRE,1.0,500.0,200.0,https://images.ygoprodeck.com/images/cards_cropped/79905468.jpg
79928401,"Victorica, Angel of Bravery",Fairy,LIGHT,4.0,1400.0,800.0,https://images.ygoprodeck.com/images/cards_cropped/79928401.jpg
79933029,Purrelyly,Fairy,DARK,1.0,100.0,100.0,https://images.ygoprodeck.com/images/cards_cropped/79933029.jpg
79966218,"Princess Dracaena, the Thirsting Tree",Plant,DARK,1.0,0.0,0.0,https://images.ygoprodeck.com/images/cards_cropped/79966218.jpg
79967395,Performapal Whip Snake,Reptile,EARTH,4.0,1700.0,900.0,https://images.ygoprodeck.com/images/cards_cropped/79967395.jpg
79972330,Swallowtail Butterspy,Warrior,DARK,4.0,1800.0,1200.0,https://images.ygoprodeck.com/images/cards_cropped/79972330.jpg
79979666,Elemental HERO Bubbleman,Warrior,WATER,4.0,800.0,1200.0,https://images.ygoprodeck.com/images/cards_cropped/79979666.jpg
80019195,Legendary Knight Timaeus,Warrior,LIGHT,8.0,2800.0,1800.0,https://images.ygoprodeck.com/images/cards_cropped/80019195.jpg
80045583,Ancient Gear Cannon,Machine,EARTH,2.0,500.0,500.0,https://images.ygoprodeck.com/images/cards_cropped/80045583.jpg
80054655,Crossroad Sonic Chick,Winged Beast,EARTH,1.0,300.0,300.0,https://images.ygoprodeck.com/images/cards_cropped/80054655.jpg
80102359,Reinforced Human Psychic Borg,Psychic,EARTH,4.0,1500.0,800.0,https://images.ygoprodeck.com/images/cards_cropped/80102359.jpg
80141055,Bearblocker,Fiend,DARK,3.0,1600.0,0.0,https://images.ygoprodeck.com/images/cards_cropped/80141055.jpg
80141480,Hunter Spider,Insect,EARTH,5.0,1600.0,1400.0,https://images.ygoprodeck.com/images/cards_cropped/80141480.jpg
80186010,Destroyersaurus,Dinosaur,EARTH,4.0,1800.0,1100.0,https://images.ygoprodeck.com/images/cards_cropped/80186010.jpg
80190753,"Talaya, Princess of Cherry Blossoms",Plant,WATER,8.0,2800.0,1200.0,https://images.ygoprodeck.com/images/cards_cropped/80190753.jpg
80208158,D.D. Esper Star Sparrow,Warrior,LIGHT,10.0,3000.0,1500.0,https://images.ygoprodeck.com/images/cards_cropped/80208158.jpg
80208323,Interplanetarypurplythorny Beast,Beast,DARK,5.0,1100.0,2200.0,https://images.ygoprodeck.com/images/cards_cropped/80208323.jpg
80222045,Breeze the Electrovore of Rkunas,Thunder,LIGHT,1.0,100.0,2100.0,https://images.ygoprodeck.com/images/cards_cropped/80222045.jpg
80233946,Gora Turtle,Aqua,WATER,3.0,1100.0,1100.0,https://images.ygoprodeck.com/images/cards_cropped/80233946.jpg
80234301,Prisman,Rock,LIGHT,3.0,800.0,1000.0,https://images.ygoprodeck.com/images/cards_cropped/80234301.jpg
80237445,Artifact Mjollnir,Fairy,LIGHT,5.0,1300.0,1800.0,https://images.ygoprodeck.com/images/cards_cropped/80237445.jpg
80244114,Stardust Phantom,Spellcaster,LIGHT,1.0,0.0,0.0,https://images.ygoprodeck.com/images/cards_cropped/80244114.jpg
80250185,Autorokket Dragon,Dragon,DARK,3.0,1600.0,1000.0,https://images.ygoprodeck.com/images/cards_cropped/80250185.jpg
80250319,Graydle Slime Jr.,Aqua,WATER,2.0,0.0,2000.0,https://images.ygoprodeck.com/images/cards_cropped/80250319.jpg
80275707,Laughing Puffin,Winged Beast,DARK,4.0,1000.0,1700.0,https://images.ygoprodeck.com/images/cards_cropped/80275707.jpg
80280944,Giant Rex,Dinosaur,EARTH,4.0,2000.0,1200.0,https://images.ygoprodeck.com/images/cards_cropped/80280944.jpg
80304126,Magician's Valkyria,Spellcaster,LIGHT,4.0,1600.0,1800.0,https://images.ygoprodeck.com/images/cards_cropped/80304126.jpg
80316585,Cyber Harpie Lady,Winged Beast,WIND,4.0,1800.0,1300.0,https://images.ygoprodeck.com/images/cards_cropped/80316585.jpg
80335817,Timebreaker Magician,Spellcaster,DARK,3.0,1400.0,0.0,https://images.ygoprodeck.com/images/cards_cropped/80335817.jpg
80344569,Neo-Spacian Grand Mole,Rock,EARTH,3.0,900.0,300.0,https://images.ygoprodeck.com/images/cards_cropped/80344569.jpg
80367387,Koa'ki Meiru Bergzak,Warrior,EARTH,4.0,2000.0,200.0,https://images.ygoprodeck.com/images/cards_cropped/80367387.jpg
80433039,Floowandereeze & Stri,Winged Beast,WATER,1.0,700.0,1100.0,https://images.ygoprodeck.com/images/cards_cropped/80433039.jpg
80441106,Keldo,Fairy,EARTH,4.0,1200.0,1600.0,https://images.ygoprodeck.com/images/cards_cropped/80441106.jpg
80447641,"Bat, the Forest Ninja",Beast,LIGHT,3.0,800.0,800.0,https://images.ygoprodeck.com/images/cards_cropped/80447641.jpg
80457744,Boost Warrior,Warrior,FIRE,1.0,300.0,200.0,https://images.ygoprodeck.com/images/cards_cropped/80457744.jpg
80461466,Great Mammoth of the Netherworld,Zombie,DARK,6.0,2200.0,1800.0,https://images.ygoprodeck.com/images/cards_cropped/80461466.jpg
80476891,Poly-Chemicritter Hydragon,Dragon,WATER,8.0,200.0,2800.0,https://images.ygoprodeck.com/images/cards_cropped/80476891.jpg
80485722,Vampire Hunter,Warrior,DARK,4.0,1600.0,1600.0,https://images.ygoprodeck.com/images/cards_cropped/80485722.jpg
80495985,Photon Sabre Tiger,Beast,LIGHT,3.0,2000.0,300.0,https://images.ygoprodeck.com/images/cards_cropped/80495985.jpg
80513550,Dragon Queen of Tragic Endings,Dragon,DARK,6.0,1900.0,2600.0,https://images.ygoprodeck.com/images/cards_cropped/80513550.jpg
80529459,Scrap Raptor,Dinosaur,EARTH,4.0,1400.0,1000.0,https://images.ygoprodeck.com/images/cards_cropped/80529459.jpg
80538047,Radiant Typhoon Swen,Beast-Warrior,WIND,3.0,1600.0,400.0,https://images.ygoprodeck.com/images/cards_cropped/80538047.jpg
80538728,Wind-Up Knight,Warrior,LIGHT,4.0,1800.0,1200.0,https://images.ygoprodeck.com/images/cards_cropped/80538728.jpg
80549379,Dragunity Javelin,Dragon,WIND,2.0,1200.0,800.0,https://images.ygoprodeck.com/images/cards_cropped/80549379.jpg
80551022,Mimighoul Slime,Aqua,EARTH,1.0,400.0,500.0,https://images.ygoprodeck.com/images/cards_cropped/80551022.jpg
80555062,Bujingi Warg,Beast,LIGHT,4.0,1200.0,1900.0,https://images.ygoprodeck.com/images/cards_cropped/80555062.jpg
80555116,Naturia Guardian,Plant,EARTH,4.0,1600.0,400.0,https://images.ygoprodeck.com/images/cards_cropped/80555116.jpg
80559548,Speedroid Razorang,Machine,WIND,4.0,2000.0,0.0,https://images.ygoprodeck.com/images/cards_cropped/80559548.jpg
80570228,Anarchist Monk of the Six Samurai,Warrior,DARK,3.0,500.0,0.0,https://images.ygoprodeck.com/images/cards_cropped/80570228.jpg
80600490,Kageningen,Warrior,DARK,2.0,800.0,600.0,https://images.ygoprodeck.com/images/cards_cropped/80600490.jpg
80611581,Floowandereeze & Empen,Winged Beast,WIND,10.0,2700.0,1000.0,https://images.ygoprodeck.com/images/cards_cropped/80611581.jpg
80621253,Mannadium Torrid,Fairy,FIRE,2.0,0.0,1500.0,https://images.ygoprodeck.com/images/cards_cropped/80621253.jpg
80630522,Flower Cardian Paulownia,Warrior,DARK,12.0,100.0,100.0,https://images.ygoprodeck.com/images/cards_cropped/80630522.jpg
80637190,Spyder Spider,Insect,EARTH,4.0,1500.0,1000.0,https://images.ygoprodeck.com/images/cards_cropped/80637190.jpg
80651316,Evolsaur Cerato,Dinosaur,FIRE,4.0,1900.0,1400.0,https://images.ygoprodeck.com/images/cards_cropped/80651316.jpg
80701178,Impcantation Talismandra,Plant,DARK,6.0,0.0,0.0,https://images.ygoprodeck.com/images/cards_cropped/80701178.jpg
80727721,Jurrac Aeolo,Dinosaur,FIRE,1.0,200.0,200.0,https://images.ygoprodeck.com/images/cards_cropped/80727721.jpg
80741828,Witch's Apprentice,Spellcaster,DARK,2.0,550.0,500.0,https://images.ygoprodeck.com/images/cards_cropped/80741828.jpg
80744121,Destiny HERO - Fear Monger,Warrior,DARK,4.0,1000.0,1000.0,https://images.ygoprodeck.com/images/cards_cropped/80744121.jpg
80769747,Iron Chain Snake,Reptile,EARTH,3.0,800.0,1200.0,https://images.ygoprodeck.com/images/cards_cropped/80769747.jpg
80770678,Spirit of the Harp,Fairy,LIGHT,4.0,800.0,2000.0,https://images.ygoprodeck.com/images/cards_cropped/80770678.jpg
80776622,DoSolfachord Coolia,Fairy,WIND,8.0,2700.0,2500.0,https://images.ygoprodeck.com/images/cards_cropped/80776622.jpg
80794697,Flame Bufferlo,Cyberse,FIRE,3.0,1400.0,200.0,https://images.ygoprodeck.com/images/cards_cropped/80794697.jpg
80813021,Torike,Beast,EARTH,3.0,1200.0,600.0,https://images.ygoprodeck.com/images/cards_cropped/80813021.jpg
80825553,Cloudian - Smoke Ball,Fairy,WATER,1.0,200.0,600.0,https://images.ygoprodeck.com/images/cards_cropped/80825553.jpg
80831552,Dinowrestler Valeonyx,Dinosaur,EARTH,3.0,1600.0,0.0,https://images.ygoprodeck.com/images/cards_cropped/80831552.jpg
80839052,Koa'ki Meiru Supplier,Rock,EARTH,4.0,1400.0,1600.0,https://images.ygoprodeck.com/images/cards_cropped/80839052.jpg
80870883,Red-Eyes Black Fullmetal Dragon,Machine,DARK,8.0,3400.0,2400.0,https://images.ygoprodeck.com/images/cards_cropped/80870883.jpg
80885284,Ghostrick Jiangshi,Zombie,DARK,3.0,400.0,1800.0,https://images.ygoprodeck.com/images/cards_cropped/80885284.jpg
80885324,Search Striker,Warrior,WIND,4.0,1600.0,1200.0,https://images.ygoprodeck.com/images/cards_cropped/80885324.jpg
80887952,Helios Duo Megistus,Pyro,LIGHT,6.0,-1.0,-1.0,https://images.ygoprodeck.com/images/cards_cropped/80887952.jpg
80908502,Elemental HERO Captain Gold,Warrior,LIGHT,4.0,2100.0,800.0,https://images.ygoprodeck.com/images/cards_cropped/80908502.jpg
80925836,Koa'ki Meiru Doom,Fiend,WIND,3.0,1700.0,800.0,https://images.ygoprodeck.com/images/cards_cropped/80925836.jpg
80959027,Mythical Beast Bashilisk,Spellcaster,LIGHT,4.0,1800.0,500.0,https://images.ygoprodeck.com/images/cards_cropped/80959027.jpg
80965043,Mathmech Addition,Cyberse,FIRE,4.0,1000.0,1000.0,https://images.ygoprodeck.com/images/cards_cropped/80965043.jpg
80978111,"Flying ""C""",Insect,EARTH,3.0,700.0,700.0,https://images.ygoprodeck.com/images/cards_cropped/80978111.jpg
81005500,"Ween, the Spirit of Treats",Zombie,LIGHT,4.0,0.0,0.0,https://images.ygoprodeck.com/images/cards_cropped/81005500.jpg
81020140,Volcanic Blaster,Pyro,FIRE,3.0,1200.0,600.0,https://images.ygoprodeck.com/images/cards_cropped/81020140.jpg
81028112,Wattsychic Fighter,Psychic,LIGHT,3.0,1500.0,300.0,https://images.ygoprodeck.com/images/cards_cropped/81028112.jpg
81034083,Dark Beckoning Beast,Fiend,DARK,2.0,0.0,0.0,https://images.ygoprodeck.com/images/cards_cropped/81034083.jpg
81035362,Fiendish Rhino Warrior,Fiend,EARTH,3.0,1400.0,900.0,https://images.ygoprodeck.com/images/cards_cropped/81035362.jpg
81055000,Performapal Handstandaccoon,Beast,EARTH,2.0,400.0,600.0,https://images.ygoprodeck.com/images/cards_cropped/81055000.jpg
81057959,D. Human,Warrior,EARTH,4.0,1300.0,1100.0,https://images.ygoprodeck.com/images/cards_cropped/81057959.jpg
81059524,Des Volstgalph,Dragon,EARTH,6.0,2200.0,1700.0,https://images.ygoprodeck.com/images/cards_cropped/81059524.jpg
81078880,Live☆Twin Lil-la Treat,Zombie,DARK,2.0,500.0,0.0,https://images.ygoprodeck.com/images/cards_cropped/81078880.jpg
81096431,Drake Shark,Fish,WATER,4.0,1400.0,1050.0,https://images.ygoprodeck.com/images/cards_cropped/81096431.jpg
81101309,Night Train Blue Traveler,Machine,EARTH,10.0,2500.0,2500.0,https://images.ygoprodeck.com/images/cards_cropped/81101309.jpg
81105204,Blackwing - Kris the Crack of Dawn,Winged Beast,DARK,4.0,1900.0,300.0,https://images.ygoprodeck.com/images/cards_cropped/81105204.jpg
81108658,Ursarctic Megabilis,Beast-Warrior,WATER,8.0,2800.0,700.0,https://images.ygoprodeck.com/images/cards_cropped/81108658.jpg
81109178,Fire Cracker,Fiend,FIRE,4.0,1700.0,200.0,https://images.ygoprodeck.com/images/cards_cropped/81109178.jpg
81119816,Prank-Kids Fansies,Thunder,WIND,1.0,0.0,2000.0,https://images.ygoprodeck.com/images/cards_cropped/81119816.jpg
81146288,"Rosaria, the Stately Fallen Angel",Plant,EARTH,8.0,2900.0,2400.0,https://images.ygoprodeck.com/images/cards_cropped/81146288.jpg
81179446,Kattapillar,Insect,EARTH,1.0,250.0,300.0,https://images.ygoprodeck.com/images/cards_cropped/81179446.jpg
81237046,Enneacraft - Archa.TAIL,Machine,LIGHT,9.0,3000.0,2500.0,https://images.ygoprodeck.com/images/cards_cropped/81237046.jpg
81254059,Worm Queen,Reptile,LIGHT,8.0,2700.0,1100.0,https://images.ygoprodeck.com/images/cards_cropped/81254059.jpg
81260679,Ohime the Manifested Mikanko,Fairy,LIGHT,6.0,0.0,0.0,https://images.ygoprodeck.com/images/cards_cropped/81260679.jpg
81263643,Mystrick Hulder,Spellcaster,DARK,5.0,1500.0,2400.0,https://images.ygoprodeck.com/images/cards_cropped/81263643.jpg
81269231,Ancient Gear Hydra,Machine,EARTH,7.0,2700.0,1700.0,https://images.ygoprodeck.com/images/cards_cropped/81269231.jpg
81275020,Speedroid Terrortop,Machine,WIND,3.0,1200.0,600.0,https://images.ygoprodeck.com/images/cards_cropped/81275020.jpg
81275309,General Raiho of the Ice Barrier,Warrior,WATER,6.0,2100.0,2300.0,https://images.ygoprodeck.com/images/cards_cropped/81275309.jpg
81278754,Flip Flop Frog,Aqua,WATER,2.0,500.0,200.0,https://images.ygoprodeck.com/images/cards_cropped/81278754.jpg
81306586,Nightmare Penguin,Aqua,WATER,4.0,900.0,1800.0,https://images.ygoprodeck.com/images/cards_cropped/81306586.jpg
81321206,Ursarctic Mikbilis,Beast,WATER,7.0,700.0,1400.0,https://images.ygoprodeck.com/images/cards_cropped/81321206.jpg
81336148,Sword Master,Warrior,EARTH,3.0,1200.0,0.0,https://images.ygoprodeck.com/images/cards_cropped/81336148.jpg
81344070,"Goldenhair, the Newest Plunder Patroll",Fiend,WATER,4.0,0.0,2000.0,https://images.ygoprodeck.com/images/cards_cropped/81344070.jpg
81344637,"Basilius, Familiar of the Evil Eye",Fiend,DARK,3.0,400.0,2000.0,https://images.ygoprodeck.com/images/cards_cropped/81344637.jpg
81354330,Red Sparrow Summoner,Spellcaster,FIRE,4.0,1600.0,1300.0,https://images.ygoprodeck.com/images/cards_cropped/81354330.jpg
81383947,White Magician Pikeru,Spellcaster,LIGHT,2.0,1200.0,0.0,https://images.ygoprodeck.com/images/cards_cropped/81383947.jpg
81386177,Bottom Dweller,Fish,WATER,5.0,1650.0,1700.0,https://images.ygoprodeck.com/images/cards_cropped/81386177.jpg
81418467,Primite Imperial Dragon,Dragon,EARTH,6.0,2600.0,0.0,https://images.ygoprodeck.com/images/cards_cropped/81418467.jpg
81434470,Thousand-Eyes Jellyfish,Fish,WATER,5.0,300.0,2100.0,https://images.ygoprodeck.com/images/cards_cropped/81434470.jpg
81470373,Blackwing - Simoon the Poison Wind,Winged Beast,DARK,6.0,1600.0,2000.0,https://images.ygoprodeck.com/images/cards_cropped/81470373.jpg
81471108,ZW - Tornado Bringer,Dragon,WIND,5.0,1300.0,1800.0,https://images.ygoprodeck.com/images/cards_cropped/81471108.jpg
81476402,Wicked Serpent Night Dragon,Dragon,DARK,7.0,2350.0,2400.0,https://images.ygoprodeck.com/images/cards_cropped/81476402.jpg
81480461,Barrel Dragon,Machine,DARK,7.0,2600.0,2200.0,https://images.ygoprodeck.com/images/cards_cropped/81480461.jpg
81481818,Patchwork Fluffal,Fairy,EARTH,1.0,0.0,0.0,https://images.ygoprodeck.com/images/cards_cropped/81481818.jpg
81492226,Ancient Jar,Rock,EARTH,1.0,400.0,200.0,https://images.ygoprodeck.com/images/cards_cropped/81492226.jpg
81497285,Lady Labrynth of the Silver Castle,Fiend,DARK,8.0,3000.0,2900.0,https://images.ygoprodeck.com/images/cards_cropped/81497285.jpg
81519836,Vernusylph of the Misting Seedlings,Fairy,EARTH,3.0,400.0,800.0,https://images.ygoprodeck.com/images/cards_cropped/81519836.jpg
81522098,Mimighoul Dragon,Dragon,EARTH,1.0,500.0,2000.0,https://images.ygoprodeck.com/images/cards_cropped/81522098.jpg
81524756,Crusadia Maximus,Psychic,LIGHT,4.0,1600.0,1000.0,https://images.ygoprodeck.com/images/cards_cropped/81524756.jpg
81555617,Ad Libitum of Despia,Fairy,DARK,8.0,1500.0,2000.0,https://images.ygoprodeck.com/images/cards_cropped/81555617.jpg
81558967,Valkyrie Vierte,Fairy,LIGHT,3.0,1400.0,1400.0,https://images.ygoprodeck.com/images/cards_cropped/81558967.jpg
81563416,Fairy of the Fountain,Aqua,WATER,4.0,1600.0,1100.0,https://images.ygoprodeck.com/images/cards_cropped/81563416.jpg
81570454,Infernoble Knight - Roland,Warrior,FIRE,1.0,500.0,500.0,https://images.ygoprodeck.com/images/cards_cropped/81570454.jpg
81571633,D/D Proud Ogre,Fiend,DARK,6.0,2300.0,1500.0,https://images.ygoprodeck.com/images/cards_cropped/81571633.jpg
81587028,Box of Friends,Machine,LIGHT,1.0,0.0,0.0,https://images.ygoprodeck.com/images/cards_cropped/81587028.jpg
81599449,Chemicritter Carbo Crab,Aqua,FIRE,2.0,700.0,1400.0,https://images.ygoprodeck.com/images/cards_cropped/81599449.jpg
81616639,Zombina,Zombie,EARTH,4.0,1400.0,1500.0,https://images.ygoprodeck.com/images/cards_cropped/81616639.jpg
81618817,Lord of Zemia,Fiend,DARK,4.0,1300.0,1000.0,https://images.ygoprodeck.com/images/cards_cropped/81618817.jpg
81650695,Power Patron DoomZ,Machine,WIND,1.0,300.0,200.0,https://images.ygoprodeck.com/images/cards_cropped/81650695.jpg
81661951,Dragunity Militum,Winged Beast,WIND,4.0,1700.0,1200.0,https://images.ygoprodeck.com/images/cards_cropped/81661951.jpg
81677154,Mementotlan Tatsunootoshigo,Beast,EARTH,5.0,1350.0,1600.0,https://images.ygoprodeck.com/images/cards_cropped/81677154.jpg
81684048,Pumpking the King of Grave Ghosts,Zombie,DARK,6.0,1950.0,2600.0,https://images.ygoprodeck.com/images/cards_cropped/81684048.jpg
81686058,Ill Witch,Spellcaster,LIGHT,5.0,1600.0,1500.0,https://images.ygoprodeck.com/images/cards_cropped/81686058.jpg
81696879,Centur-Ion Chimerea,Pyro,DARK,4.0,1200.0,1600.0,https://images.ygoprodeck.com/images/cards_cropped/81696879.jpg
81743801,Mighty Dino King Rex,Dinosaur,EARTH,9.0,3200.0,1200.0,https://images.ygoprodeck.com/images/cards_cropped/81743801.jpg
81752019,Flower Cardian Pine,Warrior,DARK,1.0,100.0,100.0,https://images.ygoprodeck.com/images/cards_cropped/81752019.jpg
81755371,Dark Effigy,Fiend,DARK,4.0,1500.0,0.0,https://images.ygoprodeck.com/images/cards_cropped/81755371.jpg
81758313,Myriaday Dragon,Dragon,LIGHT,1.0,0.0,0.0,https://images.ygoprodeck.com/images/cards_cropped/81758313.jpg
81759748,Dark Spider,Insect,DARK,1.0,0.0,0.0,https://images.ygoprodeck.com/images/cards_cropped/81759748.jpg
81782101,Reptia Egg,Reptile,EARTH,1.0,0.0,0.0,https://images.ygoprodeck.com/images/cards_cropped/81782101.jpg
81794107,R.B. Lambda Cannon,Machine,DARK,6.0,1200.0,1200.0,https://images.ygoprodeck.com/images/cards_cropped/81794107.jpg
81816475,Overlay Eater,Reptile,LIGHT,2.0,300.0,800.0,https://images.ygoprodeck.com/images/cards_cropped/81816475.jpg
81823360,Megalosmasher X,Dinosaur,WATER,4.0,2000.0,0.0,https://images.ygoprodeck.com/images/cards_cropped/81823360.jpg
81825063,General Wayne of the Ice Barrier,Warrior,WATER,5.0,2100.0,400.0,https://images.ygoprodeck.com/images/cards_cropped/81825063.jpg
81843628,Needle Worm,Insect,EARTH,2.0,750.0,600.0,https://images.ygoprodeck.com/images/cards_cropped/81843628.jpg
81846636,Gem-Knight Lazuli,Rock,EARTH,1.0,600.0,100.0,https://images.ygoprodeck.com/images/cards_cropped/81846636.jpg
81863068,Hiro's Shadow Scout,Fiend,DARK,2.0,650.0,500.0,https://images.ygoprodeck.com/images/cards_cropped/81863068.jpg
81866673,Destiny HERO - Dasher,Warrior,DARK,6.0,2100.0,1000.0,https://images.ygoprodeck.com/images/cards_cropped/81866673.jpg
81873903,Evoltile Westlo,Reptile,FIRE,3.0,700.0,1900.0,https://images.ygoprodeck.com/images/cards_cropped/81873903.jpg
81896370,Swift Birdman Joe,Winged Beast,WIND,6.0,2300.0,1400.0,https://images.ygoprodeck.com/images/cards_cropped/81896370.jpg
81896771,Wattpheasant,Thunder,LIGHT,4.0,1000.0,800.0,https://images.ygoprodeck.com/images/cards_cropped/81896771.jpg
81907872,Ghostrick Specter,Fiend,DARK,1.0,600.0,0.0,https://images.ygoprodeck.com/images/cards_cropped/81907872.jpg
81914447,Noh-P.U.N.K. Ogre Dance,Fiend,DARK,8.0,2500.0,2000.0,https://images.ygoprodeck.com/images/cards_cropped/81914447.jpg
81919143,Brain Crusher,Insect,DARK,7.0,2400.0,1500.0,https://images.ygoprodeck.com/images/cards_cropped/81919143.jpg
81945676,Mementotlan Mace,Fairy,LIGHT,1.0,400.0,300.0,https://images.ygoprodeck.com/images/cards_cropped/81945676.jpg
81951640,Unauthorized Bootup Device,Machine,DARK,1.0,500.0,0.0,https://images.ygoprodeck.com/images/cards_cropped/81951640.jpg
81962318,Dragunity Tribus,Winged Beast,WIND,1.0,500.0,300.0,https://images.ygoprodeck.com/images/cards_cropped/81962318.jpg
81974607,Cipher Wing,Machine,LIGHT,4.0,1400.0,1200.0,https://images.ygoprodeck.com/images/cards_cropped/81974607.jpg
81977953,Desert Twister,Fiend,WIND,6.0,2300.0,2000.0,https://images.ygoprodeck.com/images/cards_cropped/81977953.jpg
81985784,Des Feral Imp,Reptile,DARK,4.0,1600.0,1800.0,https://images.ygoprodeck.com/images/cards_cropped/81985784.jpg
81992475,"Barbar, Malebranche of the Burning Abyss",Fiend,DARK,3.0,1700.0,1000.0,https://images.ygoprodeck.com/images/cards_cropped/81992475.jpg
82005435,Lady Ninja Yae,Warrior,WIND,3.0,1100.0,200.0,https://images.ygoprodeck.com/images/cards_cropped/82005435.jpg
82012319,Scrap Golem,Rock,EARTH,5.0,2300.0,1400.0,https://images.ygoprodeck.com/images/cards_cropped/82012319.jpg
82035781,Twinheaded Beast,Beast,FIRE,6.0,1700.0,1900.0,https://images.ygoprodeck.com/images/cards_cropped/82035781.jpg
82041999,Joruri-P.U.N.K. Madame Spider,Psychic,EARTH,3.0,900.0,600.0,https://images.ygoprodeck.com/images/cards_cropped/82041999.jpg
82050203,Dotedotengu,Fiend,WIND,3.0,0.0,800.0,https://images.ygoprodeck.com/images/cards_cropped/82050203.jpg
82065276,Oscillo Hero,Warrior,EARTH,3.0,1250.0,700.0,https://images.ygoprodeck.com/images/cards_cropped/82065276.jpg
82085295,Impcantation Penciplume,Psychic,LIGHT,3.0,0.0,0.0,https://images.ygoprodeck.com/images/cards_cropped/82085295.jpg
82085619,Shining Friendship,Fairy,LIGHT,4.0,1300.0,1100.0,https://images.ygoprodeck.com/images/cards_cropped/82085619.jpg
82090807,Fallen of Argyros,Thunder,DARK,2.0,700.0,700.0,https://images.ygoprodeck.com/images/cards_cropped/82090807.jpg
82099401,Crystal Seer,Spellcaster,WATER,1.0,100.0,100.0,https://images.ygoprodeck.com/images/cards_cropped/82099401.jpg
82103466,Divine Serpent Geh,Reptile,DARK,12.0,-1.0,0.0,https://images.ygoprodeck.com/images/cards_cropped/82103466.jpg
82108372,Mudora,Fairy,EARTH,4.0,1500.0,1800.0,https://images.ygoprodeck.com/images/cards_cropped/82108372.jpg
82112494,Superheavy Samurai Prodigy Wakaushi,Machine,DARK,4.0,1000.0,1500.0,https://images.ygoprodeck.com/images/cards_cropped/82112494.jpg
82112775,D.D.M. - Different Dimension Master,Spellcaster,LIGHT,5.0,1700.0,1500.0,https://images.ygoprodeck.com/images/cards_cropped/82112775.jpg
82114013,Sea Dragoons of Draconia,Sea Serpent,WATER,3.0,200.0,2100.0,https://images.ygoprodeck.com/images/cards_cropped/82114013.jpg
82116191,Gigantic Cephalotus,Plant,EARTH,4.0,1850.0,700.0,https://images.ygoprodeck.com/images/cards_cropped/82116191.jpg
82128978,Libromancer Magigirl,Spellcaster,WATER,4.0,600.0,2100.0,https://images.ygoprodeck.com/images/cards_cropped/82128978.jpg
82159583,Clown Crew Biancaviso,Illusion,LIGHT,7.0,2500.0,2500.0,https://images.ygoprodeck.com/images/cards_cropped/82159583.jpg
82176812,"Hydrotortoise, the Empowered Warrior",Warrior,WATER,3.0,1400.0,900.0,https://images.ygoprodeck.com/images/cards_cropped/82176812.jpg
82199284,Mist Valley Falcon,Winged Beast,WIND,4.0,2000.0,1200.0,https://images.ygoprodeck.com/images/cards_cropped/82199284.jpg
82213171,"Prometheus, King of the Shadows",Fiend,DARK,4.0,1200.0,800.0,https://images.ygoprodeck.com/images/cards_cropped/82213171.jpg
82224646,Performapal Odd-Eyes Synchron,Spellcaster,DARK,2.0,200.0,600.0,https://images.ygoprodeck.com/images/cards_cropped/82224646.jpg
82243738,Angel O1,Fairy,LIGHT,1.0,200.0,300.0,https://images.ygoprodeck.com/images/cards_cropped/82243738.jpg
82257671,Gatchiri @Ignister,Cyberse,EARTH,8.0,0.0,3000.0,https://images.ygoprodeck.com/images/cards_cropped/82257671.jpg
82260502,Hieracosphinx,Rock,EARTH,6.0,2400.0,1200.0,https://images.ygoprodeck.com/images/cards_cropped/82260502.jpg
82293134,Heraldic Beast Leo,Beast,EARTH,4.0,2000.0,1000.0,https://images.ygoprodeck.com/images/cards_cropped/82293134.jpg
82301904,Chaos Emperor Dragon - Envoy of the End,Dragon,DARK,8.0,3000.0,2500.0,https://images.ygoprodeck.com/images/cards_cropped/82301904.jpg
82315772,Heraldic Beast Eale,Beast,EARTH,4.0,1000.0,1800.0,https://images.ygoprodeck.com/images/cards_cropped/82315772.jpg
82319644,"Tlakalel, His Malevolent Majesty",Fiend,DARK,5.0,2400.0,1000.0,https://images.ygoprodeck.com/images/cards_cropped/82319644.jpg
82321037,"True King Bahrastos, the Fathomer",Wyrm,WATER,9.0,1800.0,3000.0,https://images.ygoprodeck.com/images/cards_cropped/82321037.jpg
82323997,Red Nova Dragon/Assault Mode,Dragon,DARK,12.0,4000.0,3500.0,https://images.ygoprodeck.com/images/cards_cropped/82323997.jpg
82324312,Goblin Recon Squad,Warrior,WIND,4.0,1700.0,0.0,https://images.ygoprodeck.com/images/cards_cropped/82324312.jpg
82344137,Phara the Primordial Goddess,Spellcaster,DARK,8.0,2800.0,2800.0,https://images.ygoprodeck.com/images/cards_cropped/82344137.jpg
82359538,Enneacraft - Aiza.LEON,Machine,LIGHT,9.0,3000.0,2500.0,https://images.ygoprodeck.com/images/cards_cropped/82359538.jpg
82361809,Scareclaw Reichheart,Warrior,DARK,4.0,1500.0,2100.0,https://images.ygoprodeck.com/images/cards_cropped/82361809.jpg
82377606,Ally of Justice Unlimiter,Machine,DARK,2.0,600.0,200.0,https://images.ygoprodeck.com/images/cards_cropped/82377606.jpg
82385847,Dinowrestler Pankratops,Dinosaur,EARTH,7.0,2600.0,0.0,https://images.ygoprodeck.com/images/cards_cropped/82385847.jpg
82419869,U.A. Perfect Ace,Warrior,EARTH,5.0,1500.0,2500.0,https://images.ygoprodeck.com/images/cards_cropped/82419869.jpg
82434071,Infernity Pawn,Fiend,DARK,1.0,0.0,0.0,https://images.ygoprodeck.com/images/cards_cropped/82434071.jpg
82458280,Magic Hole Golem,Rock,DARK,3.0,0.0,2000.0,https://images.ygoprodeck.com/images/cards_cropped/82458280.jpg
82466274,"Serziel, Watcher of the Evil Eye",Fiend,DARK,4.0,1600.0,1400.0,https://images.ygoprodeck.com/images/cards_cropped/82466274.jpg
82482194,Millennium Scorpion,Insect,EARTH,5.0,2000.0,1800.0,https://images.ygoprodeck.com/images/cards_cropped/82482194.jpg
82489470,The Golden Swordsoul,Spellcaster,LIGHT,4.0,1800.0,1500.0,https://images.ygoprodeck.com/images/cards_cropped/82489470.jpg
82496097,Time Thief Bezel Ship,Machine,DARK,4.0,1000.0,2000.0,https://images.ygoprodeck.com/images/cards_cropped/82496097.jpg
82498947,Defender of the Ice Barrier,Aqua,WATER,3.0,200.0,1600.0,https://images.ygoprodeck.com/images/cards_cropped/82498947.jpg
82556058,Fiendish Engine Omega,Machine,DARK,8.0,2800.0,2000.0,https://images.ygoprodeck.com/images/cards_cropped/82556058.jpg
82562802,Cyberdark Claw,Dragon,DARK,3.0,1600.0,800.0,https://images.ygoprodeck.com/images/cards_cropped/82562802.jpg
82579942,Lightray Madoor,Spellcaster,LIGHT,6.0,1200.0,3000.0,https://images.ygoprodeck.com/images/cards_cropped/82579942.jpg
82593786,Bacon Saver,Zombie,DARK,2.0,700.0,600.0,https://images.ygoprodeck.com/images/cards_cropped/82593786.jpg
82616239,Light Water Dragon,Sea Serpent,WATER,4.0,1400.0,1300.0,https://images.ygoprodeck.com/images/cards_cropped/82616239.jpg
82627406,Kiwi Magician Girl,Spellcaster,WIND,5.0,1800.0,1200.0,https://images.ygoprodeck.com/images/cards_cropped/82627406.jpg
82642348,Kryuel,Fiend,DARK,4.0,1000.0,1700.0,https://images.ygoprodeck.com/images/cards_cropped/82642348.jpg
82661461,Performapal Odd-Eyes Valet,Spellcaster,LIGHT,1.0,100.0,200.0,https://images.ygoprodeck.com/images/cards_cropped/82661461.jpg
82670878,Ogre of the Scarlet Sorrow,Fiend,DARK,4.0,0.0,0.0,https://images.ygoprodeck.com/images/cards_cropped/82670878.jpg
82692552,Coralianektes the Shimmering Shining Dragon,Sea Serpent,WATER,7.0,1300.0,2700.0,https://images.ygoprodeck.com/images/cards_cropped/82692552.jpg
82693042,Sphere of Chaos,Machine,DARK,5.0,1600.0,0.0,https://images.ygoprodeck.com/images/cards_cropped/82693042.jpg
82693917,Fortune Lady Wind,Spellcaster,WIND,3.0,-1.0,-1.0,https://images.ygoprodeck.com/images/cards_cropped/82693917.jpg
82697428,Vision HERO Witch Raider,Warrior,DARK,8.0,2700.0,1900.0,https://images.ygoprodeck.com/images/cards_cropped/82697428.jpg
82699999,Live☆Twin Lil-la Sweet,Spellcaster,DARK,2.0,500.0,0.0,https://images.ygoprodeck.com/images/cards_cropped/82699999.jpg
82738277,Traptrix Mantis,Insect,EARTH,4.0,1500.0,1300.0,https://images.ygoprodeck.com/images/cards_cropped/82738277.jpg
82742611,Serpent Marauder,Reptile,EARTH,2.0,700.0,600.0,https://images.ygoprodeck.com/images/cards_cropped/82742611.jpg
82744076,Tuning Gum,Fiend,DARK,1.0,400.0,1200.0,https://images.ygoprodeck.com/images/cards_cropped/82744076.jpg
82773292,Indulged Darklord,Fairy,DARK,4.0,1600.0,0.0,https://images.ygoprodeck.com/images/cards_cropped/82773292.jpg
82777208,Icejade Acti,Aqua,WATER,4.0,1000.0,1000.0,https://images.ygoprodeck.com/images/cards_cropped/82777208.jpg
82782870,"Mitsurugi no Mikoto, Kusanagi",Reptile,DARK,4.0,1600.0,400.0,https://images.ygoprodeck.com/images/cards_cropped/82782870.jpg
82791472,Ancient Warriors - Rebellious Lu Feng,Beast-Warrior,DARK,8.0,2800.0,2200.0,https://images.ygoprodeck.com/images/cards_cropped/82791472.jpg
82818645,Rock Spirit,Spellcaster,EARTH,5.0,1650.0,1900.0,https://images.ygoprodeck.com/images/cards_cropped/82818645.jpg
82821760,B.E.S. Big Core MK-3,Machine,LIGHT,8.0,2700.0,1900.0,https://images.ygoprodeck.com/images/cards_cropped/82821760.jpg
82841979,Yamato-no-Kami,Warrior,DARK,6.0,2200.0,1200.0,https://images.ygoprodeck.com/images/cards_cropped/82841979.jpg
82888408,The Fabled Cerburrel,Beast,LIGHT,2.0,1000.0,400.0,https://images.ygoprodeck.com/images/cards_cropped/82888408.jpg
82896870,Fluffal Dolphin,Fairy,WATER,4.0,1600.0,1000.0,https://images.ygoprodeck.com/images/cards_cropped/82896870.jpg
82913020,Constellar Caduceus,Spellcaster,LIGHT,4.0,1600.0,1550.0,https://images.ygoprodeck.com/images/cards_cropped/82913020.jpg
82933935,Mimighoul Flower,Plant,EARTH,1.0,0.0,2100.0,https://images.ygoprodeck.com/images/cards_cropped/82933935.jpg
82946847,Petiteranodon,Dinosaur,EARTH,2.0,500.0,500.0,https://images.ygoprodeck.com/images/cards_cropped/82946847.jpg
82962242,Vampire Vamp,Zombie,DARK,7.0,2000.0,2000.0,https://images.ygoprodeck.com/images/cards_cropped/82962242.jpg
82970905,Father Grizzly,Beast-Warrior,WATER,4.0,1400.0,1000.0,https://images.ygoprodeck.com/images/cards_cropped/82970905.jpg
82971335,Fortune Lady Earth,Spellcaster,EARTH,6.0,-1.0,-1.0,https://images.ygoprodeck.com/images/cards_cropped/82971335.jpg
82994509,Horseytail,Plant,WIND,2.0,400.0,500.0,https://images.ygoprodeck.com/images/cards_cropped/82994509.jpg
83011278,Mystic Tomato,Plant,DARK,4.0,1400.0,1100.0,https://images.ygoprodeck.com/images/cards_cropped/83011278.jpg
83021423,Chachaka Archer,Warrior,WIND,6.0,1200.0,1800.0,https://images.ygoprodeck.com/images/cards_cropped/83021423.jpg
83032858,Elementsaber Aina,Warrior,EARTH,2.0,900.0,1800.0,https://images.ygoprodeck.com/images/cards_cropped/83032858.jpg
83035296,Megistric Maginician,Spellcaster,FIRE,1.0,0.0,2000.0,https://images.ygoprodeck.com/images/cards_cropped/83035296.jpg
83039608,The Fabled Abanc,Beast,LIGHT,2.0,1000.0,600.0,https://images.ygoprodeck.com/images/cards_cropped/83039608.jpg
83039729,Grandmaster of the Six Samurai,Warrior,EARTH,5.0,2100.0,800.0,https://images.ygoprodeck.com/images/cards_cropped/83039729.jpg
83048208,Digital Bug LEDybug,Insect,LIGHT,3.0,500.0,0.0,https://images.ygoprodeck.com/images/cards_cropped/83048208.jpg
83061014,Numen erat Testudo,Aqua,WATER,5.0,1800.0,0.0,https://images.ygoprodeck.com/images/cards_cropped/83061014.jpg
83094004,Aeropixthree,Fairy,WIND,1.0,200.0,200.0,https://images.ygoprodeck.com/images/cards_cropped/83094004.jpg
83104731,Ancient Gear Golem,Machine,EARTH,8.0,3000.0,3000.0,https://images.ygoprodeck.com/images/cards_cropped/83104731.jpg
83107873,Thunder Dragonhawk,Thunder,LIGHT,6.0,1800.0,2200.0,https://images.ygoprodeck.com/images/cards_cropped/83107873.jpg
83116692,Doombearer Psychopompos,Zombie,EARTH,2.0,0.0,0.0,https://images.ygoprodeck.com/images/cards_cropped/83116692.jpg
83135907,Scrap Goblin,Beast-Warrior,EARTH,3.0,0.0,500.0,https://images.ygoprodeck.com/images/cards_cropped/83135907.jpg
83190280,Lunalight Tiger,Beast-Warrior,LIGHT,3.0,1200.0,800.0,https://images.ygoprodeck.com/images/cards_cropped/83190280.jpg
83203672,Springans Branga,Machine,FIRE,8.0,500.0,2500.0,https://images.ygoprodeck.com/images/cards_cropped/83203672.jpg
83228073,Two Thousand Needles,Beast,EARTH,5.0,2000.0,1800.0,https://images.ygoprodeck.com/images/cards_cropped/83228073.jpg
83235263,Tyranno Infinity,Dinosaur,EARTH,4.0,-1.0,0.0,https://images.ygoprodeck.com/images/cards_cropped/83235263.jpg
83236601,Raidraptor - Tribute Lanius,Winged Beast,DARK,4.0,1800.0,400.0,https://images.ygoprodeck.com/images/cards_cropped/83236601.jpg
83239739,Oyster Meister,Fish,WATER,3.0,1600.0,200.0,https://images.ygoprodeck.com/images/cards_cropped/83239739.jpg
83269557,Dark Valkyria,Fairy,DARK,4.0,1800.0,1050.0,https://images.ygoprodeck.com/images/cards_cropped/83269557.jpg
83272895,Bachibachibachi,Insect,LIGHT,3.0,800.0,800.0,https://images.ygoprodeck.com/images/cards_cropped/83272895.jpg
83274244,Dododo Warrior,Warrior,EARTH,6.0,2300.0,900.0,https://images.ygoprodeck.com/images/cards_cropped/83274244.jpg
83286340,War Rock Fortia,Warrior,EARTH,4.0,1700.0,1700.0,https://images.ygoprodeck.com/images/cards_cropped/83286340.jpg
83293307,Krawler Receptor,Insect,EARTH,2.0,900.0,1200.0,https://images.ygoprodeck.com/images/cards_cropped/83293307.jpg
83295594,Steam Synchron,Machine,WATER,3.0,600.0,800.0,https://images.ygoprodeck.com/images/cards_cropped/83295594.jpg
83303851,D/D/D Chaos King Apocalypse,Fiend,DARK,7.0,2700.0,2000.0,https://images.ygoprodeck.com/images/cards_cropped/83303851.jpg
83315222,Battlin' Boxer Promoter,Warrior,FIRE,4.0,1700.0,800.0,https://images.ygoprodeck.com/images/cards_cropped/83315222.jpg
83334932,Superheavy Samurai Motorbike,Machine,EARTH,2.0,800.0,1200.0,https://images.ygoprodeck.com/images/cards_cropped/83334932.jpg
83347294,Odd-Eyes Lancer Dragon,Dragon,LIGHT,8.0,3000.0,2000.0,https://images.ygoprodeck.com/images/cards_cropped/83347294.jpg
83370323,Torapart,Warrior,DARK,2.0,600.0,600.0,https://images.ygoprodeck.com/images/cards_cropped/83370323.jpg
83392426,Bicular,Machine,EARTH,2.0,200.0,200.0,https://images.ygoprodeck.com/images/cards_cropped/83392426.jpg
83414006,Vision HERO Poisoner,Warrior,DARK,3.0,900.0,700.0,https://images.ygoprodeck.com/images/cards_cropped/83414006.jpg
83443619,Crystron Smiger,Machine,WATER,3.0,1000.0,1800.0,https://images.ygoprodeck.com/images/cards_cropped/83443619.jpg
83445539,Darkness Resonator,Fiend,DARK,3.0,1300.0,300.0,https://images.ygoprodeck.com/images/cards_cropped/83445539.jpg
83446909,Batteryman Charger,Thunder,LIGHT,5.0,1800.0,1200.0,https://images.ygoprodeck.com/images/cards_cropped/83446909.jpg
83464209,Mystical Sheep #2,Beast,EARTH,3.0,800.0,1000.0,https://images.ygoprodeck.com/images/cards_cropped/83464209.jpg
83477829,"World Legacy - ""World Armor""",Machine,DARK,7.0,2500.0,2500.0,https://images.ygoprodeck.com/images/cards_cropped/83477829.jpg
83488497,Scareclaw Astra,Beast,EARTH,3.0,0.0,1300.0,https://images.ygoprodeck.com/images/cards_cropped/83488497.jpg
83500096,Genex Ally Solid,Machine,DARK,2.0,500.0,1200.0,https://images.ygoprodeck.com/images/cards_cropped/83500096.jpg
83518674,Danger! Ogopogo!,Sea Serpent,DARK,8.0,1200.0,3000.0,https://images.ygoprodeck.com/images/cards_cropped/83518674.jpg
83528184,GMX Associate Noma,Reptile,DARK,4.0,900.0,1300.0,https://images.ygoprodeck.com/images/cards_cropped/83528184.jpg
83550869,"Ryko, Twilightsworn Fighter",Beast,DARK,2.0,200.0,100.0,https://images.ygoprodeck.com/images/cards_cropped/83550869.jpg
83566725,The Phantom Knights of Doomed Soleret,Warrior,DARK,3.0,400.0,1400.0,https://images.ygoprodeck.com/images/cards_cropped/83566725.jpg
83575471,Advanced Crystal Beast Ruby Carbuncle,Fairy,LIGHT,3.0,300.0,300.0,https://images.ygoprodeck.com/images/cards_cropped/83575471.jpg
83602069,Comrade Swordsman of Landstar,Warrior,EARTH,3.0,500.0,1200.0,https://images.ygoprodeck.com/images/cards_cropped/83602069.jpg
83604828,Cloudian - Ghost Fog,Fiend,WATER,1.0,0.0,0.0,https://images.ygoprodeck.com/images/cards_cropped/83604828.jpg
83610035,"Therion ""Lily"" Borea",Plant,WIND,8.0,2400.0,2500.0,https://images.ygoprodeck.com/images/cards_cropped/83610035.jpg
83629030,Toon Cyber Dragon,Machine,LIGHT,5.0,2100.0,1600.0,https://images.ygoprodeck.com/images/cards_cropped/83629030.jpg
83678433,Midnight Fiend,Fiend,DARK,2.0,800.0,600.0,https://images.ygoprodeck.com/images/cards_cropped/83678433.jpg
83682209,Piwraithe the Ghost Pirate,Aqua,WATER,4.0,1500.0,500.0,https://images.ygoprodeck.com/images/cards_cropped/83682209.jpg
83705073,Valkyrie Erda,Fairy,LIGHT,8.0,2000.0,2200.0,https://images.ygoprodeck.com/images/cards_cropped/83705073.jpg
83711531,Red-Eyes Metal Claws Dragon,Dragon,DARK,7.0,2400.0,2000.0,https://images.ygoprodeck.com/images/cards_cropped/83711531.jpg
83725008,"Jenis, Lightsworn Mender",Spellcaster,LIGHT,4.0,300.0,2100.0,https://images.ygoprodeck.com/images/cards_cropped/83725008.jpg
83764996,The Illusory Gentleman,Spellcaster,DARK,4.0,1500.0,1600.0,https://images.ygoprodeck.com/images/cards_cropped/83764996.jpg
83812099,Flint Lock,Machine,LIGHT,4.0,1500.0,800.0,https://images.ygoprodeck.com/images/cards_cropped/83812099.jpg
83819309,Cooling Embers,Pyro,FIRE,3.0,500.0,1500.0,https://images.ygoprodeck.com/images/cards_cropped/83819309.jpg
83903521,Beast of the Pharaoh,Zombie,EARTH,3.0,400.0,600.0,https://images.ygoprodeck.com/images/cards_cropped/83903521.jpg
83957459,Rhinotaurus,Beast-Warrior,FIRE,4.0,1800.0,600.0,https://images.ygoprodeck.com/images/cards_cropped/83957459.jpg
83965310,Destiny HERO - Plasma,Warrior,DARK,8.0,1900.0,600.0,https://images.ygoprodeck.com/images/cards_cropped/83965310.jpg
83980492,Dragong,Machine,EARTH,4.0,500.0,2100.0,https://images.ygoprodeck.com/images/cards_cropped/83980492.jpg
83982270,Cloudian - Poison Cloud,Fiend,WATER,3.0,0.0,1000.0,https://images.ygoprodeck.com/images/cards_cropped/83982270.jpg
83986578,King Tiger Wanghu,Beast,EARTH,4.0,1700.0,1000.0,https://images.ygoprodeck.com/images/cards_cropped/83986578.jpg
83991690,Buten,Fairy,LIGHT,1.0,200.0,300.0,https://images.ygoprodeck.com/images/cards_cropped/83991690.jpg
83994646,4-Starred Ladybug of Doom,Insect,WIND,3.0,800.0,1200.0,https://images.ygoprodeck.com/images/cards_cropped/83994646.jpg
84031359,Darklord Gulgolet,Fairy,DARK,6.0,2400.0,800.0,https://images.ygoprodeck.com/images/cards_cropped/84031359.jpg
84046493,Ghost Beef,Beast,DARK,7.0,2000.0,1000.0,https://images.ygoprodeck.com/images/cards_cropped/84046493.jpg
84055227,Maiden of Macabre,Spellcaster,DARK,4.0,1700.0,0.0,https://images.ygoprodeck.com/images/cards_cropped/84055227.jpg
84079032,Bettan Bat,Winged Beast,EARTH,1.0,0.0,0.0,https://images.ygoprodeck.com/images/cards_cropped/84079032.jpg
84080939,The Forgiving Maiden,Fairy,LIGHT,4.0,850.0,2000.0,https://images.ygoprodeck.com/images/cards_cropped/84080939.jpg
84103702,Kanikabuto,Aqua,WATER,3.0,650.0,900.0,https://images.ygoprodeck.com/images/cards_cropped/84103702.jpg
84133008,Monster Eye,Fiend,DARK,1.0,250.0,350.0,https://images.ygoprodeck.com/images/cards_cropped/84133008.jpg
84173492,Indomitable Fighter Lei Lei,Beast-Warrior,EARTH,4.0,2300.0,0.0,https://images.ygoprodeck.com/images/cards_cropped/84173492.jpg
84177693,Radiant Jeral,Fairy,LIGHT,4.0,1000.0,2000.0,https://images.ygoprodeck.com/images/cards_cropped/84177693.jpg
84192580,Mulcharmy Purulia,Aqua,WATER,4.0,100.0,600.0,https://images.ygoprodeck.com/images/cards_cropped/84192580.jpg
84257883,B.E.S. Blaster Cannon Core,Machine,EARTH,9.0,2500.0,3000.0,https://images.ygoprodeck.com/images/cards_cropped/84257883.jpg
84268896,Artifact Caduceus,Fairy,LIGHT,5.0,1600.0,2400.0,https://images.ygoprodeck.com/images/cards_cropped/84268896.jpg
84285623,Haniwa,Rock,EARTH,2.0,500.0,500.0,https://images.ygoprodeck.com/images/cards_cropped/84285623.jpg
84288367,"Aiwass, Divine Spirit of the Law",Fiend,WIND,8.0,2000.0,2800.0,https://images.ygoprodeck.com/images/cards_cropped/84288367.jpg
84290642,Snipe Hunter,Fiend,DARK,4.0,1500.0,600.0,https://images.ygoprodeck.com/images/cards_cropped/84290642.jpg
84313685,Vylon Tesseract,Machine,LIGHT,4.0,800.0,600.0,https://images.ygoprodeck.com/images/cards_cropped/84313685.jpg
84327329,Elemental HERO Clayman,Warrior,EARTH,4.0,800.0,2000.0,https://images.ygoprodeck.com/images/cards_cropped/84327329.jpg
84332527,"Therion ""Bull"" Ain",Warrior,FIRE,7.0,2100.0,1600.0,https://images.ygoprodeck.com/images/cards_cropped/84332527.jpg
84339249,Protecting Spirit Loagaeth,Fairy,LIGHT,7.0,2400.0,2100.0,https://images.ygoprodeck.com/images/cards_cropped/84339249.jpg
84341431,Archfiend Giant,Fiend,DARK,6.0,2400.0,1600.0,https://images.ygoprodeck.com/images/cards_cropped/84341431.jpg
84366728,Vanguard of the Underground Emperor,Reptile,EARTH,8.0,2600.0,2200.0,https://images.ygoprodeck.com/images/cards_cropped/84366728.jpg
84384943,Cabrera Stone,Rock,EARTH,1.0,0.0,0.0,https://images.ygoprodeck.com/images/cards_cropped/84384943.jpg
84385264,Lycanthrope,Beast-Warrior,EARTH,6.0,2400.0,1800.0,https://images.ygoprodeck.com/images/cards_cropped/84385264.jpg
84388461,"Zefrasaber, Swordmaster of the Nekroz",Spellcaster,WATER,4.0,1500.0,800.0,https://images.ygoprodeck.com/images/cards_cropped/84388461.jpg
84401954,Grain Blitzclique,Thunder,EARTH,2.0,1200.0,600.0,https://images.ygoprodeck.com/images/cards_cropped/84401954.jpg
84425220,Armed Dragon LV10 White,Dragon,LIGHT,10.0,3000.0,2000.0,https://images.ygoprodeck.com/images/cards_cropped/84425220.jpg
84430950,Armed Samurai - Ben Kei,Warrior,DARK,4.0,500.0,800.0,https://images.ygoprodeck.com/images/cards_cropped/84430950.jpg
84433129,Star Ryzeal,Pyro,LIGHT,4.0,1800.0,0.0,https://images.ygoprodeck.com/images/cards_cropped/84433129.jpg
84451804,Des Frog,Aqua,WATER,5.0,1900.0,0.0,https://images.ygoprodeck.com/images/cards_cropped/84451804.jpg
84453939,Psychic Ace,Psychic,DARK,2.0,1000.0,0.0,https://images.ygoprodeck.com/images/cards_cropped/84453939.jpg
84462118,Dragonbite,Insect,DARK,4.0,1000.0,1000.0,https://images.ygoprodeck.com/images/cards_cropped/84462118.jpg
84472026,Ghostrick Yeti,Zombie,DARK,3.0,300.0,2000.0,https://images.ygoprodeck.com/images/cards_cropped/84472026.jpg
84477320,Dracotail Phryxul,Spellcaster,LIGHT,2.0,800.0,1500.0,https://images.ygoprodeck.com/images/cards_cropped/84477320.jpg
84478195,Barrier Statue of the Abyss,Fiend,DARK,4.0,1000.0,1000.0,https://images.ygoprodeck.com/images/cards_cropped/84478195.jpg
84488827,Steelswarm Caucastag,Fiend,DARK,8.0,2800.0,0.0,https://images.ygoprodeck.com/images/cards_cropped/84488827.jpg
84512726,Zenet Prophet - Nefertari,Zombie,LIGHT,4.0,0.0,1000.0,https://images.ygoprodeck.com/images/cards_cropped/84512726.jpg
84523092,Witchcrafter Haine,Spellcaster,DARK,7.0,2400.0,1000.0,https://images.ygoprodeck.com/images/cards_cropped/84523092.jpg
84530620,Pahunder,Thunder,LIGHT,4.0,1300.0,600.0,https://images.ygoprodeck.com/images/cards_cropped/84530620.jpg
84539520,Amazoness Princess,Warrior,EARTH,3.0,1200.0,900.0,https://images.ygoprodeck.com/images/cards_cropped/84539520.jpg
84550200,Sonic Jammer,Machine,WIND,2.0,350.0,650.0,https://images.ygoprodeck.com/images/cards_cropped/84550200.jpg
84565800,Legendary Knight Hermos,Warrior,LIGHT,8.0,2800.0,1800.0,https://images.ygoprodeck.com/images/cards_cropped/84565800.jpg
84569017,Spearfish Soldier,Sea Serpent,WIND,4.0,1700.0,1100.0,https://images.ygoprodeck.com/images/cards_cropped/84569017.jpg
84592800,Morphtronic Videon,Machine,LIGHT,4.0,1000.0,1000.0,https://images.ygoprodeck.com/images/cards_cropped/84592800.jpg
84620194,Girochin Kuwagata,Insect,WIND,4.0,1700.0,1000.0,https://images.ygoprodeck.com/images/cards_cropped/84620194.jpg
84631951,Dinovatus Docus,Dinosaur,EARTH,6.0,1500.0,2200.0,https://images.ygoprodeck.com/images/cards_cropped/84631951.jpg
84635192,Tsuru-Puru-Purun,Aqua,WATER,2.0,450.0,500.0,https://images.ygoprodeck.com/images/cards_cropped/84635192.jpg
84636823,Spell Canceller,Machine,WIND,5.0,1800.0,1600.0,https://images.ygoprodeck.com/images/cards_cropped/84636823.jpg
84650463,Slushy,Aqua,WATER,2.0,0.0,0.0,https://images.ygoprodeck.com/images/cards_cropped/84650463.jpg
84673417,"Jain, Twilightsworn General",Warrior,DARK,4.0,1800.0,1200.0,https://images.ygoprodeck.com/images/cards_cropped/84673417.jpg
84673574,QQ Enneagon,Dinosaur,FIRE,9.0,900.0,900.0,https://images.ygoprodeck.com/images/cards_cropped/84673574.jpg
84686841,King Fog,Fiend,DARK,3.0,1000.0,900.0,https://images.ygoprodeck.com/images/cards_cropped/84686841.jpg
84693918,Solfachord Solfegia,Fairy,LIGHT,2.0,400.0,400.0,https://images.ygoprodeck.com/images/cards_cropped/84693918.jpg
84696266,Sonic Duck,Winged Beast,WIND,3.0,1700.0,700.0,https://images.ygoprodeck.com/images/cards_cropped/84696266.jpg
84747429,Airorca,Sea Serpent,WIND,3.0,1400.0,300.0,https://images.ygoprodeck.com/images/cards_cropped/84747429.jpg
84754430,Mekk-Knight Avram,Psychic,LIGHT,4.0,2000.0,0.0,https://images.ygoprodeck.com/images/cards_cropped/84754430.jpg
84755744,Salamangreat Tiger,Cyberse,FIRE,5.0,2000.0,500.0,https://images.ygoprodeck.com/images/cards_cropped/84755744.jpg
84764038,"Scarm, Malebranche of the Burning Abyss",Fiend,DARK,3.0,800.0,2000.0,https://images.ygoprodeck.com/images/cards_cropped/84764038.jpg
84769941,Super Anti-Kaiju War Machine Mecha-Dogoran,Machine,LIGHT,8.0,-1.0,2000.0,https://images.ygoprodeck.com/images/cards_cropped/84769941.jpg
84778110,Flint Cragger,Rock,EARTH,3.0,800.0,1600.0,https://images.ygoprodeck.com/images/cards_cropped/84778110.jpg
84794011,Solitude,Beast-Warrior,EARTH,3.0,1050.0,1000.0,https://images.ygoprodeck.com/images/cards_cropped/84794011.jpg
84812868,Lunalight White Rabbit,Beast-Warrior,DARK,2.0,800.0,800.0,https://images.ygoprodeck.com/images/cards_cropped/84812868.jpg
84813516,Thunder Ball,Fiend,DARK,3.0,450.0,400.0,https://images.ygoprodeck.com/images/cards_cropped/84813516.jpg
84814897,Kiryu,Dragon,DARK,5.0,2000.0,1500.0,https://images.ygoprodeck.com/images/cards_cropped/84814897.jpg
84816244,Datacorn,Cyberse,DARK,1.0,0.0,0.0,https://images.ygoprodeck.com/images/cards_cropped/84816244.jpg
84824601,Botanical Girl,Plant,WATER,3.0,1300.0,1100.0,https://images.ygoprodeck.com/images/cards_cropped/84824601.jpg
84824728,Treasure Panther,Beast,EARTH,1.0,100.0,100.0,https://images.ygoprodeck.com/images/cards_cropped/84824728.jpg
84834865,Flying Kamakiri #1,Insect,WIND,4.0,1400.0,900.0,https://images.ygoprodeck.com/images/cards_cropped/84834865.jpg
84845628,Bird of Paradise Lost,Wyrm,DARK,8.0,2700.0,1500.0,https://images.ygoprodeck.com/images/cards_cropped/84845628.jpg
84847656,Telekinetic Shocker,Psychic,EARTH,4.0,1700.0,700.0,https://images.ygoprodeck.com/images/cards_cropped/84847656.jpg
84851250,Windwitch - Blizzard Bell,Spellcaster,WIND,5.0,1800.0,1800.0,https://images.ygoprodeck.com/images/cards_cropped/84851250.jpg
84899094,World Chalice Guardragon,Dragon,WIND,1.0,400.0,400.0,https://images.ygoprodeck.com/images/cards_cropped/84899094.jpg
84900597,Lamia,Reptile,DARK,4.0,1300.0,1500.0,https://images.ygoprodeck.com/images/cards_cropped/84900597.jpg
84903021,War Rock Mammud,Warrior,EARTH,5.0,2000.0,2000.0,https://images.ygoprodeck.com/images/cards_cropped/84903021.jpg
84905691,Naturia Horneedle,Insect,EARTH,4.0,1800.0,100.0,https://images.ygoprodeck.com/images/cards_cropped/84905691.jpg
84914462,Axe Dragonute,Dragon,DARK,4.0,2000.0,1200.0,https://images.ygoprodeck.com/images/cards_cropped/84914462.jpg
84916669,Doriado,Spellcaster,EARTH,4.0,1200.0,1400.0,https://images.ygoprodeck.com/images/cards_cropped/84916669.jpg
84926738,The Immortal of Thunder,Thunder,LIGHT,4.0,1500.0,1300.0,https://images.ygoprodeck.com/images/cards_cropped/84926738.jpg
84932271,Worm Jetelikpse,Reptile,LIGHT,3.0,1200.0,0.0,https://images.ygoprodeck.com/images/cards_cropped/84932271.jpg
84941194,"Imsety, Glory of Horus",Spellcaster,DARK,8.0,3000.0,1800.0,https://images.ygoprodeck.com/images/cards_cropped/84941194.jpg
84976088,Background Dragon,Dragon,DARK,5.0,1600.0,1800.0,https://images.ygoprodeck.com/images/cards_cropped/84976088.jpg
84990171,Bean Soldier,Plant,EARTH,4.0,1400.0,1300.0,https://images.ygoprodeck.com/images/cards_cropped/84990171.jpg
85008676,Gouki Octostretch,Warrior,EARTH,1.0,0.0,0.0,https://images.ygoprodeck.com/images/cards_cropped/85008676.jpg
85028288,Jurrac Titano,Dinosaur,FIRE,9.0,3000.0,2800.0,https://images.ygoprodeck.com/images/cards_cropped/85028288.jpg
85032782,Sauge de Fleur,Spellcaster,DARK,8.0,2900.0,0.0,https://images.ygoprodeck.com/images/cards_cropped/85032782.jpg
85034450,Speedroid Pachingo-Kart,Machine,WIND,4.0,1800.0,1000.0,https://images.ygoprodeck.com/images/cards_cropped/85034450.jpg
85055821,"Carpiponica, Mystical Beast of the Forest",Beast,EARTH,7.0,1000.0,2600.0,https://images.ygoprodeck.com/images/cards_cropped/85055821.jpg
85060248,Mind Protector,Psychic,LIGHT,3.0,0.0,2200.0,https://images.ygoprodeck.com/images/cards_cropped/85060248.jpg
85066822,Water Dragon,Sea Serpent,WATER,8.0,2800.0,2600.0,https://images.ygoprodeck.com/images/cards_cropped/85066822.jpg
85080444,Artifact Aegis,Fairy,LIGHT,5.0,1200.0,2500.0,https://images.ygoprodeck.com/images/cards_cropped/85080444.jpg
85087012,Card Trooper,Machine,EARTH,3.0,400.0,400.0,https://images.ygoprodeck.com/images/cards_cropped/85087012.jpg
85101097,Putrid Pudding Body Buddies,Fiend,WATER,1.0,300.0,300.0,https://images.ygoprodeck.com/images/cards_cropped/85101097.jpg
85103922,Artifact Moralltach,Fairy,LIGHT,5.0,2100.0,1400.0,https://images.ygoprodeck.com/images/cards_cropped/85103922.jpg
85123771,Goblin Freefall Squad,Warrior,WIND,4.0,0.0,2000.0,https://images.ygoprodeck.com/images/cards_cropped/85123771.jpg
85136114,Machina Possesstorage,Machine,DARK,4.0,1600.0,1500.0,https://images.ygoprodeck.com/images/cards_cropped/85136114.jpg
85138716,Rescue Rabbit,Beast,EARTH,4.0,300.0,100.0,https://images.ygoprodeck.com/images/cards_cropped/85138716.jpg
85154941,Duke Archfiend,Fiend,WATER,4.0,0.0,2000.0,https://images.ygoprodeck.com/images/cards_cropped/85154941.jpg
85166216,Elephant Statue of Blessing,Rock,EARTH,3.0,1500.0,0.0,https://images.ygoprodeck.com/images/cards_cropped/85166216.jpg
85215458,Blackwing - Kalut the Moon Shadow,Winged Beast,DARK,3.0,1400.0,1000.0,https://images.ygoprodeck.com/images/cards_cropped/85215458.jpg
85239662,Mystical Fairy Elfuria,Spellcaster,WIND,3.0,1500.0,900.0,https://images.ygoprodeck.com/images/cards_cropped/85239662.jpg
85255550,Swordsman from a Distant Land,Warrior,EARTH,1.0,250.0,250.0,https://images.ygoprodeck.com/images/cards_cropped/85255550.jpg
85306040,Goblin Elite Attack Force,Fiend,EARTH,4.0,2200.0,1500.0,https://images.ygoprodeck.com/images/cards_cropped/85306040.jpg
85309439,Ray & Temperature,Fairy,LIGHT,3.0,1000.0,1000.0,https://images.ygoprodeck.com/images/cards_cropped/85309439.jpg
85310252,Dododo Driver,Warrior,EARTH,4.0,1800.0,200.0,https://images.ygoprodeck.com/images/cards_cropped/85310252.jpg
85313220,Dark Lucius LV4,Fiend,EARTH,4.0,1000.0,300.0,https://images.ygoprodeck.com/images/cards_cropped/85313220.jpg
85314178,Cosmo Queen the Queen of Prayers,Spellcaster,DARK,8.0,2900.0,2450.0,https://images.ygoprodeck.com/images/cards_cropped/85314178.jpg
85315450,"Radiant Typhoon Fonix, the Great Flame",Pyro,WIND,9.0,3000.0,0.0,https://images.ygoprodeck.com/images/cards_cropped/85315450.jpg
85326399,Spike Seadra,Sea Serpent,WATER,5.0,1600.0,1300.0,https://images.ygoprodeck.com/images/cards_cropped/85326399.jpg
85346853,Paladin of Photon Dragon,Warrior,LIGHT,4.0,1900.0,800.0,https://images.ygoprodeck.com/images/cards_cropped/85346853.jpg
85359414,Freezing Beast,Aqua,WATER,4.0,1500.0,1000.0,https://images.ygoprodeck.com/images/cards_cropped/85359414.jpg
85360035,Dual Avatar Fists - Yuhi,Warrior,LIGHT,4.0,1800.0,1000.0,https://images.ygoprodeck.com/images/cards_cropped/85360035.jpg
85374678,Super Quantum Green Layer,Spellcaster,WIND,4.0,1600.0,1400.0,https://images.ygoprodeck.com/images/cards_cropped/85374678.jpg
85399281,Harvest Angel of Wisdom,Fairy,LIGHT,4.0,1800.0,1000.0,https://images.ygoprodeck.com/images/cards_cropped/85399281.jpg
85401123,Mokomoko,Illusion,WATER,1.0,300.0,300.0,https://images.ygoprodeck.com/images/cards_cropped/85401123.jpg
85431040,Evil Thorn,Plant,DARK,1.0,100.0,300.0,https://images.ygoprodeck.com/images/cards_cropped/85431040.jpg
85448931,Sentinel of the Seas,Aqua,WATER,4.0,1300.0,1000.0,https://images.ygoprodeck.com/images/cards_cropped/85448931.jpg
85457355,Morph King Stygi-Gel,Fiend,DARK,1.0,100.0,100.0,https://images.ygoprodeck.com/images/cards_cropped/85457355.jpg
85463083,Ghostrick Ghoul,Zombie,DARK,3.0,1100.0,1200.0,https://images.ygoprodeck.com/images/cards_cropped/85463083.jpg
85475641,Infernity Avenger,Fiend,DARK,1.0,0.0,0.0,https://images.ygoprodeck.com/images/cards_cropped/85475641.jpg
85482105,Speedroid Darumaknocker,Machine,WIND,4.0,200.0,1600.0,https://images.ygoprodeck.com/images/cards_cropped/85482105.jpg
85489096,Arsenal Summoner,Spellcaster,WIND,4.0,1600.0,1600.0,https://images.ygoprodeck.com/images/cards_cropped/85489096.jpg
85497611,Odd-Eyes Wizard Dragon,Dragon,DARK,7.0,2500.0,2500.0,https://images.ygoprodeck.com/images/cards_cropped/85497611.jpg
85505315,Steelswarm Mantis,Fiend,DARK,5.0,2200.0,0.0,https://images.ygoprodeck.com/images/cards_cropped/85505315.jpg
85520851,Super Conductor Tyranno,Dinosaur,LIGHT,8.0,3300.0,1400.0,https://images.ygoprodeck.com/images/cards_cropped/85520851.jpg
85523502,Whisker Blitzclique,Thunder,EARTH,8.0,3000.0,2400.0,https://images.ygoprodeck.com/images/cards_cropped/85523502.jpg
85586937,WAKE CUP! Earl,Aqua,WIND,7.0,2700.0,400.0,https://images.ygoprodeck.com/images/cards_cropped/85586937.jpg
85605684,Berserk Dragon,Zombie,DARK,8.0,3500.0,0.0,https://images.ygoprodeck.com/images/cards_cropped/85605684.jpg
85639257,Aqua Madoor,Spellcaster,WATER,4.0,1200.0,2000.0,https://images.ygoprodeck.com/images/cards_cropped/85639257.jpg
85646474,Gravekeeper's Nobleman,Spellcaster,DARK,3.0,1000.0,1000.0,https://images.ygoprodeck.com/images/cards_cropped/85646474.jpg
85651167,Gearfried the Red-Eyes Iron Knight,Warrior,DARK,4.0,1800.0,1600.0,https://images.ygoprodeck.com/images/cards_cropped/85651167.jpg
85673903,Altergeist Fijialert,Spellcaster,WATER,4.0,1400.0,1200.0,https://images.ygoprodeck.com/images/cards_cropped/85673903.jpg
85679527,Cosmo Brain,Spellcaster,DARK,7.0,1500.0,2450.0,https://images.ygoprodeck.com/images/cards_cropped/85679527.jpg
85682655,Wind-Up Juggler,Psychic,WIND,4.0,1700.0,1000.0,https://images.ygoprodeck.com/images/cards_cropped/85682655.jpg
85687952,"Theia, the Primal Being",Rock,DARK,11.0,3000.0,600.0,https://images.ygoprodeck.com/images/cards_cropped/85687952.jpg
85705804,Kurama,Winged Beast,WIND,3.0,800.0,800.0,https://images.ygoprodeck.com/images/cards_cropped/85705804.jpg
85718645,Delg the Dark Monarch,Spellcaster,DARK,6.0,2400.0,1000.0,https://images.ygoprodeck.com/images/cards_cropped/85718645.jpg
85753549,"Mikazukinoyaiba, the Moon Fang Dragon",Dragon,DARK,7.0,2200.0,2350.0,https://images.ygoprodeck.com/images/cards_cropped/85753549.jpg
85754829,Worm Gulse,Reptile,LIGHT,4.0,1500.0,300.0,https://images.ygoprodeck.com/images/cards_cropped/85754829.jpg
85771019,Darklord Asmodeus,Fairy,DARK,8.0,3000.0,2500.0,https://images.ygoprodeck.com/images/cards_cropped/85771019.jpg
85800949,Legendary Knight Critias,Warrior,LIGHT,8.0,2800.0,1800.0,https://images.ygoprodeck.com/images/cards_cropped/85800949.jpg
85802526,Cure Mermaid,Fish,WATER,4.0,1500.0,800.0,https://images.ygoprodeck.com/images/cards_cropped/85802526.jpg
85840608,Neo Space Connector,Warrior,LIGHT,4.0,800.0,1800.0,https://images.ygoprodeck.com/images/cards_cropped/85840608.jpg
85847157,Proof of Pruflas,Fiend,DARK,3.0,100.0,100.0,https://images.ygoprodeck.com/images/cards_cropped/85847157.jpg
85876417,Ally of Justice Thousand Arms,Machine,DARK,4.0,1700.0,0.0,https://images.ygoprodeck.com/images/cards_cropped/85876417.jpg
85914562,Adamancipator Researcher,Rock,EARTH,2.0,100.0,2100.0,https://images.ygoprodeck.com/images/cards_cropped/85914562.jpg
85936485,United Resistance,Thunder,WIND,3.0,1000.0,400.0,https://images.ygoprodeck.com/images/cards_cropped/85936485.jpg
85967160,Aromage Bergamot,Plant,FIRE,6.0,2400.0,1800.0,https://images.ygoprodeck.com/images/cards_cropped/85967160.jpg
85970321,Yosenju Izna,Beast-Warrior,WIND,4.0,800.0,1200.0,https://images.ygoprodeck.com/images/cards_cropped/85970321.jpg
85976588,Elfnote Fortuna,Spellcaster,LIGHT,6.0,2200.0,1800.0,https://images.ygoprodeck.com/images/cards_cropped/85976588.jpg
85991529,Kozmo Dark Planet,Machine,DARK,10.0,4000.0,4000.0,https://images.ygoprodeck.com/images/cards_cropped/85991529.jpg
86013171,Kozmo Scaredy Lion,Psychic,LIGHT,2.0,1200.0,500.0,https://images.ygoprodeck.com/images/cards_cropped/86013171.jpg
86028783,Rookie Warrior Lady,Warrior,EARTH,3.0,1000.0,800.0,https://images.ygoprodeck.com/images/cards_cropped/86028783.jpg
86039057,Tasuke Knight,Warrior,LIGHT,4.0,1700.0,100.0,https://images.ygoprodeck.com/images/cards_cropped/86039057.jpg
86062400,Xyz Avenger,Fiend,DARK,4.0,1800.0,700.0,https://images.ygoprodeck.com/images/cards_cropped/86062400.jpg
86088138,Ocubeam,Fairy,LIGHT,5.0,1550.0,1650.0,https://images.ygoprodeck.com/images/cards_cropped/86088138.jpg
86098176,Assault Lich,Zombie,DARK,4.0,1500.0,0.0,https://images.ygoprodeck.com/images/cards_cropped/86098176.jpg
86100785,Zone Eater,Aqua,WATER,1.0,250.0,200.0,https://images.ygoprodeck.com/images/cards_cropped/86100785.jpg
86111442,Sentinel of the Tistina,Aqua,WIND,3.0,1200.0,1400.0,https://images.ygoprodeck.com/images/cards_cropped/86111442.jpg
86120751,Aleister the Invoker,Spellcaster,DARK,4.0,1000.0,1800.0,https://images.ygoprodeck.com/images/cards_cropped/86120751.jpg
86124104,"Demise, Agent of Armageddon",Fiend,DARK,4.0,1800.0,1000.0,https://images.ygoprodeck.com/images/cards_cropped/86124104.jpg
86157908,Performapal Odd-Eyes Unicorn,Beast,LIGHT,1.0,100.0,600.0,https://images.ygoprodeck.com/images/cards_cropped/86157908.jpg
86170989,Falchion Beta,Machine,LIGHT,4.0,1200.0,800.0,https://images.ygoprodeck.com/images/cards_cropped/86170989.jpg
86174055,Speed Bird,Winged Beast,WIND,4.0,1200.0,1000.0,https://images.ygoprodeck.com/images/cards_cropped/86174055.jpg
86188410,Elemental HERO Wildheart,Warrior,EARTH,4.0,1500.0,1600.0,https://images.ygoprodeck.com/images/cards_cropped/86188410.jpg
86197239,Infernity Mirage,Fiend,DARK,1.0,0.0,0.0,https://images.ygoprodeck.com/images/cards_cropped/86197239.jpg
86209650,Stray Asmodian,Fiend,FIRE,3.0,1300.0,1700.0,https://images.ygoprodeck.com/images/cards_cropped/86209650.jpg
86229493,Umbral Soul,Reptile,DARK,7.0,2000.0,1500.0,https://images.ygoprodeck.com/images/cards_cropped/86229493.jpg
86271510,Darton the Mechanical Monstrosity,Machine,DARK,1.0,-1.0,0.0,https://images.ygoprodeck.com/images/cards_cropped/86271510.jpg
86277379,Gusto Vedir,Winged Beast,WIND,3.0,600.0,1000.0,https://images.ygoprodeck.com/images/cards_cropped/86277379.jpg
86281779,Gadget Soldier,Machine,FIRE,6.0,1800.0,2000.0,https://images.ygoprodeck.com/images/cards_cropped/86281779.jpg
86289475,Magnet Warrior Omega Plus,Rock,EARTH,4.0,800.0,1900.0,https://images.ygoprodeck.com/images/cards_cropped/86289475.jpg
86304179,Tempura of Fortune - EBI,Aqua,FIRE,3.0,1600.0,0.0,https://images.ygoprodeck.com/images/cards_cropped/86304179.jpg
86321248,Ancient Gear Gadjiltron Chimera,Machine,EARTH,6.0,2300.0,1300.0,https://images.ygoprodeck.com/images/cards_cropped/86321248.jpg
86325573,Battlin' Boxer Big Bandage,Warrior,FIRE,2.0,1100.0,1400.0,https://images.ygoprodeck.com/images/cards_cropped/86325573.jpg
86325596,Baron of the Fiend Sword,Fiend,DARK,4.0,1550.0,800.0,https://images.ygoprodeck.com/images/cards_cropped/86325596.jpg
86327225,"Shinato, King of a Higher Plane",Fairy,LIGHT,8.0,3300.0,3000.0,https://images.ygoprodeck.com/images/cards_cropped/86327225.jpg
86346363,Time Reloader,Machine,LIGHT,8.0,1200.0,2400.0,https://images.ygoprodeck.com/images/cards_cropped/86346363.jpg
86361354,Tribe-Shocking Virus,Thunder,WATER,4.0,1700.0,1000.0,https://images.ygoprodeck.com/images/cards_cropped/86361354.jpg
86377375,"Ahrima, the Wicked Warden",Fiend,DARK,4.0,1700.0,0.0,https://images.ygoprodeck.com/images/cards_cropped/86377375.jpg
86395581,Wynn the Wind Channeler,Spellcaster,WIND,5.0,1850.0,1500.0,https://images.ygoprodeck.com/images/cards_cropped/86395581.jpg
86396750,Spiritual Beast Apelio,Pyro,WIND,4.0,1800.0,200.0,https://images.ygoprodeck.com/images/cards_cropped/86396750.jpg
86401517,Paladin of Storm Dragon,Cyberse,LIGHT,4.0,1900.0,900.0,https://images.ygoprodeck.com/images/cards_cropped/86401517.jpg
86421986,Ancient Tree of Enlightenment,Plant,EARTH,3.0,600.0,1500.0,https://images.ygoprodeck.com/images/cards_cropped/86421986.jpg
86442081,Silent Abyss,Reptile,WATER,7.0,2000.0,1500.0,https://images.ygoprodeck.com/images/cards_cropped/86442081.jpg
86445415,Red Gadget,Machine,EARTH,4.0,1300.0,1500.0,https://images.ygoprodeck.com/images/cards_cropped/86445415.jpg
86466163,Satellarknight Capella,Warrior,LIGHT,4.0,1100.0,2000.0,https://images.ygoprodeck.com/images/cards_cropped/86466163.jpg
86469231,Black Mamba,Reptile,DARK,3.0,1300.0,1000.0,https://images.ygoprodeck.com/images/cards_cropped/86469231.jpg
86483512,Virtual World Roshi - Laolao,Psychic,WIND,6.0,0.0,2400.0,https://images.ygoprodeck.com/images/cards_cropped/86483512.jpg
86489182,"Simorgh, Bird of Ancestry",Winged Beast,WIND,8.0,2900.0,2000.0,https://images.ygoprodeck.com/images/cards_cropped/86489182.jpg
86498013,D.D. Trainer,Fiend,DARK,1.0,100.0,2000.0,https://images.ygoprodeck.com/images/cards_cropped/86498013.jpg
86559484,Xyz-Raypierce,Dragon,FIRE,4.0,1700.0,200.0,https://images.ygoprodeck.com/images/cards_cropped/86559484.jpg
86569121,Melchid the Four-Face Beast,Fiend,DARK,4.0,1500.0,1200.0,https://images.ygoprodeck.com/images/cards_cropped/86569121.jpg
86585274,High Priestess of Prophecy,Spellcaster,LIGHT,7.0,2500.0,2100.0,https://images.ygoprodeck.com/images/cards_cropped/86585274.jpg
86605184,Firewall Guardian,Cyberse,DARK,4.0,100.0,2000.0,https://images.ygoprodeck.com/images/cards_cropped/86605184.jpg
86605515,Qardan the Clear-Sighted,Fairy,EARTH,4.0,1400.0,1000.0,https://images.ygoprodeck.com/images/cards_cropped/86605515.jpg
86613346,Starry Knight Flamel,Fairy,LIGHT,4.0,1500.0,1000.0,https://images.ygoprodeck.com/images/cards_cropped/86613346.jpg
86652646,Skull Dog Marron,Beast,EARTH,4.0,1350.0,2000.0,https://images.ygoprodeck.com/images/cards_cropped/86652646.jpg
86767655,Ms. Judge,Fiend,LIGHT,4.0,1800.0,600.0,https://images.ygoprodeck.com/images/cards_cropped/86767655.jpg
86784733,Cyberse Synchron,Cyberse,DARK,1.0,100.0,100.0,https://images.ygoprodeck.com/images/cards_cropped/86784733.jpg
86801871,Cobra Jar,Reptile,EARTH,2.0,600.0,300.0,https://images.ygoprodeck.com/images/cards_cropped/86801871.jpg
86804246,Super Crashbug,Fiend,DARK,4.0,0.0,3000.0,https://images.ygoprodeck.com/images/cards_cropped/86804246.jpg
86825114,Trickstar Nightshade,Fairy,LIGHT,1.0,100.0,0.0,https://images.ygoprodeck.com/images/cards_cropped/86825114.jpg
86840720,Fabled Dyf,Fiend,LIGHT,3.0,1400.0,1700.0,https://images.ygoprodeck.com/images/cards_cropped/86840720.jpg
86868952,Bujingi Swallow,Winged Beast,LIGHT,4.0,1700.0,800.0,https://images.ygoprodeck.com/images/cards_cropped/86868952.jpg
86889202,Watch Dog,Pyro,FIRE,1.0,0.0,0.0,https://images.ygoprodeck.com/images/cards_cropped/86889202.jpg
86893702,Anotherverse Gluttonia,Fiend,DARK,8.0,2500.0,2000.0,https://images.ygoprodeck.com/images/cards_cropped/86893702.jpg
86915847,Armored Bee,Insect,WIND,4.0,1600.0,1200.0,https://images.ygoprodeck.com/images/cards_cropped/86915847.jpg
86937530,Fairy Tail - Luna,Spellcaster,LIGHT,4.0,1850.0,1000.0,https://images.ygoprodeck.com/images/cards_cropped/86937530.jpg
86952477,Shine Knight,Warrior,LIGHT,3.0,400.0,1900.0,https://images.ygoprodeck.com/images/cards_cropped/86952477.jpg
86962245,Salamangreat Foxer,Cyberse,FIRE,3.0,1200.0,1000.0,https://images.ygoprodeck.com/images/cards_cropped/86962245.jpg
86976918,Speedroid Ultra Hound,Machine,WIND,3.0,800.0,800.0,https://images.ygoprodeck.com/images/cards_cropped/86976918.jpg
86988864,3-Hump Lacooda,Beast,EARTH,3.0,500.0,1500.0,https://images.ygoprodeck.com/images/cards_cropped/86988864.jpg
86993168,Mad Hacker,Cyberse,DARK,2.0,1000.0,600.0,https://images.ygoprodeck.com/images/cards_cropped/86993168.jpg
86999951,Crystal God Tistina,Aqua,LIGHT,10.0,2000.0,3000.0,https://images.ygoprodeck.com/images/cards_cropped/86999951.jpg
87003671,"Emilia, Dance Priestess of the Nekroz",Spellcaster,WATER,4.0,1600.0,800.0,https://images.ygoprodeck.com/images/cards_cropped/87003671.jpg
87008374,ZW - Phoenix Bow,Winged Beast,FIRE,3.0,1100.0,0.0,https://images.ygoprodeck.com/images/cards_cropped/87008374.jpg
87010442,Legacy Hunter,Warrior,EARTH,4.0,1000.0,1500.0,https://images.ygoprodeck.com/images/cards_cropped/87010442.jpg
87047161,Mermaid Shark,Fish,WATER,1.0,100.0,300.0,https://images.ygoprodeck.com/images/cards_cropped/87047161.jpg
87052196,Tenyi Spirit - Ashuna,Wyrm,LIGHT,7.0,1600.0,2600.0,https://images.ygoprodeck.com/images/cards_cropped/87052196.jpg
87074380,Machina Citadel,Machine,EARTH,10.0,3000.0,2500.0,https://images.ygoprodeck.com/images/cards_cropped/87074380.jpg
87102774,Golden Ladybug,Insect,LIGHT,1.0,0.0,0.0,https://images.ygoprodeck.com/images/cards_cropped/87102774.jpg
87116749,Submareed Tour Ride,Dinosaur,WATER,6.0,2200.0,0.0,https://images.ygoprodeck.com/images/cards_cropped/87116749.jpg
87118301,Ritual Beast Tamer Lara,Psychic,WIND,1.0,100.0,2000.0,https://images.ygoprodeck.com/images/cards_cropped/87118301.jpg
87126721,Mulcharmy Meowls,Beast,EARTH,4.0,100.0,600.0,https://images.ygoprodeck.com/images/cards_cropped/87126721.jpg
87148330,"Tethys, Goddess of Light",Fairy,LIGHT,5.0,2400.0,1800.0,https://images.ygoprodeck.com/images/cards_cropped/87148330.jpg
87151205,Wattaildragon,Dragon,LIGHT,6.0,2500.0,1000.0,https://images.ygoprodeck.com/images/cards_cropped/87151205.jpg
87170768,"Contact ""C""",Insect,EARTH,6.0,1500.0,2200.0,https://images.ygoprodeck.com/images/cards_cropped/87170768.jpg
87209160,Tri-Brigade Fraktall,Beast-Warrior,FIRE,4.0,1900.0,1600.0,https://images.ygoprodeck.com/images/cards_cropped/87209160.jpg
87246309,Fluffal Octopus,Fairy,WATER,1.0,800.0,800.0,https://images.ygoprodeck.com/images/cards_cropped/87246309.jpg
87255382,Heraldic Beast Amphisbaena,Dragon,WIND,4.0,1700.0,1100.0,https://images.ygoprodeck.com/images/cards_cropped/87255382.jpg
87257460,Allure Queen LV3,Spellcaster,DARK,3.0,500.0,500.0,https://images.ygoprodeck.com/images/cards_cropped/87257460.jpg
87263576,Outburst Dragon,Dragon,DARK,8.0,2100.0,2800.0,https://images.ygoprodeck.com/images/cards_cropped/87263576.jpg
87288189,Caius the Mega Monarch,Fiend,DARK,8.0,2800.0,1000.0,https://images.ygoprodeck.com/images/cards_cropped/87288189.jpg
87292536,XX-Saber Ragigura,Beast-Warrior,EARTH,1.0,200.0,1000.0,https://images.ygoprodeck.com/images/cards_cropped/87292536.jpg
87294988,"Chirubimé, Princess of Autumn Leaves",Plant,EARTH,8.0,1800.0,2800.0,https://images.ygoprodeck.com/images/cards_cropped/87294988.jpg
87303357,Shining Abyss,Fairy,LIGHT,4.0,1600.0,1800.0,https://images.ygoprodeck.com/images/cards_cropped/87303357.jpg
87319876,Trust Guardian,Fairy,LIGHT,3.0,0.0,800.0,https://images.ygoprodeck.com/images/cards_cropped/87319876.jpg
87321742,Raidraptor - Strangle Lanius,Winged Beast,DARK,4.0,1600.0,1100.0,https://images.ygoprodeck.com/images/cards_cropped/87321742.jpg
87322377,Launcher Spider,Machine,FIRE,7.0,2200.0,2500.0,https://images.ygoprodeck.com/images/cards_cropped/87322377.jpg
87340664,Atomic Firefly,Insect,LIGHT,1.0,100.0,200.0,https://images.ygoprodeck.com/images/cards_cropped/87340664.jpg
87347365,Revival Golem,Rock,EARTH,4.0,100.0,2100.0,https://images.ygoprodeck.com/images/cards_cropped/87347365.jpg
87350908,Masked Chopper,Fiend,EARTH,1.0,100.0,100.0,https://images.ygoprodeck.com/images/cards_cropped/87350908.jpg
87390067,Blackwing - Jetstream the Blue Sky,Winged Beast,DARK,1.0,100.0,800.0,https://images.ygoprodeck.com/images/cards_cropped/87390067.jpg
87430304,Chronomaly Moai,Rock,EARTH,5.0,1800.0,1600.0,https://images.ygoprodeck.com/images/cards_cropped/87430304.jpg
87462901,Emissary from the House of Wax,Illusion,FIRE,3.0,800.0,1800.0,https://images.ygoprodeck.com/images/cards_cropped/87462901.jpg
87468732,Clock Arc,Machine,DARK,4.0,600.0,1200.0,https://images.ygoprodeck.com/images/cards_cropped/87468732.jpg
87473172,Firebird,Winged Beast,FIRE,4.0,1000.0,800.0,https://images.ygoprodeck.com/images/cards_cropped/87473172.jpg
87475570,Crystal Master,Spellcaster,DARK,3.0,1300.0,1000.0,https://images.ygoprodeck.com/images/cards_cropped/87475570.jpg
87483942,Senior Silver Ninja,Warrior,EARTH,6.0,2300.0,2200.0,https://images.ygoprodeck.com/images/cards_cropped/87483942.jpg
87498729,Fallen of the Tistina,Aqua,WATER,1.0,200.0,0.0,https://images.ygoprodeck.com/images/cards_cropped/87498729.jpg
87511987,Spikebot,Machine,DARK,5.0,1800.0,1700.0,https://images.ygoprodeck.com/images/cards_cropped/87511987.jpg
87514539,Marionette Mite,Insect,DARK,3.0,1000.0,1000.0,https://images.ygoprodeck.com/images/cards_cropped/87514539.jpg
87523462,Winged Sage Falcos,Winged Beast,WIND,4.0,1700.0,1200.0,https://images.ygoprodeck.com/images/cards_cropped/87523462.jpg
87526784,Crashbug X,Fiend,DARK,3.0,0.0,2000.0,https://images.ygoprodeck.com/images/cards_cropped/87526784.jpg
87535691,Superheavy Samurai Drum,Machine,EARTH,1.0,300.0,300.0,https://images.ygoprodeck.com/images/cards_cropped/87535691.jpg
87557188,The Stern Mystic,Spellcaster,LIGHT,4.0,1500.0,1200.0,https://images.ygoprodeck.com/images/cards_cropped/87557188.jpg
87564352,Blackland Fire Dragon,Dragon,DARK,4.0,1500.0,800.0,https://images.ygoprodeck.com/images/cards_cropped/87564352.jpg
87564935,Metallizing Parasite - Soltite,Aqua,WATER,7.0,1000.0,500.0,https://images.ygoprodeck.com/images/cards_cropped/87564935.jpg
87588741,Qliphort Cephalopod,Machine,EARTH,7.0,2800.0,1000.0,https://images.ygoprodeck.com/images/cards_cropped/87588741.jpg
87602890,Zaborg the Mega Monarch,Thunder,LIGHT,8.0,2800.0,1000.0,https://images.ygoprodeck.com/images/cards_cropped/87602890.jpg
87608852,Temperance of Prophecy,Spellcaster,EARTH,3.0,1000.0,1000.0,https://images.ygoprodeck.com/images/cards_cropped/87608852.jpg
87621407,Dekoichi the Battlechanted Locomotive,Machine,DARK,4.0,1400.0,1000.0,https://images.ygoprodeck.com/images/cards_cropped/87621407.jpg
87622767,Final Psychic Ogre,Psychic,EARTH,5.0,2200.0,1700.0,https://images.ygoprodeck.com/images/cards_cropped/87622767.jpg
87640391,Migratory Zereort,Winged Beast,WATER,5.0,1000.0,2200.0,https://images.ygoprodeck.com/images/cards_cropped/87640391.jpg
87649699,Naturia Ragweed,Plant,EARTH,3.0,1200.0,2000.0,https://images.ygoprodeck.com/images/cards_cropped/87649699.jpg
87685879,Sea Koala,Beast,EARTH,2.0,100.0,1600.0,https://images.ygoprodeck.com/images/cards_cropped/87685879.jpg
87742943,Powered Crawler,Machine,EARTH,7.0,2700.0,2000.0,https://images.ygoprodeck.com/images/cards_cropped/87742943.jpg
87750925,"Disguise, the Copycat Hero",Warrior,LIGHT,4.0,1400.0,1200.0,https://images.ygoprodeck.com/images/cards_cropped/87750925.jpg
87756343,Larvae Moth,Insect,EARTH,2.0,500.0,400.0,https://images.ygoprodeck.com/images/cards_cropped/87756343.jpg
87774234,Watapon,Fairy,LIGHT,1.0,200.0,300.0,https://images.ygoprodeck.com/images/cards_cropped/87774234.jpg
87796900,"Winged Dragon, Guardian of the Fortress #1",Dragon,WIND,4.0,1400.0,1200.0,https://images.ygoprodeck.com/images/cards_cropped/87796900.jpg
87798440,Armor Breaker,Warrior,EARTH,3.0,800.0,800.0,https://images.ygoprodeck.com/images/cards_cropped/87798440.jpg
87814728,Magnet Warrior Sigma Minus,Rock,EARTH,4.0,1500.0,1800.0,https://images.ygoprodeck.com/images/cards_cropped/87814728.jpg
87835759,Dragon Knight of Creation,Dragon,LIGHT,4.0,1800.0,600.0,https://images.ygoprodeck.com/images/cards_cropped/87835759.jpg
87836938,Vylon Vanguard,Fairy,LIGHT,4.0,1400.0,1000.0,https://images.ygoprodeck.com/images/cards_cropped/87836938.jpg
87897777,Vaylantz Mad Marquess,Machine,FIRE,6.0,1700.0,1700.0,https://images.ygoprodeck.com/images/cards_cropped/87897777.jpg
87917187,Dark Summoning Beast,Fiend,DARK,5.0,0.0,0.0,https://images.ygoprodeck.com/images/cards_cropped/87917187.jpg
87978805,Parasitic Ticky,Insect,EARTH,1.0,-1.0,-1.0,https://images.ygoprodeck.com/images/cards_cropped/87978805.jpg
87979586,Angel Trumpeter,Plant,EARTH,4.0,1900.0,1600.0,https://images.ygoprodeck.com/images/cards_cropped/87979586.jpg
87988305,Dark Spirit of Malice,Fiend,DARK,3.0,1600.0,0.0,https://images.ygoprodeck.com/images/cards_cropped/87988305.jpg
87997872,Theinen the Great Sphinx,Beast,LIGHT,10.0,3500.0,3000.0,https://images.ygoprodeck.com/images/cards_cropped/87997872.jpg
88032368,Second Booster,Machine,FIRE,3.0,1000.0,500.0,https://images.ygoprodeck.com/images/cards_cropped/88032368.jpg
88039509,Einroid,Machine,EARTH,1.0,200.0,1800.0,https://images.ygoprodeck.com/images/cards_cropped/88039509.jpg
88071625,The Tyrant Neptune,Reptile,WATER,10.0,0.0,0.0,https://images.ygoprodeck.com/images/cards_cropped/88071625.jpg
88078306,Traptrix Genlisea,Plant,EARTH,4.0,1200.0,1600.0,https://images.ygoprodeck.com/images/cards_cropped/88078306.jpg
88095331,Evoltile Najasho,Reptile,FIRE,2.0,100.0,2000.0,https://images.ygoprodeck.com/images/cards_cropped/88095331.jpg
88106656,Libromancer Fireburst,Cyberse,FIRE,7.0,2800.0,2800.0,https://images.ygoprodeck.com/images/cards_cropped/88106656.jpg
88123329,Spiritual Beast Rampengu,Beast,WIND,4.0,1600.0,400.0,https://images.ygoprodeck.com/images/cards_cropped/88123329.jpg
88124568,SPYRAL Double Agent,Fiend,LIGHT,4.0,1400.0,600.0,https://images.ygoprodeck.com/images/cards_cropped/88124568.jpg
88132637,Twin-Headed Wolf,Fiend,DARK,4.0,1500.0,1000.0,https://images.ygoprodeck.com/images/cards_cropped/88132637.jpg
88176533,Devotee of Nephthys,Spellcaster,WIND,2.0,1200.0,1200.0,https://images.ygoprodeck.com/images/cards_cropped/88176533.jpg
88190453,Chain Thrasher,Warrior,WIND,4.0,1000.0,600.0,https://images.ygoprodeck.com/images/cards_cropped/88190453.jpg
88205593,Wattcobra,Thunder,LIGHT,4.0,1000.0,500.0,https://images.ygoprodeck.com/images/cards_cropped/88205593.jpg
88225269,Gem-Knight Hollowcore,Fiend,DARK,7.0,1950.0,2450.0,https://images.ygoprodeck.com/images/cards_cropped/88225269.jpg
88232397,Skilled Brown Magician,Spellcaster,DARK,4.0,300.0,200.0,https://images.ygoprodeck.com/images/cards_cropped/88232397.jpg
88234365,Darklord Tezcatlipoca,Fairy,DARK,9.0,2800.0,2100.0,https://images.ygoprodeck.com/images/cards_cropped/88234365.jpg
88236094,Aswan Apparition,Fiend,DARK,3.0,500.0,500.0,https://images.ygoprodeck.com/images/cards_cropped/88236094.jpg
88240808,Kycoo the Ghost Destroyer,Spellcaster,DARK,4.0,1800.0,700.0,https://images.ygoprodeck.com/images/cards_cropped/88240808.jpg
88240999,Nekroz of Decisive Armor,Dragon,WATER,10.0,3300.0,2300.0,https://images.ygoprodeck.com/images/cards_cropped/88240999.jpg
88241506,Maiden with Eyes of Blue,Spellcaster,LIGHT,1.0,0.0,0.0,https://images.ygoprodeck.com/images/cards_cropped/88241506.jpg
88264978,Red-Eyes Darkness Metal Dragon,Dragon,DARK,10.0,2800.0,2400.0,https://images.ygoprodeck.com/images/cards_cropped/88264978.jpg
88283496,Garmr of the Nordic Beasts,Beast,DARK,4.0,800.0,1900.0,https://images.ygoprodeck.com/images/cards_cropped/88283496.jpg
88284599,"Sauravis, Dragon Sage of the Voiceless Voice",Dragon,LIGHT,7.0,2600.0,2800.0,https://images.ygoprodeck.com/images/cards_cropped/88284599.jpg
88301393,Infernoid Attondel,Fiend,FIRE,8.0,2800.0,0.0,https://images.ygoprodeck.com/images/cards_cropped/88301393.jpg
88305978,Blackwing - Calima the Haze,Winged Beast,DARK,4.0,600.0,1800.0,https://images.ygoprodeck.com/images/cards_cropped/88305978.jpg
88307361,Superancient Deepsea King Coelacanth,Fish,WATER,7.0,2800.0,2200.0,https://images.ygoprodeck.com/images/cards_cropped/88307361.jpg
88316955,Krawler Spine,Insect,EARTH,2.0,300.0,2100.0,https://images.ygoprodeck.com/images/cards_cropped/88316955.jpg
88358139,Performapal Helpprincess,Warrior,DARK,4.0,1200.0,1200.0,https://images.ygoprodeck.com/images/cards_cropped/88358139.jpg
88361177,Dragunity Angusticlavii,Winged Beast,WIND,5.0,2100.0,1000.0,https://images.ygoprodeck.com/images/cards_cropped/88361177.jpg
88392300,Wattkinetic Puppeteer,Psychic,LIGHT,4.0,1800.0,0.0,https://images.ygoprodeck.com/images/cards_cropped/88392300.jpg
88409165,Abyss Warrior,Aqua,WATER,4.0,1800.0,1300.0,https://images.ygoprodeck.com/images/cards_cropped/88409165.jpg
88412339,Abyss Actor - Extras,Fiend,DARK,1.0,100.0,100.0,https://images.ygoprodeck.com/images/cards_cropped/88412339.jpg
88413677,Doyon @Ignister,Cyberse,DARK,4.0,400.0,1600.0,https://images.ygoprodeck.com/images/cards_cropped/88413677.jpg
88435542,Fire Eye,Pyro,FIRE,2.0,800.0,600.0,https://images.ygoprodeck.com/images/cards_cropped/88435542.jpg
88438982,Worm Dimikles,Reptile,LIGHT,4.0,1700.0,1400.0,https://images.ygoprodeck.com/images/cards_cropped/88438982.jpg
88453933,Parlor Dragonmaid,Dragon,WIND,3.0,500.0,1700.0,https://images.ygoprodeck.com/images/cards_cropped/88453933.jpg
88472456,Zombyra the Dark,Warrior,DARK,4.0,2100.0,500.0,https://images.ygoprodeck.com/images/cards_cropped/88472456.jpg
88494899,Medium of the Ice Barrier,Spellcaster,WATER,7.0,2200.0,1600.0,https://images.ygoprodeck.com/images/cards_cropped/88494899.jpg
88544390,The Phantom Knights of Stained Greaves,Warrior,DARK,3.0,1200.0,600.0,https://images.ygoprodeck.com/images/cards_cropped/88544390.jpg
88552992,Chronomaly Golden Jet,Machine,LIGHT,4.0,1300.0,1400.0,https://images.ygoprodeck.com/images/cards_cropped/88552992.jpg
88554436,Unchained Soul of Shyama,Fiend,WATER,6.0,2000.0,1500.0,https://images.ygoprodeck.com/images/cards_cropped/88554436.jpg
88559132,Turret Warrior,Warrior,EARTH,5.0,1200.0,2000.0,https://images.ygoprodeck.com/images/cards_cropped/88559132.jpg
88570003,"Dark Magician, the Pharaoh's Servant",Spellcaster,DARK,7.0,2500.0,2100.0,https://images.ygoprodeck.com/images/cards_cropped/88570003.jpg
88619463,Sorcerer of Dark Magic,Spellcaster,DARK,9.0,3200.0,2800.0,https://images.ygoprodeck.com/images/cards_cropped/88619463.jpg
88643173,Nightmare Scorpion,Insect,EARTH,3.0,900.0,800.0,https://images.ygoprodeck.com/images/cards_cropped/88643173.jpg
88650530,Worm Apocalypse,Reptile,LIGHT,1.0,300.0,200.0,https://images.ygoprodeck.com/images/cards_cropped/88650530.jpg
88671720,Black Salvo,Machine,DARK,3.0,100.0,1100.0,https://images.ygoprodeck.com/images/cards_cropped/88671720.jpg
88685329,Dark Eye Nightmare,Fiend,DARK,4.0,1700.0,1700.0,https://images.ygoprodeck.com/images/cards_cropped/88685329.jpg
88686573,Nimble Angler,Fish,WATER,2.0,600.0,100.0,https://images.ygoprodeck.com/images/cards_cropped/88686573.jpg
88696724,The Earth - Hex-Sealed Fusion,Rock,EARTH,3.0,1000.0,1600.0,https://images.ygoprodeck.com/images/cards_cropped/88696724.jpg
88724332,Night Dragolich,Wyrm,DARK,4.0,1700.0,0.0,https://images.ygoprodeck.com/images/cards_cropped/88724332.jpg
88728507,Vampire Sorcerer,Zombie,DARK,4.0,1500.0,1500.0,https://images.ygoprodeck.com/images/cards_cropped/88728507.jpg
88733579,Drill Bug,Insect,EARTH,2.0,1100.0,200.0,https://images.ygoprodeck.com/images/cards_cropped/88733579.jpg
88753985,Fox Fire,Pyro,FIRE,2.0,300.0,200.0,https://images.ygoprodeck.com/images/cards_cropped/88753985.jpg
88757791,Dharma-Eye Magician,Spellcaster,LIGHT,7.0,2000.0,2500.0,https://images.ygoprodeck.com/images/cards_cropped/88757791.jpg
88774734,Galactic Spiral Dragon,Dragon,DARK,8.0,2500.0,2500.0,https://images.ygoprodeck.com/images/cards_cropped/88774734.jpg
88819587,Baby Dragon,Dragon,WIND,3.0,1200.0,700.0,https://images.ygoprodeck.com/images/cards_cropped/88819587.jpg
88845345,Elephun,Beast,EARTH,2.0,500.0,300.0,https://images.ygoprodeck.com/images/cards_cropped/88845345.jpg
88875132,Flying Pegasus Railroad Stampede,Machine,EARTH,4.0,1800.0,1000.0,https://images.ygoprodeck.com/images/cards_cropped/88875132.jpg
88890658,Baelgrill de Nouvelles,Warrior,DARK,6.0,2400.0,1850.0,https://images.ygoprodeck.com/images/cards_cropped/88890658.jpg
88901771,Skilled Blue Magician,Spellcaster,LIGHT,4.0,1800.0,1800.0,https://images.ygoprodeck.com/images/cards_cropped/88901771.jpg
88919365,Hojo the Vaylantz Warrior,Spellcaster,WATER,8.0,1900.0,1900.0,https://images.ygoprodeck.com/images/cards_cropped/88919365.jpg
88923963,Noble Knight Iyvanne,Warrior,LIGHT,4.0,1700.0,1600.0,https://images.ygoprodeck.com/images/cards_cropped/88923963.jpg
88926295,Evigishki Neremanas,Spellcaster,WATER,10.0,3000.0,1800.0,https://images.ygoprodeck.com/images/cards_cropped/88926295.jpg
88931417,Gatling Ogre,Fiend,FIRE,3.0,800.0,800.0,https://images.ygoprodeck.com/images/cards_cropped/88931417.jpg
88935103,Nobledragon Magician,Spellcaster,FIRE,3.0,700.0,1400.0,https://images.ygoprodeck.com/images/cards_cropped/88935103.jpg
88940154,Bujingi Centipede,Beast,LIGHT,4.0,1700.0,500.0,https://images.ygoprodeck.com/images/cards_cropped/88940154.jpg
88958576,Laval Burner,Pyro,FIRE,5.0,2100.0,1000.0,https://images.ygoprodeck.com/images/cards_cropped/88958576.jpg
88962829,Beetrooper Light Flapper,Insect,WATER,6.0,2000.0,2200.0,https://images.ygoprodeck.com/images/cards_cropped/88962829.jpg
88975532,Pitch-Black Warwolf,Beast-Warrior,DARK,4.0,1600.0,600.0,https://images.ygoprodeck.com/images/cards_cropped/88975532.jpg
88979991,Killer Needle,Insect,WIND,4.0,1200.0,1000.0,https://images.ygoprodeck.com/images/cards_cropped/88979991.jpg
88989706,Great Dezard,Spellcaster,DARK,6.0,1900.0,2300.0,https://images.ygoprodeck.com/images/cards_cropped/88989706.jpg
88996322,Gladiator Beast Vespasius,Sea Serpent,WATER,7.0,2300.0,0.0,https://images.ygoprodeck.com/images/cards_cropped/88996322.jpg
89015998,D.D. Seeker,Psychic,DARK,3.0,1500.0,800.0,https://images.ygoprodeck.com/images/cards_cropped/89015998.jpg
89016236,Poeltis de Nouvelles,Beast-Warrior,DARK,3.0,1200.0,1850.0,https://images.ygoprodeck.com/images/cards_cropped/89016236.jpg
89019964,Unchained Soul of Disaster,Fiend,DARK,8.0,0.0,3000.0,https://images.ygoprodeck.com/images/cards_cropped/89019964.jpg
89055154,Power Angel Valkyria,Fairy,LIGHT,4.0,1800.0,1050.0,https://images.ygoprodeck.com/images/cards_cropped/89055154.jpg
89091579,Basic Insect,Insect,EARTH,2.0,500.0,700.0,https://images.ygoprodeck.com/images/cards_cropped/89091579.jpg
89091772,Superheavy Samurai Magnet,Machine,EARTH,4.0,900.0,1900.0,https://images.ygoprodeck.com/images/cards_cropped/89091772.jpg
89111398,Dark Dust Spirit,Zombie,EARTH,6.0,2200.0,1800.0,https://images.ygoprodeck.com/images/cards_cropped/89111398.jpg
89113320,Performapal Bit Bite Turtle,Reptile,WATER,3.0,800.0,1200.0,https://images.ygoprodeck.com/images/cards_cropped/89113320.jpg
89127526,Barrier Resonator,Fiend,LIGHT,1.0,300.0,800.0,https://images.ygoprodeck.com/images/cards_cropped/89127526.jpg
89132148,Photon Orbital,Machine,LIGHT,4.0,500.0,2000.0,https://images.ygoprodeck.com/images/cards_cropped/89132148.jpg
89172051,Dragunity Legatus,Winged Beast,WIND,4.0,1800.0,1200.0,https://images.ygoprodeck.com/images/cards_cropped/89172051.jpg
89181134,Predaplant Chlamydosundew,Plant,DARK,2.0,600.0,200.0,https://images.ygoprodeck.com/images/cards_cropped/89181134.jpg
89185742,"Lightning, Dragon Ruler of Drafts",Dragon,WIND,3.0,500.0,1800.0,https://images.ygoprodeck.com/images/cards_cropped/89185742.jpg
89189982,Metaphys Armed Dragon,Wyrm,LIGHT,7.0,2800.0,1000.0,https://images.ygoprodeck.com/images/cards_cropped/89189982.jpg
89194033,Mystical Beast of Serket,Fairy,EARTH,6.0,2500.0,2000.0,https://images.ygoprodeck.com/images/cards_cropped/89194033.jpg
89211486,Genex Doctor,Spellcaster,DARK,3.0,1500.0,1000.0,https://images.ygoprodeck.com/images/cards_cropped/89211486.jpg
89222931,Machine King Prototype,Machine,EARTH,3.0,1600.0,1500.0,https://images.ygoprodeck.com/images/cards_cropped/89222931.jpg
89235196,Big One Warrior,Warrior,LIGHT,1.0,100.0,600.0,https://images.ygoprodeck.com/images/cards_cropped/89235196.jpg
89252153,Elemental HERO Necroshade,Warrior,DARK,5.0,1600.0,1800.0,https://images.ygoprodeck.com/images/cards_cropped/89252153.jpg
89252157,Rose Lover,Plant,EARTH,1.0,800.0,800.0,https://images.ygoprodeck.com/images/cards_cropped/89252157.jpg
89258225,Winged Minion,Fiend,DARK,2.0,700.0,700.0,https://images.ygoprodeck.com/images/cards_cropped/89258225.jpg
89258906,Blackwing - Breeze the Zephyr,Winged Beast,DARK,3.0,1100.0,300.0,https://images.ygoprodeck.com/images/cards_cropped/89258906.jpg
89272878,Guardian of the Labyrinth,Warrior,EARTH,4.0,1000.0,1200.0,https://images.ygoprodeck.com/images/cards_cropped/89272878.jpg
89312388,Elemental HERO Prisma,Warrior,LIGHT,4.0,1700.0,1100.0,https://images.ygoprodeck.com/images/cards_cropped/89312388.jpg
89326990,Speedroid Ohajikid,Machine,WIND,3.0,1000.0,200.0,https://images.ygoprodeck.com/images/cards_cropped/89326990.jpg
89333528,Genex Gaia,Rock,EARTH,3.0,1000.0,1900.0,https://images.ygoprodeck.com/images/cards_cropped/89333528.jpg
89357740,Union Pilot,Machine,LIGHT,5.0,2100.0,1000.0,https://images.ygoprodeck.com/images/cards_cropped/89357740.jpg
89362180,Skelesaurus,Zombie,DARK,4.0,1700.0,1400.0,https://images.ygoprodeck.com/images/cards_cropped/89362180.jpg
89386122,Ally of Justice Clausolas,Machine,DARK,6.0,2300.0,1200.0,https://images.ygoprodeck.com/images/cards_cropped/89386122.jpg
89392810,Kewl Tune Reco,Fiend,FIRE,3.0,1500.0,800.0,https://images.ygoprodeck.com/images/cards_cropped/89392810.jpg
89399912,"Tempest, Dragon Ruler of Storms",Dragon,WIND,7.0,2400.0,2200.0,https://images.ygoprodeck.com/images/cards_cropped/89399912.jpg
89423971,Infernoid Patrulea,Fiend,FIRE,4.0,1800.0,0.0,https://images.ygoprodeck.com/images/cards_cropped/89423971.jpg
89463537,Nekroz of Unicore,Spellcaster,WATER,4.0,2300.0,1000.0,https://images.ygoprodeck.com/images/cards_cropped/89463537.jpg
89484053,Salamangreat Mole,Cyberse,FIRE,1.0,0.0,0.0,https://images.ygoprodeck.com/images/cards_cropped/89484053.jpg
89493368,Summon Reactor SK,Machine,DARK,5.0,2000.0,1400.0,https://images.ygoprodeck.com/images/cards_cropped/89493368.jpg
89494469,Dark Titan of Terror,Fiend,DARK,4.0,1300.0,1100.0,https://images.ygoprodeck.com/images/cards_cropped/89494469.jpg
89521713,Madolche Cruffssant,Beast,EARTH,3.0,1500.0,1200.0,https://images.ygoprodeck.com/images/cards_cropped/89521713.jpg
89529919,Field-Commander Rahz,Warrior,EARTH,4.0,1600.0,1200.0,https://images.ygoprodeck.com/images/cards_cropped/89529919.jpg
89538537,Altergeist Silquitous,Spellcaster,WIND,2.0,800.0,1500.0,https://images.ygoprodeck.com/images/cards_cropped/89538537.jpg
89547299,Power Injector,Psychic,EARTH,4.0,1300.0,1400.0,https://images.ygoprodeck.com/images/cards_cropped/89547299.jpg
89552119,Cucumber Horse,Plant,DARK,8.0,100.0,2000.0,https://images.ygoprodeck.com/images/cards_cropped/89552119.jpg
89558090,Dark Prisoner,Fiend,DARK,3.0,600.0,1000.0,https://images.ygoprodeck.com/images/cards_cropped/89558090.jpg
89567993,Amazoness Trainee,Warrior,EARTH,4.0,1500.0,1300.0,https://images.ygoprodeck.com/images/cards_cropped/89567993.jpg
89571015,Storm Cipher,Cyberse,DARK,4.0,2400.0,0.0,https://images.ygoprodeck.com/images/cards_cropped/89571015.jpg
89594399,Reptilianne Coatl,Reptile,DARK,4.0,1400.0,1000.0,https://images.ygoprodeck.com/images/cards_cropped/89594399.jpg
89609515,Laval Phlogis,Pyro,FIRE,4.0,1700.0,800.0,https://images.ygoprodeck.com/images/cards_cropped/89609515.jpg
89617515,Lifeless Leaffish,Fish,WATER,4.0,1500.0,1600.0,https://images.ygoprodeck.com/images/cards_cropped/89617515.jpg
89621922,Neo-Spacian Flare Scarab,Insect,FIRE,3.0,500.0,500.0,https://images.ygoprodeck.com/images/cards_cropped/89621922.jpg
89631139,Blue-Eyes White Dragon,Dragon,LIGHT,8.0,3000.0,2500.0,https://images.ygoprodeck.com/images/cards_cropped/89631139.jpg
89662401,Salamangreat Fowl,Cyberse,FIRE,4.0,1800.0,200.0,https://images.ygoprodeck.com/images/cards_cropped/89662401.jpg
89662736,Bujingi Crow,Winged Beast,LIGHT,4.0,1700.0,800.0,https://images.ygoprodeck.com/images/cards_cropped/89662736.jpg
89698120,Tactical Espionage Expert,Warrior,EARTH,3.0,1300.0,1200.0,https://images.ygoprodeck.com/images/cards_cropped/89698120.jpg
89707961,Pharaonic Guardian Sphinx,Rock,EARTH,8.0,2300.0,3000.0,https://images.ygoprodeck.com/images/cards_cropped/89707961.jpg
89718302,Abare Ushioni,Beast-Warrior,EARTH,4.0,1200.0,1200.0,https://images.ygoprodeck.com/images/cards_cropped/89718302.jpg
89731911,Familiar Knight,Warrior,DARK,3.0,1200.0,1400.0,https://images.ygoprodeck.com/images/cards_cropped/89731911.jpg
89732524,Tour Bus To Forbidden Realms,Fiend,DARK,3.0,600.0,1000.0,https://images.ygoprodeck.com/images/cards_cropped/89732524.jpg
89743495,Mathmech Division,Cyberse,EARTH,4.0,1500.0,1000.0,https://images.ygoprodeck.com/images/cards_cropped/89743495.jpg
89770167,"Prominence, Molten Swordsman",Beast-Warrior,FIRE,4.0,1800.0,600.0,https://images.ygoprodeck.com/images/cards_cropped/89770167.jpg
89774530,Heroic Challenger - Double Lance,Warrior,EARTH,4.0,1700.0,900.0,https://images.ygoprodeck.com/images/cards_cropped/89774530.jpg
89776023,Evoltile Pholis,Reptile,FIRE,2.0,900.0,300.0,https://images.ygoprodeck.com/images/cards_cropped/89776023.jpg
89785779,Millennium-Eyes Illusionist,Spellcaster,DARK,2.0,0.0,1400.0,https://images.ygoprodeck.com/images/cards_cropped/89785779.jpg
89809665,Infernoble Knight Turpin,Warrior,FIRE,4.0,1400.0,1700.0,https://images.ygoprodeck.com/images/cards_cropped/89809665.jpg
89810518,Reptilianne Medusa,Reptile,DARK,6.0,2200.0,800.0,https://images.ygoprodeck.com/images/cards_cropped/89810518.jpg
89818984,Flower Cardian Willow with Calligrapher,Warrior,DARK,11.0,2000.0,2000.0,https://images.ygoprodeck.com/images/cards_cropped/89818984.jpg
89832901,B. Dragon Jungle King,Dragon,EARTH,6.0,2100.0,1800.0,https://images.ygoprodeck.com/images/cards_cropped/89832901.jpg
89839552,Puppet Pawn,Warrior,EARTH,3.0,800.0,1200.0,https://images.ygoprodeck.com/images/cards_cropped/89839552.jpg
89893715,Laval Miller,Pyro,FIRE,3.0,300.0,400.0,https://images.ygoprodeck.com/images/cards_cropped/89893715.jpg
89904598,Anthrosaurus,Dinosaur,EARTH,3.0,1000.0,850.0,https://images.ygoprodeck.com/images/cards_cropped/89904598.jpg
89928517,Two-for-One Team,Warrior,LIGHT,2.0,1200.0,1200.0,https://images.ygoprodeck.com/images/cards_cropped/89928517.jpg
89943723,Elemental HERO Neos,Warrior,LIGHT,7.0,2500.0,2000.0,https://images.ygoprodeck.com/images/cards_cropped/89943723.jpg
89959682,Pharaonic Protector,Zombie,EARTH,2.0,900.0,0.0,https://images.ygoprodeck.com/images/cards_cropped/89959682.jpg
89974735,Burgundy the Magic Elf,Spellcaster,DARK,4.0,1600.0,1400.0,https://images.ygoprodeck.com/images/cards_cropped/89974735.jpg
89987208,Hero of the East,Warrior,EARTH,3.0,1100.0,1000.0,https://images.ygoprodeck.com/images/cards_cropped/89987208.jpg
90000652,Rescue-ACE Fire Engine,Machine,FIRE,7.0,2500.0,2500.0,https://images.ygoprodeck.com/images/cards_cropped/90000652.jpg
90019393,Gem-Knight Alexandrite,Rock,EARTH,4.0,1800.0,1200.0,https://images.ygoprodeck.com/images/cards_cropped/90019393.jpg
90020065,Jigen Bakudan,Pyro,FIRE,2.0,200.0,1000.0,https://images.ygoprodeck.com/images/cards_cropped/90020065.jpg
90020780,Shinobi Necro,Zombie,DARK,2.0,800.0,0.0,https://images.ygoprodeck.com/images/cards_cropped/90020780.jpg
90027012,Choju of the Trillion Hands,Fairy,LIGHT,6.0,1400.0,1000.0,https://images.ygoprodeck.com/images/cards_cropped/90027012.jpg
90098000,General of Atlantis,Sea Serpent,WATER,5.0,2100.0,1400.0,https://images.ygoprodeck.com/images/cards_cropped/90098000.jpg
90122655,Tenmataitei,Warrior,DARK,5.0,2400.0,1000.0,https://images.ygoprodeck.com/images/cards_cropped/90122655.jpg
90147755,Lady Assailant of Flames,Pyro,FIRE,4.0,1500.0,1000.0,https://images.ygoprodeck.com/images/cards_cropped/90147755.jpg
90161770,Battlewasp - Arbalest the Rapidfire,Insect,WIND,4.0,1800.0,800.0,https://images.ygoprodeck.com/images/cards_cropped/90161770.jpg
90176467,"Neiroy, the Dream Mirror Traitor",Fiend,DARK,3.0,1000.0,1000.0,https://images.ygoprodeck.com/images/cards_cropped/90176467.jpg
90179822,Despian Comedy,Fairy,DARK,1.0,0.0,2000.0,https://images.ygoprodeck.com/images/cards_cropped/90179822.jpg
90238142,Harpie Channeler,Winged Beast,WIND,4.0,1400.0,1300.0,https://images.ygoprodeck.com/images/cards_cropped/90238142.jpg
90241276,Snake-Eyes Poplar,Pyro,FIRE,1.0,700.0,200.0,https://images.ygoprodeck.com/images/cards_cropped/90241276.jpg
90243945,Wightprincess,Zombie,LIGHT,3.0,1600.0,0.0,https://images.ygoprodeck.com/images/cards_cropped/90243945.jpg
90247311,Yellow Dragon Ninja,Dinosaur,WIND,8.0,3000.0,1500.0,https://images.ygoprodeck.com/images/cards_cropped/90247311.jpg
90276649,Couplet the Melodious Songstress,Fairy,LIGHT,5.0,1200.0,2000.0,https://images.ygoprodeck.com/images/cards_cropped/90276649.jpg
90299015,Vampire Ghost,Zombie,DARK,3.0,1500.0,0.0,https://images.ygoprodeck.com/images/cards_cropped/90299015.jpg
90303176,Silent Angler,Fish,WATER,4.0,800.0,1400.0,https://images.ygoprodeck.com/images/cards_cropped/90303176.jpg
90307777,"Shurit, Strategist of the Nekroz",Warrior,WATER,3.0,300.0,1800.0,https://images.ygoprodeck.com/images/cards_cropped/90307777.jpg
90311614,Dewdark of the Ice Barrier,Aqua,WATER,2.0,1200.0,800.0,https://images.ygoprodeck.com/images/cards_cropped/90311614.jpg
90315086,Hydrojet Shark,Fish,WATER,4.0,1000.0,0.0,https://images.ygoprodeck.com/images/cards_cropped/90315086.jpg
90337190,Torpedo Fish,Fish,WATER,3.0,1000.0,1000.0,https://images.ygoprodeck.com/images/cards_cropped/90337190.jpg
90357090,Silver Fang,Beast,EARTH,3.0,1200.0,800.0,https://images.ygoprodeck.com/images/cards_cropped/90357090.jpg
90361010,Superheavy Samurai Soulpiercer,Machine,EARTH,4.0,1200.0,0.0,https://images.ygoprodeck.com/images/cards_cropped/90361010.jpg
90361289,"Gizmek Uka, the Festive Fox of Fecundity",Machine,EARTH,7.0,2250.0,2250.0,https://images.ygoprodeck.com/images/cards_cropped/90361289.jpg
90365482,"Hebo, Lord of the River",Aqua,WATER,4.0,1800.0,600.0,https://images.ygoprodeck.com/images/cards_cropped/90365482.jpg
90397998,The Six Samurai - Kamon,Warrior,FIRE,3.0,1500.0,1000.0,https://images.ygoprodeck.com/images/cards_cropped/90397998.jpg
90407382,The Kick Man,Zombie,DARK,3.0,1300.0,300.0,https://images.ygoprodeck.com/images/cards_cropped/90407382.jpg
90411554,"Redox, Dragon Ruler of Boulders",Dragon,EARTH,7.0,1600.0,3000.0,https://images.ygoprodeck.com/images/cards_cropped/90411554.jpg
90432163,The Phantom Knights of Ancient Cloak,Warrior,DARK,3.0,800.0,1000.0,https://images.ygoprodeck.com/images/cards_cropped/90432163.jpg
90444325,Megalith Hagith,Rock,EARTH,4.0,1300.0,2600.0,https://images.ygoprodeck.com/images/cards_cropped/90444325.jpg
90464188,Obsidian Dragon,Rock,DARK,4.0,800.0,2100.0,https://images.ygoprodeck.com/images/cards_cropped/90464188.jpg
90488465,The Chaos Creator,Thunder,DARK,8.0,2300.0,3000.0,https://images.ygoprodeck.com/images/cards_cropped/90488465.jpg
90508760,X-Saber Airbellum,Beast,EARTH,3.0,1600.0,200.0,https://images.ygoprodeck.com/images/cards_cropped/90508760.jpg
90582719,Gladiator Beast Andal,Beast-Warrior,EARTH,4.0,1900.0,1500.0,https://images.ygoprodeck.com/images/cards_cropped/90582719.jpg
90583279,"Yakusa, Lord of the Eight Thunders",Wyrm,LIGHT,8.0,2000.0,2000.0,https://images.ygoprodeck.com/images/cards_cropped/90583279.jpg
90616316,The Fabled Peggulsus,Beast,LIGHT,1.0,100.0,1600.0,https://images.ygoprodeck.com/images/cards_cropped/90616316.jpg
90640901,Reverse Buster,Fiend,LIGHT,4.0,1500.0,0.0,https://images.ygoprodeck.com/images/cards_cropped/90640901.jpg
90642597,Future Samurai,Warrior,LIGHT,4.0,1600.0,1200.0,https://images.ygoprodeck.com/images/cards_cropped/90642597.jpg
90654356,Black Ptera,Dinosaur,WIND,3.0,1000.0,500.0,https://images.ygoprodeck.com/images/cards_cropped/90654356.jpg
90681088,Legendary Fire King Ponix,Winged Beast,FIRE,1.0,500.0,200.0,https://images.ygoprodeck.com/images/cards_cropped/90681088.jpg
90724272,Dark Rose Fairy,Fairy,DARK,2.0,800.0,1000.0,https://images.ygoprodeck.com/images/cards_cropped/90724272.jpg
90727556,Steelswarm Scout,Fiend,DARK,1.0,200.0,0.0,https://images.ygoprodeck.com/images/cards_cropped/90727556.jpg
90743290,Hermit of Prophecy,Spellcaster,EARTH,3.0,1200.0,700.0,https://images.ygoprodeck.com/images/cards_cropped/90743290.jpg
90764875,Gorgonic Ghoul,Rock,DARK,1.0,100.0,100.0,https://images.ygoprodeck.com/images/cards_cropped/90764875.jpg
90788081,Hundred Dragon,Dragon,WIND,4.0,1800.0,1000.0,https://images.ygoprodeck.com/images/cards_cropped/90788081.jpg
90790253,Little-Winguard,Warrior,WIND,4.0,1400.0,1800.0,https://images.ygoprodeck.com/images/cards_cropped/90790253.jpg
90807199,Danger! Thunderbird!,Winged Beast,DARK,8.0,2800.0,2400.0,https://images.ygoprodeck.com/images/cards_cropped/90807199.jpg
90810762,Raging Flame Sprite,Pyro,FIRE,3.0,100.0,200.0,https://images.ygoprodeck.com/images/cards_cropped/90810762.jpg
90829280,Spirit of Yubel,Fiend,DARK,10.0,0.0,0.0,https://images.ygoprodeck.com/images/cards_cropped/90829280.jpg
90835938,"Starry Night, Starry Dragon",Dragon,LIGHT,7.0,2500.0,2300.0,https://images.ygoprodeck.com/images/cards_cropped/90835938.jpg
90844184,Garma Sword,Warrior,DARK,7.0,2550.0,2150.0,https://images.ygoprodeck.com/images/cards_cropped/90844184.jpg
90875418,Theorealize Medius,Fairy,DARK,4.0,1800.0,1800.0,https://images.ygoprodeck.com/images/cards_cropped/90875418.jpg
90876561,Jack's Knight,Warrior,LIGHT,5.0,1900.0,1000.0,https://images.ygoprodeck.com/images/cards_cropped/90876561.jpg
90885155,Qliphort Shell,Machine,EARTH,8.0,2800.0,1000.0,https://images.ygoprodeck.com/images/cards_cropped/90885155.jpg
90908427,Steel Ogre Grotto #2,Machine,EARTH,6.0,1900.0,2200.0,https://images.ygoprodeck.com/images/cards_cropped/90908427.jpg
90925163,Dancing Fairy,Fairy,WIND,4.0,1700.0,1000.0,https://images.ygoprodeck.com/images/cards_cropped/90925163.jpg
90960358,Toon Dark Magician Girl,Spellcaster,DARK,6.0,2000.0,1700.0,https://images.ygoprodeck.com/images/cards_cropped/90960358.jpg
90963488,Nemuriko,Spellcaster,DARK,3.0,800.0,700.0,https://images.ygoprodeck.com/images/cards_cropped/90963488.jpg
90980792,Dark Jeroid,Fiend,DARK,4.0,1200.0,1500.0,https://images.ygoprodeck.com/images/cards_cropped/90980792.jpg
91011603,Nordic Smith Ivaldi,Warrior,EARTH,4.0,1500.0,700.0,https://images.ygoprodeck.com/images/cards_cropped/91011603.jpg
91020571,"Reactan, Dragon Ruler of Pebbles",Dragon,EARTH,4.0,1800.0,1200.0,https://images.ygoprodeck.com/images/cards_cropped/91020571.jpg
91025875,K9-ØØ Lupis,Beast-Warrior,EARTH,5.0,2300.0,200.0,https://images.ygoprodeck.com/images/cards_cropped/91025875.jpg
91070115,Alien Telepath,Reptile,FIRE,4.0,1600.0,1000.0,https://images.ygoprodeck.com/images/cards_cropped/91070115.jpg
91073013,Vanquish Soul Caesar Valius,Dragon,EARTH,8.0,3000.0,1500.0,https://images.ygoprodeck.com/images/cards_cropped/91073013.jpg
91098230,Ancient Gear Tanker,Machine,EARTH,4.0,1300.0,1300.0,https://images.ygoprodeck.com/images/cards_cropped/91098230.jpg
91110378,Star Seraph Sovereignty,Fairy,LIGHT,4.0,800.0,2000.0,https://images.ygoprodeck.com/images/cards_cropped/91110378.jpg
91123920,The Agent of Force - Mars,Fairy,LIGHT,3.0,0.0,0.0,https://images.ygoprodeck.com/images/cards_cropped/91123920.jpg
91133740,Snowman Eater,Aqua,WATER,3.0,0.0,1900.0,https://images.ygoprodeck.com/images/cards_cropped/91133740.jpg
91152256,Celtic Guardian,Warrior,EARTH,4.0,1400.0,1200.0,https://images.ygoprodeck.com/images/cards_cropped/91152256.jpg
91182675,Mythical Beast Jackal,Spellcaster,DARK,1.0,0.0,1400.0,https://images.ygoprodeck.com/images/cards_cropped/91182675.jpg
91188343,The Agent of Mystery - Earth,Fairy,LIGHT,2.0,1000.0,800.0,https://images.ygoprodeck.com/images/cards_cropped/91188343.jpg
91215724,Junk Armor,Warrior,EARTH,2.0,600.0,1200.0,https://images.ygoprodeck.com/images/cards_cropped/91215724.jpg
91222209,Rescue-ACE Monitor,Warrior,FIRE,4.0,1800.0,1800.0,https://images.ygoprodeck.com/images/cards_cropped/91222209.jpg
91250514,Tongue Twister,Fiend,DARK,6.0,400.0,300.0,https://images.ygoprodeck.com/images/cards_cropped/91250514.jpg
91258852,SPYRAL Master Plan,Spellcaster,DARK,7.0,1200.0,2800.0,https://images.ygoprodeck.com/images/cards_cropped/91258852.jpg
91262474,Stardust Wurm,Dragon,LIGHT,1.0,0.0,0.0,https://images.ygoprodeck.com/images/cards_cropped/91262474.jpg
91283212,Battlewasp - Dart the Hunter,Insect,WIND,1.0,100.0,100.0,https://images.ygoprodeck.com/images/cards_cropped/91283212.jpg
91299846,The Weather Painter Thunder,Fairy,LIGHT,3.0,1700.0,0.0,https://images.ygoprodeck.com/images/cards_cropped/91299846.jpg
91337277,Big Inflate Dragon,Dragon,WIND,8.0,2500.0,1500.0,https://images.ygoprodeck.com/images/cards_cropped/91337277.jpg
91345518,The Agent of Judgment - Saturn,Fairy,LIGHT,6.0,2400.0,0.0,https://images.ygoprodeck.com/images/cards_cropped/91345518.jpg
91349449,Lightray Sorcerer,Spellcaster,LIGHT,6.0,2300.0,2000.0,https://images.ygoprodeck.com/images/cards_cropped/91349449.jpg
91350799,Madolche Hootcake,Beast,EARTH,3.0,1500.0,1100.0,https://images.ygoprodeck.com/images/cards_cropped/91350799.jpg
91420254,Yosenju Shinchu R,Rock,WIND,4.0,0.0,2100.0,https://images.ygoprodeck.com/images/cards_cropped/91420254.jpg
91434602,Majesty Hyperion,Fairy,DARK,8.0,2100.0,2700.0,https://images.ygoprodeck.com/images/cards_cropped/91434602.jpg
91438674,Argostars - Glorious Adra,Warrior,EARTH,4.0,1800.0,1800.0,https://images.ygoprodeck.com/images/cards_cropped/91438674.jpg
91438994,Genex Ally Bellflame,Machine,DARK,4.0,1700.0,1000.0,https://images.ygoprodeck.com/images/cards_cropped/91438994.jpg
91449144,"Caam, Serenity of Gusto",Psychic,WIND,4.0,1700.0,1100.0,https://images.ygoprodeck.com/images/cards_cropped/91449144.jpg
91449532,Performapal Flip Hippo,Beast,EARTH,3.0,800.0,800.0,https://images.ygoprodeck.com/images/cards_cropped/91449532.jpg
91479482,Courageous Crimson Chevalier Bradamante,Warrior,FIRE,1.0,500.0,200.0,https://images.ygoprodeck.com/images/cards_cropped/91479482.jpg
91482773,Gateway Dragon,Dragon,DARK,4.0,1600.0,1400.0,https://images.ygoprodeck.com/images/cards_cropped/91482773.jpg
91501248,Pot of The Forbidden,Rock,EARTH,9.0,2000.0,3000.0,https://images.ygoprodeck.com/images/cards_cropped/91501248.jpg
91505214,Trickstar Narkissus,Fairy,LIGHT,4.0,1000.0,1800.0,https://images.ygoprodeck.com/images/cards_cropped/91505214.jpg
91512835,Insect Queen,Insect,EARTH,7.0,2200.0,2400.0,https://images.ygoprodeck.com/images/cards_cropped/91512835.jpg
91554542,Neo Flamvell Sabre,Pyro,FIRE,4.0,1500.0,200.0,https://images.ygoprodeck.com/images/cards_cropped/91554542.jpg
91559748,Prickle Fairy,Plant,EARTH,4.0,300.0,2000.0,https://images.ygoprodeck.com/images/cards_cropped/91559748.jpg
91584698,Performapal Trump Witch,Spellcaster,DARK,1.0,100.0,100.0,https://images.ygoprodeck.com/images/cards_cropped/91584698.jpg
91588074,"Tierra, Source of Destruction",Fiend,LIGHT,11.0,3400.0,3600.0,https://images.ygoprodeck.com/images/cards_cropped/91588074.jpg
91596726,Dark Crusader,Warrior,DARK,4.0,1600.0,200.0,https://images.ygoprodeck.com/images/cards_cropped/91596726.jpg
91598270,SolSolfachord Gracia,Fairy,WATER,5.0,2100.0,1400.0,https://images.ygoprodeck.com/images/cards_cropped/91598270.jpg
91607976,Morphtronic Clocken,Machine,EARTH,2.0,600.0,1100.0,https://images.ygoprodeck.com/images/cards_cropped/91607976.jpg
91642007,"Blackeyes, the Plunder Patroll Seaguide",Fiend,WATER,4.0,1000.0,1000.0,https://images.ygoprodeck.com/images/cards_cropped/91642007.jpg
91646304,Crusadia Arboria,Warrior,WATER,3.0,800.0,1800.0,https://images.ygoprodeck.com/images/cards_cropped/91646304.jpg
91662792,Gusto Egul,Winged Beast,WIND,1.0,200.0,400.0,https://images.ygoprodeck.com/images/cards_cropped/91662792.jpg
91663373,Cyber Esper,Machine,FIRE,4.0,1200.0,1800.0,https://images.ygoprodeck.com/images/cards_cropped/91663373.jpg
91668401,Cyber Angel Izana,Fairy,LIGHT,8.0,2500.0,2600.0,https://images.ygoprodeck.com/images/cards_cropped/91668401.jpg
91691605,Destiny HERO - Drilldark,Warrior,DARK,4.0,1600.0,1200.0,https://images.ygoprodeck.com/images/cards_cropped/91691605.jpg
91697229,Fenrir the Nordic Wolf,Beast,DARK,10.0,4000.0,4000.0,https://images.ygoprodeck.com/images/cards_cropped/91697229.jpg
91711547,Flamvell Fiend,Fiend,FIRE,5.0,2100.0,1200.0,https://images.ygoprodeck.com/images/cards_cropped/91711547.jpg
91712985,"Kamion, the Timelord",Fairy,EARTH,10.0,0.0,0.0,https://images.ygoprodeck.com/images/cards_cropped/91712985.jpg
91714772,Galaxy Defense Robot Orbital 7,Machine,LIGHT,8.0,2000.0,2000.0,https://images.ygoprodeck.com/images/cards_cropped/91714772.jpg
91718579,Gogogo Aristera & Dexia,Rock,EARTH,4.0,0.0,2200.0,https://images.ygoprodeck.com/images/cards_cropped/91718579.jpg
91731841,Gem-Knight Garnet,Pyro,EARTH,4.0,1900.0,0.0,https://images.ygoprodeck.com/images/cards_cropped/91731841.jpg
91749600,"Vala, Seidhr of the Generaider Bosses",Fairy,FIRE,9.0,2500.0,2500.0,https://images.ygoprodeck.com/images/cards_cropped/91749600.jpg
91754175,Caninetaur,Beast-Warrior,FIRE,3.0,1500.0,200.0,https://images.ygoprodeck.com/images/cards_cropped/91754175.jpg
91782219,Crab Turtle,Aqua,WATER,8.0,2550.0,2500.0,https://images.ygoprodeck.com/images/cards_cropped/91782219.jpg
91798373,Gemini Scorpion,Warrior,EARTH,4.0,1600.0,400.0,https://images.ygoprodeck.com/images/cards_cropped/91798373.jpg
91800273,Dimension Shifter,Spellcaster,DARK,6.0,1200.0,2200.0,https://images.ygoprodeck.com/images/cards_cropped/91800273.jpg
91810826,Tenpai Dragon Chundra,Dragon,FIRE,4.0,1500.0,1000.0,https://images.ygoprodeck.com/images/cards_cropped/91810826.jpg
91812341,Traptrix Myrmeleo,Insect,EARTH,4.0,1600.0,1200.0,https://images.ygoprodeck.com/images/cards_cropped/91812341.jpg
91818544,WAKE CUP! Mocha,Aqua,WIND,3.0,1000.0,100.0,https://images.ygoprodeck.com/images/cards_cropped/91818544.jpg
91842653,Toon Summoned Skull,Fiend,DARK,6.0,2500.0,1200.0,https://images.ygoprodeck.com/images/cards_cropped/91842653.jpg
91862578,Enraged Muka Muka,Rock,EARTH,5.0,1200.0,600.0,https://images.ygoprodeck.com/images/cards_cropped/91862578.jpg
91864689,S-Force Edge Razor,Cyberse,DARK,4.0,1500.0,1300.0,https://images.ygoprodeck.com/images/cards_cropped/91864689.jpg
91869203,Amazoness Archer,Warrior,EARTH,4.0,1400.0,1000.0,https://images.ygoprodeck.com/images/cards_cropped/91869203.jpg
91870448,Psychic Megacyber,Machine,DARK,6.0,2200.0,1200.0,https://images.ygoprodeck.com/images/cards_cropped/91870448.jpg
91903221,Evoltile Elginero,Reptile,FIRE,2.0,0.0,0.0,https://images.ygoprodeck.com/images/cards_cropped/91903221.jpg
91907707,Qliphort Carrier,Machine,EARTH,6.0,2400.0,1000.0,https://images.ygoprodeck.com/images/cards_cropped/91907707.jpg
91932350,Harpie Lady 1,Winged Beast,WIND,4.0,1300.0,1400.0,https://images.ygoprodeck.com/images/cards_cropped/91932350.jpg
91939608,Rogue Doll,Spellcaster,LIGHT,4.0,1600.0,1000.0,https://images.ygoprodeck.com/images/cards_cropped/91939608.jpg
91953000,Marincess Blue Tang,Cyberse,WATER,4.0,1500.0,1200.0,https://images.ygoprodeck.com/images/cards_cropped/91953000.jpg
91996584,Whiptail Crow,Fiend,DARK,4.0,1650.0,1600.0,https://images.ygoprodeck.com/images/cards_cropped/91996584.jpg
92003832,Gold Pride - Roller Baller,Psychic,EARTH,5.0,1800.0,1600.0,https://images.ygoprodeck.com/images/cards_cropped/92003832.jpg
92034192,Super Quantum Black Layer,Zombie,DARK,7.0,2400.0,2400.0,https://images.ygoprodeck.com/images/cards_cropped/92034192.jpg
92039899,Archfiend Cavalry,Fiend,DARK,4.0,1900.0,0.0,https://images.ygoprodeck.com/images/cards_cropped/92039899.jpg
92053608,Aquaactress Arowana,Aqua,WATER,6.0,2000.0,2000.0,https://images.ygoprodeck.com/images/cards_cropped/92053608.jpg
92065772,Numbing Grub in the Ice Barrier,Insect,WATER,4.0,1300.0,1800.0,https://images.ygoprodeck.com/images/cards_cropped/92065772.jpg
92079625,Helshaddoll Hollow,Fiend,FIRE,9.0,2900.0,2900.0,https://images.ygoprodeck.com/images/cards_cropped/92079625.jpg
92084010,Unshaven Angler,Fish,WATER,4.0,1500.0,1600.0,https://images.ygoprodeck.com/images/cards_cropped/92084010.jpg
92110878,Gadget Trio,Machine,EARTH,4.0,1300.0,1100.0,https://images.ygoprodeck.com/images/cards_cropped/92110878.jpg
92125819,Noble Knight Artorigus,Warrior,LIGHT,4.0,1800.0,1800.0,https://images.ygoprodeck.com/images/cards_cropped/92125819.jpg
92133240,Dinomorphia Therizia,Dinosaur,DARK,4.0,1500.0,0.0,https://images.ygoprodeck.com/images/cards_cropped/92133240.jpg
92142169,Bite Bug,Insect,EARTH,3.0,300.0,1000.0,https://images.ygoprodeck.com/images/cards_cropped/92142169.jpg
92170894,Performapal Longphone Bull,Beast,EARTH,4.0,1600.0,1200.0,https://images.ygoprodeck.com/images/cards_cropped/92170894.jpg
92171126,"Deftero Enneacraft - ""alazoneIA""",Machine,EARTH,1.0,100.0,1000.0,https://images.ygoprodeck.com/images/cards_cropped/92171126.jpg
92176681,Suppression Collider,Cyberse,DARK,8.0,2800.0,2600.0,https://images.ygoprodeck.com/images/cards_cropped/92176681.jpg
92200612,Shinobird Pigeon,Winged Beast,WIND,4.0,1000.0,1800.0,https://images.ygoprodeck.com/images/cards_cropped/92200612.jpg
92204263,Mekk-Knight Indigo Eclipse,Psychic,LIGHT,8.0,2400.0,2400.0,https://images.ygoprodeck.com/images/cards_cropped/92204263.jpg
92246806,Yosenju Kama 2,Beast-Warrior,WIND,4.0,1800.0,200.0,https://images.ygoprodeck.com/images/cards_cropped/92246806.jpg
92248362,K9-17 Izuna,Warrior,EARTH,5.0,2100.0,1600.0,https://images.ygoprodeck.com/images/cards_cropped/92248362.jpg
92300891,"Karakuri Barrel mdl 96 ""Shinkuro""",Machine,EARTH,2.0,400.0,400.0,https://images.ygoprodeck.com/images/cards_cropped/92300891.jpg
92327802,Defect Compiler,Cyberse,LIGHT,3.0,1000.0,1000.0,https://images.ygoprodeck.com/images/cards_cropped/92327802.jpg
92332424,"Majesty Pegasus, the Dracoslayer",Spellcaster,WIND,4.0,1500.0,1500.0,https://images.ygoprodeck.com/images/cards_cropped/92332424.jpg
92373006,Test Tiger,Beast,EARTH,3.0,600.0,300.0,https://images.ygoprodeck.com/images/cards_cropped/92373006.jpg
92377303,Dark Sage,Spellcaster,DARK,9.0,2800.0,3200.0,https://images.ygoprodeck.com/images/cards_cropped/92377303.jpg
92391084,Wilmee,Beast,EARTH,4.0,1000.0,1200.0,https://images.ygoprodeck.com/images/cards_cropped/92391084.jpg
92409659,White Dolphin,Fish,WATER,2.0,500.0,400.0,https://images.ygoprodeck.com/images/cards_cropped/92409659.jpg
92411493,The Weather Painter Rain,Fairy,WATER,3.0,1200.0,1400.0,https://images.ygoprodeck.com/images/cards_cropped/92411493.jpg
92418590,Gimmick Puppet Dreary Doll,Machine,DARK,8.0,0.0,0.0,https://images.ygoprodeck.com/images/cards_cropped/92418590.jpg
92421852,Robolady,Machine,EARTH,3.0,450.0,900.0,https://images.ygoprodeck.com/images/cards_cropped/92421852.jpg
92435533,"Lazion, the Timelord",Fairy,FIRE,10.0,0.0,0.0,https://images.ygoprodeck.com/images/cards_cropped/92435533.jpg
92447211,Long-Tailed Black Horse,Zombie,EARTH,4.0,1400.0,800.0,https://images.ygoprodeck.com/images/cards_cropped/92447211.jpg
92472273,DoomZ XII Zero - Drastea,Dragon,DARK,8.0,2400.0,1500.0,https://images.ygoprodeck.com/images/cards_cropped/92472273.jpg
92487128,Sosei Ryu-Ge Mistva,Dragon,LIGHT,10.0,3500.0,2500.0,https://images.ygoprodeck.com/images/cards_cropped/92487128.jpg
92510265,Black Luster Soldier - Sacred Soldier,Warrior,LIGHT,8.0,3000.0,2500.0,https://images.ygoprodeck.com/images/cards_cropped/92510265.jpg
92518817,Blazing Hiita,Spellcaster,FIRE,4.0,800.0,1500.0,https://images.ygoprodeck.com/images/cards_cropped/92518817.jpg
92530005,Performage Ball Balancer,Spellcaster,EARTH,4.0,1000.0,1800.0,https://images.ygoprodeck.com/images/cards_cropped/92530005.jpg
92536468,D/D/D Rebel King Leonidas,Fiend,DARK,7.0,2600.0,1200.0,https://images.ygoprodeck.com/images/cards_cropped/92536468.jpg
92559258,Servant of Endymion,Spellcaster,WIND,3.0,900.0,1500.0,https://images.ygoprodeck.com/images/cards_cropped/92559258.jpg
92565383,Cornfield Coatl,Illusion,WIND,4.0,500.0,1700.0,https://images.ygoprodeck.com/images/cards_cropped/92565383.jpg
92572371,Brotherhood of the Fire Fist - Buffalo,Beast-Warrior,FIRE,4.0,1700.0,1000.0,https://images.ygoprodeck.com/images/cards_cropped/92572371.jpg
92586237,Bujin Mahitotsu,Beast-Warrior,LIGHT,4.0,0.0,1800.0,https://images.ygoprodeck.com/images/cards_cropped/92586237.jpg
92595545,Plasma Ball,Thunder,LIGHT,3.0,900.0,900.0,https://images.ygoprodeck.com/images/cards_cropped/92595545.jpg
92595825,Twilight Rose Black Knight,Plant,DARK,3.0,1000.0,1000.0,https://images.ygoprodeck.com/images/cards_cropped/92595825.jpg
92597893,"Feedran, the Winds of Mischief",Dragon,WIND,3.0,1700.0,0.0,https://images.ygoprodeck.com/images/cards_cropped/92597893.jpg
92609670,Heroic Challenger - Ambush Soldier,Warrior,EARTH,1.0,0.0,0.0,https://images.ygoprodeck.com/images/cards_cropped/92609670.jpg
92610868,ReSolfachord Dreamia,Fairy,WIND,2.0,600.0,400.0,https://images.ygoprodeck.com/images/cards_cropped/92610868.jpg
92644052,Performapal Duelist Extraordinaire,Spellcaster,LIGHT,4.0,1800.0,400.0,https://images.ygoprodeck.com/images/cards_cropped/92644052.jpg
92652813,Awakening of the Possessed - Greater Inari Fire,Pyro,FIRE,5.0,2000.0,200.0,https://images.ygoprodeck.com/images/cards_cropped/92652813.jpg
92667214,Clown Zombie,Zombie,DARK,2.0,1350.0,0.0,https://images.ygoprodeck.com/images/cards_cropped/92667214.jpg
92676637,Tuningware,Machine,LIGHT,1.0,100.0,300.0,https://images.ygoprodeck.com/images/cards_cropped/92676637.jpg
92693205,Geargianchor,Machine,EARTH,4.0,1800.0,500.0,https://images.ygoprodeck.com/images/cards_cropped/92693205.jpg
92719314,The Dark Creator,Thunder,DARK,8.0,2300.0,3000.0,https://images.ygoprodeck.com/images/cards_cropped/92719314.jpg
92720564,Morphtronic Boomboxen,Machine,EARTH,4.0,1200.0,400.0,https://images.ygoprodeck.com/images/cards_cropped/92720564.jpg
92723496,Giant Pairfish,Wyrm,WATER,6.0,2000.0,1200.0,https://images.ygoprodeck.com/images/cards_cropped/92723496.jpg
92729410,Baby Raccoon Ponpoko,Beast,EARTH,2.0,800.0,0.0,https://images.ygoprodeck.com/images/cards_cropped/92729410.jpg
92731455,M-Warrior #2,Warrior,EARTH,3.0,500.0,1000.0,https://images.ygoprodeck.com/images/cards_cropped/92731455.jpg
92736188,Great Spirit,Rock,EARTH,4.0,500.0,1500.0,https://images.ygoprodeck.com/images/cards_cropped/92736188.jpg
92746535,"Luster Pendulum, the Dracoslayer",Dragon,LIGHT,4.0,1850.0,0.0,https://images.ygoprodeck.com/images/cards_cropped/92746535.jpg
92755808,Element Saurus,Dinosaur,DARK,4.0,1500.0,1200.0,https://images.ygoprodeck.com/images/cards_cropped/92755808.jpg
92767273,Performapal Barracuda,Plant,EARTH,3.0,500.0,1100.0,https://images.ygoprodeck.com/images/cards_cropped/92767273.jpg
92784374,Gishki Ariel,Spellcaster,WATER,4.0,1000.0,1800.0,https://images.ygoprodeck.com/images/cards_cropped/92784374.jpg
92807548,Darklord Ukoback,Fairy,DARK,3.0,700.0,1000.0,https://images.ygoprodeck.com/images/cards_cropped/92807548.jpg
92821268,Gimmick Puppet Twilight Joker,Machine,DARK,8.0,800.0,1600.0,https://images.ygoprodeck.com/images/cards_cropped/92821268.jpg
92826944,Mezuki,Zombie,EARTH,4.0,1700.0,800.0,https://images.ygoprodeck.com/images/cards_cropped/92826944.jpg
92841002,Mythic Water Dragon,Dragon,WATER,8.0,1000.0,2000.0,https://images.ygoprodeck.com/images/cards_cropped/92841002.jpg
92868896,Dragunity Senatus,Winged Beast,WIND,4.0,1800.0,600.0,https://images.ygoprodeck.com/images/cards_cropped/92868896.jpg
92870717,"Dragonox, the Empowered Warrior",Warrior,DARK,4.0,1500.0,1500.0,https://images.ygoprodeck.com/images/cards_cropped/92870717.jpg
92887027,Nomadic Force,Warrior,WIND,4.0,1700.0,1000.0,https://images.ygoprodeck.com/images/cards_cropped/92887027.jpg
92895501,Vanquish Soul Heavy Borger,Machine,DARK,7.0,2500.0,1500.0,https://images.ygoprodeck.com/images/cards_cropped/92895501.jpg
92901944,Scrap Searcher,Winged Beast,EARTH,1.0,100.0,300.0,https://images.ygoprodeck.com/images/cards_cropped/92901944.jpg
92919429,Diviner of the Herald,Fairy,LIGHT,2.0,500.0,300.0,https://images.ygoprodeck.com/images/cards_cropped/92919429.jpg
92932860,Performapal Miss Director,Spellcaster,DARK,6.0,0.0,2000.0,https://images.ygoprodeck.com/images/cards_cropped/92932860.jpg
92933195,Mist Valley Windmaster,Winged Beast,WIND,2.0,400.0,800.0,https://images.ygoprodeck.com/images/cards_cropped/92933195.jpg
92944626,Wings of Wicked Flame,Pyro,FIRE,2.0,700.0,600.0,https://images.ygoprodeck.com/images/cards_cropped/92944626.jpg
92962242,Jioh the Gravity Ninja,Rock,EARTH,8.0,2300.0,2900.0,https://images.ygoprodeck.com/images/cards_cropped/92962242.jpg
92964816,Glow-Up Bloom,Zombie,DARK,1.0,0.0,0.0,https://images.ygoprodeck.com/images/cards_cropped/92964816.jpg
92970404,Subterror Behemoth Ultramafus,Pyro,EARTH,12.0,3000.0,1800.0,https://images.ygoprodeck.com/images/cards_cropped/92970404.jpg
92998610,Aloof Lupine,Beast,DARK,4.0,1700.0,300.0,https://images.ygoprodeck.com/images/cards_cropped/92998610.jpg
93013676,Maha Vailo,Spellcaster,LIGHT,4.0,1550.0,1400.0,https://images.ygoprodeck.com/images/cards_cropped/93013676.jpg
93018428,Melffy Catty,Beast,EARTH,2.0,200.0,200.0,https://images.ygoprodeck.com/images/cards_cropped/93018428.jpg
93020401,Mekk-Knight Orange Sunset,Psychic,LIGHT,6.0,800.0,3000.0,https://images.ygoprodeck.com/images/cards_cropped/93020401.jpg
93023479,Gravekeeper's Recruiter,Spellcaster,DARK,3.0,1200.0,1500.0,https://images.ygoprodeck.com/images/cards_cropped/93023479.jpg
93085839,Noble Knight Eachtar,Warrior,DARK,5.0,1600.0,2000.0,https://images.ygoprodeck.com/images/cards_cropped/93085839.jpg
93107608,Howling Insect,Insect,EARTH,3.0,1200.0,1300.0,https://images.ygoprodeck.com/images/cards_cropped/93107608.jpg
93108297,Liquid Beast,Aqua,WATER,3.0,950.0,800.0,https://images.ygoprodeck.com/images/cards_cropped/93108297.jpg
93124273,Samurai Cavalry of Reptier,Dinosaur,EARTH,4.0,1800.0,1200.0,https://images.ygoprodeck.com/images/cards_cropped/93124273.jpg
93130021,Victory Viper XX03,Machine,LIGHT,4.0,1200.0,1000.0,https://images.ygoprodeck.com/images/cards_cropped/93130021.jpg
93149655,Odd-Eyes Phantom Dragon,Dragon,DARK,7.0,2500.0,2000.0,https://images.ygoprodeck.com/images/cards_cropped/93149655.jpg
93151201,Voltic Kong,Beast,LIGHT,4.0,1800.0,1000.0,https://images.ygoprodeck.com/images/cards_cropped/93151201.jpg
93156774,Vanquish Soul Hollie Sue,Psychic,EARTH,5.0,500.0,2200.0,https://images.ygoprodeck.com/images/cards_cropped/93156774.jpg
93169863,Crystal Girl,Spellcaster,WATER,1.0,200.0,100.0,https://images.ygoprodeck.com/images/cards_cropped/93169863.jpg
93170499,Jurrac Megalo,Dinosaur,FIRE,1.0,500.0,1300.0,https://images.ygoprodeck.com/images/cards_cropped/93170499.jpg
93187568,Spell Striker,Warrior,EARTH,3.0,600.0,200.0,https://images.ygoprodeck.com/images/cards_cropped/93187568.jpg
93211836,Genex Army,Machine,EARTH,6.0,2300.0,1300.0,https://images.ygoprodeck.com/images/cards_cropped/93211836.jpg
93220472,Cave Dragon,Dragon,WIND,4.0,2000.0,100.0,https://images.ygoprodeck.com/images/cards_cropped/93220472.jpg
93221206,Ancient Elf,Spellcaster,LIGHT,4.0,1450.0,1200.0,https://images.ygoprodeck.com/images/cards_cropped/93221206.jpg
93294869,Brotherhood of the Fire Fist - Wolf,Beast-Warrior,FIRE,3.0,0.0,1900.0,https://images.ygoprodeck.com/images/cards_cropped/93294869.jpg
93298460,"Ventdra, the Empowered Warrior",Warrior,WIND,5.0,2000.0,800.0,https://images.ygoprodeck.com/images/cards_cropped/93298460.jpg
93302695,Kozmoll Wickedwitch,Psychic,DARK,4.0,1900.0,300.0,https://images.ygoprodeck.com/images/cards_cropped/93302695.jpg
93317313,D/D Defense Soldier,Fiend,DARK,4.0,0.0,1800.0,https://images.ygoprodeck.com/images/cards_cropped/93317313.jpg
93332803,"Dogoran, the Mad Flame Kaiju",Dinosaur,FIRE,8.0,3000.0,1200.0,https://images.ygoprodeck.com/images/cards_cropped/93332803.jpg
93343894,Water Magician,Aqua,WATER,4.0,1400.0,1000.0,https://images.ygoprodeck.com/images/cards_cropped/93343894.jpg
93346024,The Dragon Dwelling in the Cave,Dragon,WIND,4.0,1300.0,2000.0,https://images.ygoprodeck.com/images/cards_cropped/93346024.jpg
93368494,Mayosenju Daibak,Beast,WIND,10.0,3000.0,300.0,https://images.ygoprodeck.com/images/cards_cropped/93368494.jpg
93369354,Fishborg Blaster,Fish,WATER,1.0,100.0,200.0,https://images.ygoprodeck.com/images/cards_cropped/93369354.jpg
93413793,Ukanomitsune-no-Tamayura,Beast,LIGHT,3.0,1500.0,300.0,https://images.ygoprodeck.com/images/cards_cropped/93413793.jpg
93431862,Destiny HERO - Dunker,Warrior,DARK,4.0,1200.0,1700.0,https://images.ygoprodeck.com/images/cards_cropped/93431862.jpg
93445074,Graydle Cobra,Aqua,WATER,3.0,1000.0,1000.0,https://images.ygoprodeck.com/images/cards_cropped/93445074.jpg
93449450,F.A. Hang On Mach,Machine,WIND,4.0,0.0,1800.0,https://images.ygoprodeck.com/images/cards_cropped/93449450.jpg
93451636,Wind-Up Honeybee,Insect,EARTH,1.0,100.0,300.0,https://images.ygoprodeck.com/images/cards_cropped/93451636.jpg
93454062,Naturia Mole Cricket,Insect,EARTH,1.0,0.0,0.0,https://images.ygoprodeck.com/images/cards_cropped/93454062.jpg
93490856,Swordsoul Strategist Longyuan,Wyrm,FIRE,6.0,1200.0,2300.0,https://images.ygoprodeck.com/images/cards_cropped/93490856.jpg
93506862,Gishki Vanity,Aqua,WATER,2.0,1000.0,800.0,https://images.ygoprodeck.com/images/cards_cropped/93506862.jpg
93507434,Dinowrestler Capaptera,Dinosaur,WIND,3.0,1600.0,0.0,https://images.ygoprodeck.com/images/cards_cropped/93507434.jpg
93509766,Kyoro Ryu-Ge Kaiva,Dinosaur,EARTH,10.0,3000.0,1200.0,https://images.ygoprodeck.com/images/cards_cropped/93509766.jpg
93542102,Morphtronic Celfon,Machine,EARTH,1.0,100.0,100.0,https://images.ygoprodeck.com/images/cards_cropped/93542102.jpg
93543806,Chronomaly Sol Monolith,Rock,EARTH,6.0,600.0,600.0,https://images.ygoprodeck.com/images/cards_cropped/93543806.jpg
93553943,Man Eater,Plant,EARTH,2.0,800.0,600.0,https://images.ygoprodeck.com/images/cards_cropped/93553943.jpg
93581434,Gouki Ringtrainer,Warrior,EARTH,1.0,0.0,0.0,https://images.ygoprodeck.com/images/cards_cropped/93581434.jpg
93612434,Double Disruptor Dragon,Dragon,DARK,8.0,2500.0,1500.0,https://images.ygoprodeck.com/images/cards_cropped/93612434.jpg
93662626,Igknight Veteran,Warrior,FIRE,6.0,1300.0,2700.0,https://images.ygoprodeck.com/images/cards_cropped/93662626.jpg
93665266,Crystron Quan,Machine,WATER,1.0,500.0,500.0,https://images.ygoprodeck.com/images/cards_cropped/93665266.jpg
93683815,"Vulmina, Statue of the Sacred Dragon",Dragon,LIGHT,2.0,200.0,1800.0,https://images.ygoprodeck.com/images/cards_cropped/93683815.jpg
93708824,Roxrose Dragon,Dragon,DARK,3.0,1600.0,1200.0,https://images.ygoprodeck.com/images/cards_cropped/93708824.jpg
93709215,Darkness Destroyer,Fiend,DARK,7.0,2300.0,1800.0,https://images.ygoprodeck.com/images/cards_cropped/93709215.jpg
93715853,Mekanikal Arkfiend,Fiend,DARK,4.0,100.0,2100.0,https://images.ygoprodeck.com/images/cards_cropped/93715853.jpg
93717133,Galaxy-Eyes Photon Dragon,Dragon,LIGHT,8.0,3000.0,2500.0,https://images.ygoprodeck.com/images/cards_cropped/93717133.jpg
93724592,"Karakuri Ninja mdl 339 ""Sazank""",Machine,EARTH,3.0,1200.0,1200.0,https://images.ygoprodeck.com/images/cards_cropped/93724592.jpg
93730409,Whirlwind Weasel,Beast,WIND,3.0,500.0,1500.0,https://images.ygoprodeck.com/images/cards_cropped/93730409.jpg
93738004,"Sagitta, Maverick Fur Hire",Winged Beast,WIND,5.0,1200.0,2400.0,https://images.ygoprodeck.com/images/cards_cropped/93738004.jpg
93749093,Marshmacaron,Fairy,LIGHT,1.0,200.0,200.0,https://images.ygoprodeck.com/images/cards_cropped/93749093.jpg
93751476,Brotherhood of the Fire Fist - Caribou,Beast-Warrior,FIRE,4.0,1100.0,2000.0,https://images.ygoprodeck.com/images/cards_cropped/93751476.jpg
93788854,The Wandering Doomed,Zombie,DARK,2.0,800.0,600.0,https://images.ygoprodeck.com/images/cards_cropped/93788854.jpg
93816465,Zero Gardna,Warrior,EARTH,4.0,0.0,0.0,https://images.ygoprodeck.com/images/cards_cropped/93816465.jpg
93830681,Friller Rabca,Fish,WATER,3.0,700.0,1500.0,https://images.ygoprodeck.com/images/cards_cropped/93830681.jpg
93850652,"Beat, Bladesman Fur Hire",Warrior,EARTH,3.0,1200.0,500.0,https://images.ygoprodeck.com/images/cards_cropped/93850652.jpg
93880808,Arcana Triumph Joker,Warrior,LIGHT,10.0,-1.0,2500.0,https://images.ygoprodeck.com/images/cards_cropped/93880808.jpg
93882364,Genex Worker,Machine,WIND,3.0,1200.0,1200.0,https://images.ygoprodeck.com/images/cards_cropped/93882364.jpg
93889755,Crass Clown,Fiend,DARK,4.0,1350.0,1400.0,https://images.ygoprodeck.com/images/cards_cropped/93889755.jpg
93892436,Performapal Swincobra,Reptile,EARTH,4.0,300.0,1800.0,https://images.ygoprodeck.com/images/cards_cropped/93892436.jpg
93900406,Mushroom Man #2,Warrior,EARTH,3.0,1250.0,800.0,https://images.ygoprodeck.com/images/cards_cropped/93900406.jpg
93920420,"World Legacy - ""World Wand""",Machine,DARK,8.0,500.0,2500.0,https://images.ygoprodeck.com/images/cards_cropped/93920420.jpg
93920745,Penguin Soldier,Aqua,WATER,2.0,750.0,500.0,https://images.ygoprodeck.com/images/cards_cropped/93920745.jpg
93927067,Kaiser Vorse Raider,Beast-Warrior,DARK,5.0,1900.0,1200.0,https://images.ygoprodeck.com/images/cards_cropped/93927067.jpg
93953933,Hydralander Orbit,Machine,DARK,1.0,0.0,1500.0,https://images.ygoprodeck.com/images/cards_cropped/93953933.jpg
93966624,Spell Strider,Warrior,EARTH,4.0,1800.0,600.0,https://images.ygoprodeck.com/images/cards_cropped/93966624.jpg
93969023,Black Metal Dragon,Dragon,DARK,1.0,600.0,600.0,https://images.ygoprodeck.com/images/cards_cropped/93969023.jpg
94004268,Amazoness Swords Woman,Warrior,EARTH,4.0,1500.0,1600.0,https://images.ygoprodeck.com/images/cards_cropped/94004268.jpg
94022093,Behegon,Aqua,WATER,4.0,1350.0,1000.0,https://images.ygoprodeck.com/images/cards_cropped/94022093.jpg
94042337,Violent Rain,Aqua,WATER,4.0,1550.0,800.0,https://images.ygoprodeck.com/images/cards_cropped/94042337.jpg
94046012,Orcust Brass Bombard,Machine,DARK,1.0,500.0,1900.0,https://images.ygoprodeck.com/images/cards_cropped/94046012.jpg
94073244,"Donpa, Marksman Fur Hire",Beast,WIND,2.0,500.0,1000.0,https://images.ygoprodeck.com/images/cards_cropped/94073244.jpg
94076521,Cartorhyn the Hidden Gem of the Seafront,Rock,WATER,2.0,500.0,1600.0,https://images.ygoprodeck.com/images/cards_cropped/94076521.jpg
94079037,Mine Mole,Beast,EARTH,3.0,1000.0,1200.0,https://images.ygoprodeck.com/images/cards_cropped/94079037.jpg
94081496,"Shiny Black ""C""",Insect,EARTH,1.0,200.0,500.0,https://images.ygoprodeck.com/images/cards_cropped/94081496.jpg
94092230,Steelswarm Hercules,Fiend,DARK,10.0,3200.0,0.0,https://images.ygoprodeck.com/images/cards_cropped/94092230.jpg
94096018,SPYGAL Misty,Spellcaster,DARK,4.0,1500.0,1600.0,https://images.ygoprodeck.com/images/cards_cropped/94096018.jpg
94096616,Bujingi Ophidian,Winged Beast,LIGHT,4.0,1700.0,500.0,https://images.ygoprodeck.com/images/cards_cropped/94096616.jpg
94119974,Two-Headed King Rex,Dinosaur,EARTH,4.0,1600.0,1200.0,https://images.ygoprodeck.com/images/cards_cropped/94119974.jpg
94136469,Checksum Dragon,Dragon,DARK,6.0,400.0,2400.0,https://images.ygoprodeck.com/images/cards_cropped/94136469.jpg
94141712,Armed Dragon Thunder LV7,Dragon,WIND,7.0,2800.0,1000.0,https://images.ygoprodeck.com/images/cards_cropped/94141712.jpg
94142993,Tindangle Intruder,Fiend,DARK,6.0,2200.0,0.0,https://images.ygoprodeck.com/images/cards_cropped/94142993.jpg
94145021,Droll & Lock Bird,Spellcaster,WIND,1.0,0.0,0.0,https://images.ygoprodeck.com/images/cards_cropped/94145021.jpg
94160895,"Mariamne, the True Dracophoenix",Wyrm,WIND,9.0,2700.0,2100.0,https://images.ygoprodeck.com/images/cards_cropped/94160895.jpg
94183877,"Loptr, Shadow of the Generaider Bosses",Fairy,FIRE,4.0,1500.0,1500.0,https://images.ygoprodeck.com/images/cards_cropped/94183877.jpg
94203886,Gagaga Child,Spellcaster,DARK,2.0,800.0,1200.0,https://images.ygoprodeck.com/images/cards_cropped/94203886.jpg
94215860,Yaksha,Fairy,WATER,4.0,1900.0,1500.0,https://images.ygoprodeck.com/images/cards_cropped/94215860.jpg
94230224,Needle Ball,Fiend,DARK,2.0,750.0,700.0,https://images.ygoprodeck.com/images/cards_cropped/94230224.jpg
94283662,Trance Archfiend,Fiend,DARK,4.0,1500.0,500.0,https://images.ygoprodeck.com/images/cards_cropped/94283662.jpg
94331452,Symphonic Warrior Drumss,Machine,WIND,2.0,700.0,700.0,https://images.ygoprodeck.com/images/cards_cropped/94331452.jpg
94344242,Digital Bug Websolder,Insect,LIGHT,3.0,500.0,1500.0,https://images.ygoprodeck.com/images/cards_cropped/94344242.jpg
94350039,T.G. Gear Zombie,Zombie,DARK,1.0,600.0,0.0,https://images.ygoprodeck.com/images/cards_cropped/94350039.jpg
94365540,Tindangle Base Gardna,Fiend,DARK,5.0,0.0,2300.0,https://images.ygoprodeck.com/images/cards_cropped/94365540.jpg
94381039,"Celestia, Lightsworn Angel",Fairy,LIGHT,5.0,2300.0,200.0,https://images.ygoprodeck.com/images/cards_cropped/94381039.jpg
94388754,Flower Cardian Clover with Boar,Warrior,DARK,7.0,1000.0,1000.0,https://images.ygoprodeck.com/images/cards_cropped/94388754.jpg
94392192,Kashtira Ogre,Psychic,WATER,7.0,2800.0,1000.0,https://images.ygoprodeck.com/images/cards_cropped/94392192.jpg
94395649,Cocatorium the Heavy Metal Avian,Winged Beast,WIND,4.0,1300.0,900.0,https://images.ygoprodeck.com/images/cards_cropped/94395649.jpg
94412545,Mechaleon,Reptile,WATER,2.0,800.0,600.0,https://images.ygoprodeck.com/images/cards_cropped/94412545.jpg
94415058,Stargazer Magician,Spellcaster,DARK,5.0,1200.0,2400.0,https://images.ygoprodeck.com/images/cards_cropped/94415058.jpg
94418111,Magical Musketeer Wild,Fiend,LIGHT,4.0,1700.0,900.0,https://images.ygoprodeck.com/images/cards_cropped/94418111.jpg
94454495,Kozmo Sliprider,Machine,LIGHT,5.0,2300.0,800.0,https://images.ygoprodeck.com/images/cards_cropped/94454495.jpg
94535485,Hand-Holding Genie,Fiend,DARK,4.0,1000.0,1600.0,https://images.ygoprodeck.com/images/cards_cropped/94535485.jpg
94538053,Max Warrior,Warrior,WIND,4.0,1800.0,800.0,https://images.ygoprodeck.com/images/cards_cropped/94538053.jpg
94568601,Tyrant Dragon,Dragon,FIRE,8.0,2900.0,2500.0,https://images.ygoprodeck.com/images/cards_cropped/94568601.jpg
94573223,Inzektor Giga-Mantis,Insect,DARK,6.0,2400.0,0.0,https://images.ygoprodeck.com/images/cards_cropped/94573223.jpg
94620082,Salamangreat Foxy,Cyberse,FIRE,3.0,1000.0,1200.0,https://images.ygoprodeck.com/images/cards_cropped/94620082.jpg
94622638,Genex Ally Powercell,Machine,DARK,4.0,1700.0,0.0,https://images.ygoprodeck.com/images/cards_cropped/94622638.jpg
94655777,"Nebulus, Dragon Ruler of Mishaps",Dragon,DARK,2.0,1000.0,600.0,https://images.ygoprodeck.com/images/cards_cropped/94655777.jpg
94656263,Kagetokage,Reptile,DARK,4.0,1100.0,1500.0,https://images.ygoprodeck.com/images/cards_cropped/94656263.jpg
94664694,Mad Archfiend,Fiend,DARK,4.0,1800.0,0.0,https://images.ygoprodeck.com/images/cards_cropped/94664694.jpg
94667532,Mecha-Dog Marron,Machine,LIGHT,4.0,1000.0,1000.0,https://images.ygoprodeck.com/images/cards_cropped/94667532.jpg
94670654,Baku the Beast Ninja,Beast,WIND,3.0,1500.0,600.0,https://images.ygoprodeck.com/images/cards_cropped/94670654.jpg
94675535,Larvas,Beast,EARTH,3.0,800.0,1000.0,https://images.ygoprodeck.com/images/cards_cropped/94675535.jpg
94689206,Block Dragon,Rock,EARTH,8.0,2500.0,3000.0,https://images.ygoprodeck.com/images/cards_cropped/94689206.jpg
94689635,Herald of Purple Light,Fairy,LIGHT,2.0,300.0,500.0,https://images.ygoprodeck.com/images/cards_cropped/94689635.jpg
94693857,Deskbot 001,Machine,EARTH,1.0,500.0,500.0,https://images.ygoprodeck.com/images/cards_cropped/94693857.jpg
94703021,Cluster Congester,Cyberse,LIGHT,7.0,1000.0,2200.0,https://images.ygoprodeck.com/images/cards_cropped/94703021.jpg
94730900,Infernoble Knight Maugis,Warrior,FIRE,4.0,1500.0,1000.0,https://images.ygoprodeck.com/images/cards_cropped/94730900.jpg
94766498,Chronomaly Aztec Mask Golem,Rock,EARTH,4.0,1500.0,1000.0,https://images.ygoprodeck.com/images/cards_cropped/94766498.jpg
94773007,Jirai Gumo,Insect,EARTH,4.0,2200.0,100.0,https://images.ygoprodeck.com/images/cards_cropped/94773007.jpg
94784213,Majespecter Fox - Kyubi,Spellcaster,WIND,4.0,1500.0,1000.0,https://images.ygoprodeck.com/images/cards_cropped/94784213.jpg
94801854,Shiranui Solitaire,Zombie,FIRE,4.0,500.0,0.0,https://images.ygoprodeck.com/images/cards_cropped/94801854.jpg
94821366,Amazement Administrator Arlekino,Psychic,DARK,7.0,2600.0,2200.0,https://images.ygoprodeck.com/images/cards_cropped/94821366.jpg
94845226,The Fabled Rubyruda,Beast,LIGHT,4.0,1100.0,800.0,https://images.ygoprodeck.com/images/cards_cropped/94845226.jpg
94853057,Banisher of the Radiance,Fairy,LIGHT,3.0,1600.0,0.0,https://images.ygoprodeck.com/images/cards_cropped/94853057.jpg
94878265,Moja,Beast,EARTH,1.0,100.0,100.0,https://images.ygoprodeck.com/images/cards_cropped/94878265.jpg
94919024,Lunalight Crimson Fox,Beast-Warrior,DARK,4.0,1800.0,600.0,https://images.ygoprodeck.com/images/cards_cropped/94919024.jpg
94944637,Doom Shaman,Spellcaster,DARK,6.0,2400.0,2000.0,https://images.ygoprodeck.com/images/cards_cropped/94944637.jpg
94973028,Mecha Phantom Beast Coltwing,Machine,WIND,4.0,1600.0,1500.0,https://images.ygoprodeck.com/images/cards_cropped/94973028.jpg
94979322,Dark Flare Swordsman,Warrior,FIRE,6.0,2200.0,800.0,https://images.ygoprodeck.com/images/cards_cropped/94979322.jpg
94982447,"Dreiath III, the True Dracocavalry General",Wyrm,EARTH,6.0,2100.0,2800.0,https://images.ygoprodeck.com/images/cards_cropped/94982447.jpg
94997874,Prediction Princess Tarotrei,Fairy,LIGHT,9.0,2700.0,1200.0,https://images.ygoprodeck.com/images/cards_cropped/94997874.jpg
95004025,"Majesty Maiden, the True Dracocaster",Wyrm,WIND,5.0,2300.0,1500.0,https://images.ygoprodeck.com/images/cards_cropped/95004025.jpg
95027497,Ninja Grandmaster Hanzo,Warrior,DARK,4.0,1800.0,1000.0,https://images.ygoprodeck.com/images/cards_cropped/95027497.jpg
95072744,Tohushaddoll Grysta,Rock,EARTH,7.0,2450.0,1950.0,https://images.ygoprodeck.com/images/cards_cropped/95072744.jpg
95090813,Koa'ki Meiru War Arms,Warrior,EARTH,4.0,1400.0,1200.0,https://images.ygoprodeck.com/images/cards_cropped/95090813.jpg
95091919,Prototype Psychic Blaster,Psychic,EARTH,6.0,2000.0,1500.0,https://images.ygoprodeck.com/images/cards_cropped/95091919.jpg
95132593,Hecahands Gaigas,Illusion,DARK,7.0,1200.0,2800.0,https://images.ygoprodeck.com/images/cards_cropped/95132593.jpg
95136979,Unchained Ogre Shara,Fiend,FIRE,4.0,1500.0,2000.0,https://images.ygoprodeck.com/images/cards_cropped/95136979.jpg
95166228,Grasschopper,Insect,EARTH,5.0,2350.0,1000.0,https://images.ygoprodeck.com/images/cards_cropped/95166228.jpg
95174353,Ameba,Aqua,WATER,1.0,300.0,350.0,https://images.ygoprodeck.com/images/cards_cropped/95174353.jpg
95178994,Giant Germ,Fiend,DARK,2.0,1000.0,100.0,https://images.ygoprodeck.com/images/cards_cropped/95178994.jpg
95192919,"Simorgh, Lord of the Storm",Winged Beast,WIND,8.0,2900.0,2000.0,https://images.ygoprodeck.com/images/cards_cropped/95192919.jpg
95204084,Koa'ki Meiru Tornado,Winged Beast,WIND,4.0,1500.0,1200.0,https://images.ygoprodeck.com/images/cards_cropped/95204084.jpg
95209656,Drytron Meteonis Quadrantids,Machine,LIGHT,12.0,4000.0,4000.0,https://images.ygoprodeck.com/images/cards_cropped/95209656.jpg
95218695,Subterror Behemoth Dragossuary,Zombie,EARTH,6.0,2400.0,1600.0,https://images.ygoprodeck.com/images/cards_cropped/95218695.jpg
95231062,Lost Blue Breaker,Sea Serpent,WATER,3.0,1400.0,0.0,https://images.ygoprodeck.com/images/cards_cropped/95231062.jpg
95245544,Witchcrafter Pittore,Spellcaster,WATER,3.0,1000.0,1500.0,https://images.ygoprodeck.com/images/cards_cropped/95245544.jpg
95265975,Ghoul with an Appetite,Zombie,DARK,4.0,1600.0,1200.0,https://images.ygoprodeck.com/images/cards_cropped/95265975.jpg
95288024,Sky Dragon,Dragon,WIND,6.0,1900.0,1800.0,https://images.ygoprodeck.com/images/cards_cropped/95288024.jpg
95291684,D.D. Unicorn Knight,Warrior,LIGHT,4.0,1800.0,900.0,https://images.ygoprodeck.com/images/cards_cropped/95291684.jpg
95360850,Shield Warrior,Warrior,EARTH,3.0,800.0,1600.0,https://images.ygoprodeck.com/images/cards_cropped/95360850.jpg
95362816,Elemental HERO Lady Heat,Pyro,FIRE,4.0,1300.0,1000.0,https://images.ygoprodeck.com/images/cards_cropped/95362816.jpg
95365081,Hecahands Ibtel,Illusion,LIGHT,6.0,1600.0,2100.0,https://images.ygoprodeck.com/images/cards_cropped/95365081.jpg
95395761,Inzektor Ant,Insect,DARK,3.0,200.0,600.0,https://images.ygoprodeck.com/images/cards_cropped/95395761.jpg
95401059,Shaddoll Zefracore,Rock,DARK,4.0,450.0,1950.0,https://images.ygoprodeck.com/images/cards_cropped/95401059.jpg
95403418,Starduston,Fiend,DARK,1.0,-1.0,-1.0,https://images.ygoprodeck.com/images/cards_cropped/95403418.jpg
95440946,Eldlich the Golden Lord,Zombie,LIGHT,10.0,2500.0,2800.0,https://images.ygoprodeck.com/images/cards_cropped/95440946.jpg
95443805,Mist Valley Shaman,Winged Beast,WIND,3.0,1200.0,1200.0,https://images.ygoprodeck.com/images/cards_cropped/95443805.jpg
95457011,Edea the Heavenly Squire,Warrior,LIGHT,1.0,800.0,1000.0,https://images.ygoprodeck.com/images/cards_cropped/95457011.jpg
95466842,Mermail Abysslung,Fish,WATER,4.0,1200.0,1800.0,https://images.ygoprodeck.com/images/cards_cropped/95466842.jpg
95492061,Manju of the Ten Thousand Hands,Fairy,LIGHT,4.0,1400.0,1000.0,https://images.ygoprodeck.com/images/cards_cropped/95492061.jpg
95500396,Superheavy Samurai Soulpeacemaker,Machine,EARTH,1.0,0.0,0.0,https://images.ygoprodeck.com/images/cards_cropped/95500396.jpg
95503687,"Lumina, Lightsworn Summoner",Spellcaster,LIGHT,3.0,1000.0,1000.0,https://images.ygoprodeck.com/images/cards_cropped/95503687.jpg
95504778,Triggering Wurm,Dragon,DARK,2.0,600.0,600.0,https://images.ygoprodeck.com/images/cards_cropped/95504778.jpg
95511642,Crowned by the World Chalice,Spellcaster,WATER,2.0,0.0,2100.0,https://images.ygoprodeck.com/images/cards_cropped/95511642.jpg
95515789,"Blazing Cartesia, the Virtuous",Spellcaster,LIGHT,4.0,1500.0,1500.0,https://images.ygoprodeck.com/images/cards_cropped/95515789.jpg
95519486,The Six Samurai - Zanji,Warrior,LIGHT,4.0,1800.0,1300.0,https://images.ygoprodeck.com/images/cards_cropped/95519486.jpg
95568112,Rain Bozu,Fairy,LIGHT,7.0,0.0,0.0,https://images.ygoprodeck.com/images/cards_cropped/95568112.jpg
95600067,Crystal Beast Topaz Tiger,Beast,EARTH,4.0,1600.0,1000.0,https://images.ygoprodeck.com/images/cards_cropped/95600067.jpg
95614612,Cannonball Spear Shellfish,Aqua,WATER,2.0,1000.0,1000.0,https://images.ygoprodeck.com/images/cards_cropped/95614612.jpg
95621257,Flamvell Magician,Spellcaster,FIRE,4.0,1400.0,200.0,https://images.ygoprodeck.com/images/cards_cropped/95621257.jpg
95637655,Backup Warrior,Warrior,EARTH,5.0,2100.0,0.0,https://images.ygoprodeck.com/images/cards_cropped/95637655.jpg
95679145,Dogmatika Maximus,Spellcaster,LIGHT,8.0,1500.0,3000.0,https://images.ygoprodeck.com/images/cards_cropped/95679145.jpg
95701283,Majestic Mech - Goryu,Fairy,LIGHT,8.0,2900.0,1800.0,https://images.ygoprodeck.com/images/cards_cropped/95701283.jpg
95718355,Regenesis Archfiend,Fiend,EARTH,8.0,2500.0,2500.0,https://images.ygoprodeck.com/images/cards_cropped/95718355.jpg
95727991,Catapult Turtle,Aqua,WATER,5.0,1000.0,2000.0,https://images.ygoprodeck.com/images/cards_cropped/95727991.jpg
95735217,Ancient Gear Golem - Ultimate Pound,Machine,EARTH,8.0,3000.0,3000.0,https://images.ygoprodeck.com/images/cards_cropped/95735217.jpg
95744531,Griggle,Plant,EARTH,1.0,350.0,300.0,https://images.ygoprodeck.com/images/cards_cropped/95744531.jpg
95772051,Ignoble Knight of Black Laundsallyn,Warrior,DARK,5.0,2000.0,800.0,https://images.ygoprodeck.com/images/cards_cropped/95772051.jpg
95788410,Rabidragon,Dragon,LIGHT,8.0,2950.0,2900.0,https://images.ygoprodeck.com/images/cards_cropped/95788410.jpg
95789089,Kangaroo Champ,Beast,EARTH,4.0,800.0,700.0,https://images.ygoprodeck.com/images/cards_cropped/95789089.jpg
95816395,Dogu,Rock,EARTH,4.0,1900.0,0.0,https://images.ygoprodeck.com/images/cards_cropped/95816395.jpg
95824983,Electric Jellyfish,Aqua,WATER,4.0,1400.0,1700.0,https://images.ygoprodeck.com/images/cards_cropped/95824983.jpg
95825679,Archfiend's Awakening,Fiend,DARK,6.0,2500.0,1200.0,https://images.ygoprodeck.com/images/cards_cropped/95825679.jpg
95833645,Magma Dragon,Wyrm,FIRE,4.0,1600.0,1200.0,https://images.ygoprodeck.com/images/cards_cropped/95833645.jpg
95841282,Cat's Ear Tribe,Beast-Warrior,EARTH,1.0,200.0,100.0,https://images.ygoprodeck.com/images/cards_cropped/95841282.jpg
95886782,ZW - Sylphid Wing,Beast,LIGHT,4.0,800.0,1600.0,https://images.ygoprodeck.com/images/cards_cropped/95886782.jpg
95888876,Chthonian Emperor Dragon,Dragon,FIRE,6.0,2400.0,1500.0,https://images.ygoprodeck.com/images/cards_cropped/95888876.jpg
95905259,Chow Len the Prophet,Spellcaster,FIRE,4.0,1800.0,200.0,https://images.ygoprodeck.com/images/cards_cropped/95905259.jpg
95923441,Triamid Hunter,Rock,EARTH,3.0,1400.0,1100.0,https://images.ygoprodeck.com/images/cards_cropped/95923441.jpg
95929069,Ice Hand,Aqua,WATER,4.0,1400.0,1600.0,https://images.ygoprodeck.com/images/cards_cropped/95929069.jpg
95943058,Evil HERO Infernal Gainer,Fiend,EARTH,4.0,1600.0,0.0,https://images.ygoprodeck.com/images/cards_cropped/95943058.jpg
95953557,Infernoble Knight Astolfo,Warrior,FIRE,1.0,500.0,200.0,https://images.ygoprodeck.com/images/cards_cropped/95953557.jpg
95956346,Shining Angel,Fairy,LIGHT,4.0,1400.0,800.0,https://images.ygoprodeck.com/images/cards_cropped/95956346.jpg
95974848,S-Force Orrafist,Cyberse,LIGHT,4.0,1800.0,1000.0,https://images.ygoprodeck.com/images/cards_cropped/95974848.jpg
95990456,Onmoraki,Zombie,EARTH,4.0,1200.0,1000.0,https://images.ygoprodeck.com/images/cards_cropped/95990456.jpg
95993388,Landrobe the Rock Vassal,Rock,EARTH,4.0,800.0,1000.0,https://images.ygoprodeck.com/images/cards_cropped/95993388.jpg
96005454,Hunter Dragon,Dragon,DARK,3.0,1700.0,100.0,https://images.ygoprodeck.com/images/cards_cropped/96005454.jpg
96026108,Drytron Zeta Aldhibah,Machine,LIGHT,1.0,2000.0,0.0,https://images.ygoprodeck.com/images/cards_cropped/96026108.jpg
96030710,Centur-Ion Atrii,Dragon,DARK,4.0,1800.0,1400.0,https://images.ygoprodeck.com/images/cards_cropped/96030710.jpg
96051150,Hazy Flame Mantikor,Winged Beast,FIRE,6.0,2200.0,300.0,https://images.ygoprodeck.com/images/cards_cropped/96051150.jpg
96055137,Infernoid Sjette,Fiend,FIRE,6.0,2400.0,0.0,https://images.ygoprodeck.com/images/cards_cropped/96055137.jpg
96084564,Aileron,Machine,WIND,1.0,0.0,0.0,https://images.ygoprodeck.com/images/cards_cropped/96084564.jpg
96099959,X-Saber Palomuro,Reptile,EARTH,1.0,200.0,300.0,https://images.ygoprodeck.com/images/cards_cropped/96099959.jpg
96146814,A/D Changer,Warrior,LIGHT,1.0,100.0,100.0,https://images.ygoprodeck.com/images/cards_cropped/96146814.jpg
96163807,"Tristan, Knight of the Underworld",Zombie,DARK,4.0,1800.0,0.0,https://images.ygoprodeck.com/images/cards_cropped/96163807.jpg
96182448,Nitro Synchron,Machine,FIRE,2.0,300.0,100.0,https://images.ygoprodeck.com/images/cards_cropped/96182448.jpg
96214561,"Simorgh, Bird of Bringing",Winged Beast,WIND,2.0,1000.0,1000.0,https://images.ygoprodeck.com/images/cards_cropped/96214561.jpg
96223501,Satellarknight Zefrathuban,Warrior,LIGHT,4.0,0.0,2100.0,https://images.ygoprodeck.com/images/cards_cropped/96223501.jpg
96227613,Supreme King Gate Zero,Fiend,DARK,7.0,0.0,0.0,https://images.ygoprodeck.com/images/cards_cropped/96227613.jpg
96228804,"Regulus, the Prince of Endymion",Spellcaster,LIGHT,4.0,1700.0,1300.0,https://images.ygoprodeck.com/images/cards_cropped/96228804.jpg
96235275,"Jain, Lightsworn Paladin",Warrior,LIGHT,4.0,1800.0,1200.0,https://images.ygoprodeck.com/images/cards_cropped/96235275.jpg
96287685,Jar Turtle,Reptile,WATER,4.0,200.0,2100.0,https://images.ygoprodeck.com/images/cards_cropped/96287685.jpg
96300057,W-Wing Catapult,Machine,LIGHT,4.0,1300.0,1500.0,https://images.ygoprodeck.com/images/cards_cropped/96300057.jpg
96305350,Gold Pride - Captain Carrie,Fiend,WATER,3.0,900.0,1700.0,https://images.ygoprodeck.com/images/cards_cropped/96305350.jpg
96345184,"Infinity of the Sacred Beasts - Raviel, Lord of Phantasms",Fiend,DARK,10.0,4000.0,4000.0,https://images.ygoprodeck.com/images/cards_cropped/96345184.jpg
96345188,Raidraptor - Mimicry Lanius,Winged Beast,DARK,4.0,1100.0,1900.0,https://images.ygoprodeck.com/images/cards_cropped/96345188.jpg
96352326,Eda the Sun Magician,Spellcaster,EARTH,4.0,1500.0,1500.0,https://images.ygoprodeck.com/images/cards_cropped/96352326.jpg
96384007,Machina Defender,Machine,EARTH,4.0,1200.0,1800.0,https://images.ygoprodeck.com/images/cards_cropped/96384007.jpg
96385345,Rose Paladin,Warrior,EARTH,4.0,1800.0,200.0,https://images.ygoprodeck.com/images/cards_cropped/96385345.jpg
96399967,"Gizmek Naganaki, the Sunrise Signaler",Machine,LIGHT,2.0,950.0,950.0,https://images.ygoprodeck.com/images/cards_cropped/96399967.jpg
96427353,Aqua Armor Ninja,Warrior,WATER,4.0,800.0,1600.0,https://images.ygoprodeck.com/images/cards_cropped/96427353.jpg
96428622,Cybernetic Cyclopean,Beast-Warrior,EARTH,4.0,1400.0,200.0,https://images.ygoprodeck.com/images/cards_cropped/96428622.jpg
96470883,Queen Angel of Roses,Plant,EARTH,7.0,2400.0,1300.0,https://images.ygoprodeck.com/images/cards_cropped/96470883.jpg
96501677,Catnipped Kitty,Beast,EARTH,2.0,0.0,500.0,https://images.ygoprodeck.com/images/cards_cropped/96501677.jpg
96540807,Regenesis Warrior,Warrior,FIRE,7.0,2500.0,2500.0,https://images.ygoprodeck.com/images/cards_cropped/96540807.jpg
96546575,Mega Fortress Whale,Fish,WATER,7.0,2550.0,2350.0,https://images.ygoprodeck.com/images/cards_cropped/96546575.jpg
96553688,Phoenixian Seed,Plant,FIRE,2.0,800.0,0.0,https://images.ygoprodeck.com/images/cards_cropped/96553688.jpg
96561011,Red-Eyes Darkness Dragon,Dragon,DARK,9.0,2400.0,2000.0,https://images.ygoprodeck.com/images/cards_cropped/96561011.jpg
96565487,Blizzard Warrior,Warrior,WATER,3.0,1400.0,400.0,https://images.ygoprodeck.com/images/cards_cropped/96565487.jpg
96570609,Ehther the Heavenly Monarch,Fairy,LIGHT,8.0,2800.0,1000.0,https://images.ygoprodeck.com/images/cards_cropped/96570609.jpg
96576187,"Weiss, Lightsworn Archfiend",Fiend,LIGHT,4.0,0.0,1700.0,https://images.ygoprodeck.com/images/cards_cropped/96576187.jpg
96594609,Fire King Avatar Kirin,Beast,FIRE,3.0,1000.0,200.0,https://images.ygoprodeck.com/images/cards_cropped/96594609.jpg
96606246,Performapal Friendonkey,Beast,EARTH,3.0,1600.0,600.0,https://images.ygoprodeck.com/images/cards_cropped/96606246.jpg
96622984,Predaplant Flytrap,Plant,DARK,2.0,400.0,800.0,https://images.ygoprodeck.com/images/cards_cropped/96622984.jpg
96643568,Wetha,Aqua,WATER,3.0,1000.0,900.0,https://images.ygoprodeck.com/images/cards_cropped/96643568.jpg
96653775,Naturia Pumpkin,Plant,EARTH,4.0,1400.0,800.0,https://images.ygoprodeck.com/images/cards_cropped/96653775.jpg
96676583,Maliss <P> Chessy Cat,Cyberse,DARK,3.0,1500.0,300.0,https://images.ygoprodeck.com/images/cards_cropped/96676583.jpg
96682430,Mermail Abysshilde,Aqua,WATER,3.0,1300.0,400.0,https://images.ygoprodeck.com/images/cards_cropped/96682430.jpg
96693371,Vision HERO Multiply Guy,Warrior,DARK,3.0,800.0,700.0,https://images.ygoprodeck.com/images/cards_cropped/96693371.jpg
96704018,Heraldic Beast Berners Falcon,Winged Beast,WIND,4.0,1000.0,1600.0,https://images.ygoprodeck.com/images/cards_cropped/96704018.jpg
96708940,Speedroid Marble Machine,Machine,WIND,2.0,200.0,100.0,https://images.ygoprodeck.com/images/cards_cropped/96708940.jpg
96733134,Supreme King Dragon Odd-Eyes,Dragon,DARK,8.0,2500.0,2000.0,https://images.ygoprodeck.com/images/cards_cropped/96733134.jpg
96746083,"True King Agnimazud, the Vanisher",Wyrm,FIRE,9.0,2900.0,1900.0,https://images.ygoprodeck.com/images/cards_cropped/96746083.jpg
96782886,Mind Master,Psychic,LIGHT,1.0,100.0,200.0,https://images.ygoprodeck.com/images/cards_cropped/96782886.jpg
96789758,Aromage Jasmine,Plant,LIGHT,2.0,100.0,1900.0,https://images.ygoprodeck.com/images/cards_cropped/96789758.jpg
96795312,Sage of Strength - Akash,Machine,FIRE,5.0,2400.0,200.0,https://images.ygoprodeck.com/images/cards_cropped/96795312.jpg
96802306,Igknight Gallant,Warrior,FIRE,6.0,2100.0,2200.0,https://images.ygoprodeck.com/images/cards_cropped/96802306.jpg
96823189,Dragon of Pride and Soul,Dragon,DARK,8.0,2500.0,2500.0,https://images.ygoprodeck.com/images/cards_cropped/96823189.jpg
96851799,Hinotama Soul,Pyro,FIRE,2.0,600.0,500.0,https://images.ygoprodeck.com/images/cards_cropped/96851799.jpg
96872283,Evocator Chevalier,Warrior,FIRE,4.0,1900.0,900.0,https://images.ygoprodeck.com/images/cards_cropped/96872283.jpg
96890582,Flash Assailant,Fiend,DARK,4.0,2000.0,2000.0,https://images.ygoprodeck.com/images/cards_cropped/96890582.jpg
96891787,"Dogmatika Theo, the Iron Punch",Spellcaster,LIGHT,4.0,1800.0,1500.0,https://images.ygoprodeck.com/images/cards_cropped/96891787.jpg
96914272,Egotistical Ape,Beast,EARTH,5.0,1200.0,1200.0,https://images.ygoprodeck.com/images/cards_cropped/96914272.jpg
96915510,"Crealtar, the Impcantation Originator",Fiend,LIGHT,10.0,3000.0,3000.0,https://images.ygoprodeck.com/images/cards_cropped/96915510.jpg
96930127,Chain Dog,Beast,EARTH,4.0,1600.0,1100.0,https://images.ygoprodeck.com/images/cards_cropped/96930127.jpg
96938777,Machine Lord Ur,Machine,EARTH,4.0,1600.0,1500.0,https://images.ygoprodeck.com/images/cards_cropped/96938777.jpg
96938986,Resonance Insect,Insect,EARTH,4.0,1000.0,700.0,https://images.ygoprodeck.com/images/cards_cropped/96938986.jpg
96945958,Speedroid CarTurbo,Machine,WIND,3.0,800.0,1200.0,https://images.ygoprodeck.com/images/cards_cropped/96945958.jpg
96967123,Dharma Cannon,Machine,DARK,2.0,900.0,500.0,https://images.ygoprodeck.com/images/cards_cropped/96967123.jpg
96981563,Giant Turtle Who Feeds on Flames,Aqua,WATER,5.0,1400.0,1800.0,https://images.ygoprodeck.com/images/cards_cropped/96981563.jpg
97000273,Scrap Kong,Beast,EARTH,4.0,2000.0,1000.0,https://images.ygoprodeck.com/images/cards_cropped/97000273.jpg
97017120,Giant Rat,Beast,EARTH,4.0,1400.0,1450.0,https://images.ygoprodeck.com/images/cards_cropped/97017120.jpg
97021916,Dark Resonator,Fiend,DARK,3.0,1300.0,300.0,https://images.ygoprodeck.com/images/cards_cropped/97021916.jpg
97023549,Blade Skater,Warrior,EARTH,4.0,1400.0,1500.0,https://images.ygoprodeck.com/images/cards_cropped/97023549.jpg
97024987,Igknight Templar,Warrior,FIRE,4.0,1700.0,1300.0,https://images.ygoprodeck.com/images/cards_cropped/97024987.jpg
97036149,Tenyi Spirit - Nahata,Wyrm,WIND,4.0,800.0,1000.0,https://images.ygoprodeck.com/images/cards_cropped/97036149.jpg
97064649,Secret Sect Druid Wid,Spellcaster,DARK,4.0,0.0,1800.0,https://images.ygoprodeck.com/images/cards_cropped/97064649.jpg
97093037,The Creator Incarnate,Warrior,LIGHT,4.0,1600.0,1500.0,https://images.ygoprodeck.com/images/cards_cropped/97093037.jpg
97112505,Chronomaly Magella Globe,Machine,LIGHT,4.0,1500.0,300.0,https://images.ygoprodeck.com/images/cards_cropped/97112505.jpg
97127906,Alien Shocktrooper,Reptile,EARTH,4.0,1900.0,800.0,https://images.ygoprodeck.com/images/cards_cropped/97127906.jpg
97148796,Drytron Alpha Thuban,Machine,LIGHT,1.0,2000.0,0.0,https://images.ygoprodeck.com/images/cards_cropped/97148796.jpg
97219708,Raidraptor - Last Strix,Winged Beast,DARK,1.0,100.0,100.0,https://images.ygoprodeck.com/images/cards_cropped/97219708.jpg
97240270,Mad Lobster,Aqua,WATER,3.0,1700.0,1000.0,https://images.ygoprodeck.com/images/cards_cropped/97240270.jpg
97240499,Orphebull the Harmonious Bullfighter Bard,Beast-Warrior,LIGHT,8.0,3000.0,2400.0,https://images.ygoprodeck.com/images/cards_cropped/97240499.jpg
97262307,Ragnaraika Wicked Butterfly,Insect,EARTH,4.0,1800.0,0.0,https://images.ygoprodeck.com/images/cards_cropped/97262307.jpg
97268402,Effect Veiler,Spellcaster,LIGHT,1.0,0.0,0.0,https://images.ygoprodeck.com/images/cards_cropped/97268402.jpg
97316367,Infinitrack Tunneller,Machine,EARTH,5.0,2200.0,500.0,https://images.ygoprodeck.com/images/cards_cropped/97316367.jpg
97317530,"Kalantosa, Mystical Beast of the Forest",Beast,EARTH,2.0,200.0,1400.0,https://images.ygoprodeck.com/images/cards_cropped/97317530.jpg
97360116,Unknown Warrior of Fiend,Warrior,DARK,3.0,1000.0,500.0,https://images.ygoprodeck.com/images/cards_cropped/97360116.jpg
97385276,Level Warrior,Warrior,LIGHT,3.0,300.0,600.0,https://images.ygoprodeck.com/images/cards_cropped/97385276.jpg
97396380,Fencing Fire Ferret,Beast,FIRE,4.0,1700.0,600.0,https://images.ygoprodeck.com/images/cards_cropped/97396380.jpg
97417863,D/D/D/D Super-Dimensional Sovereign Emperor Zero Paradox,Fiend,DARK,12.0,3000.0,3000.0,https://images.ygoprodeck.com/images/cards_cropped/97417863.jpg
97434754,Artmage Litera,Spellcaster,LIGHT,3.0,400.0,1800.0,https://images.ygoprodeck.com/images/cards_cropped/97434754.jpg
97439806,Fabled Kushano,Fiend,LIGHT,3.0,1100.0,800.0,https://images.ygoprodeck.com/images/cards_cropped/97439806.jpg
97452817,Arcana Force XVIII - The Moon,Fairy,LIGHT,7.0,2800.0,2800.0,https://images.ygoprodeck.com/images/cards_cropped/97452817.jpg
97462632,Griffoh,Fiend,DARK,1.0,300.0,200.0,https://images.ygoprodeck.com/images/cards_cropped/97462632.jpg
97466438,Zany Zebra,Beast,DARK,2.0,0.0,2000.0,https://images.ygoprodeck.com/images/cards_cropped/97466438.jpg
97466712,Hack Worm,Machine,DARK,1.0,400.0,0.0,https://images.ygoprodeck.com/images/cards_cropped/97466712.jpg
97476032,Ice Doll,Spellcaster,WATER,2.0,800.0,1000.0,https://images.ygoprodeck.com/images/cards_cropped/97476032.jpg
97518132,Naelshaddoll Ariel,Psychic,WATER,4.0,1000.0,1800.0,https://images.ygoprodeck.com/images/cards_cropped/97518132.jpg
97522863,The Man with the Mark,Spellcaster,EARTH,4.0,1000.0,1000.0,https://images.ygoprodeck.com/images/cards_cropped/97522863.jpg
97526666,Planet Pathfinder,Machine,EARTH,4.0,1000.0,1000.0,https://images.ygoprodeck.com/images/cards_cropped/97526666.jpg
97534104,Mystic Potato,Plant,DARK,4.0,1400.0,1100.0,https://images.ygoprodeck.com/images/cards_cropped/97534104.jpg
97556336,Medius the Pure,Fairy,DARK,4.0,1800.0,1800.0,https://images.ygoprodeck.com/images/cards_cropped/97556336.jpg
97565997,"Ogdoabyss, the Ogdoadic Overlord",Reptile,LIGHT,10.0,3100.0,2200.0,https://images.ygoprodeck.com/images/cards_cropped/97565997.jpg
97567736,Edge Imp Tomahawk,Fiend,DARK,4.0,1800.0,800.0,https://images.ygoprodeck.com/images/cards_cropped/97567736.jpg
97574404,Arcana Force VI - The Lovers,Fairy,LIGHT,4.0,1600.0,1600.0,https://images.ygoprodeck.com/images/cards_cropped/97574404.jpg
97584500,Ghostrick Mummy,Zombie,DARK,3.0,1500.0,0.0,https://images.ygoprodeck.com/images/cards_cropped/97584500.jpg
97588916,Deskbot 007,Machine,EARTH,7.0,500.0,500.0,https://images.ygoprodeck.com/images/cards_cropped/97588916.jpg
97590747,La Jinn the Mystical Genie of the Lamp,Fiend,DARK,4.0,1800.0,1000.0,https://images.ygoprodeck.com/images/cards_cropped/97590747.jpg
97612389,Monster Tamer,Warrior,EARTH,5.0,1800.0,1600.0,https://images.ygoprodeck.com/images/cards_cropped/97612389.jpg
97623219,Element Valkyrie,Fairy,LIGHT,4.0,1500.0,1200.0,https://images.ygoprodeck.com/images/cards_cropped/97623219.jpg
97631303,Magicians' Souls,Spellcaster,DARK,1.0,0.0,0.0,https://images.ygoprodeck.com/images/cards_cropped/97631303.jpg
97637162,Handigallop,Beast,EARTH,1.0,0.0,0.0,https://images.ygoprodeck.com/images/cards_cropped/97637162.jpg
97639441,Photon Jumper,Warrior,LIGHT,4.0,0.0,0.0,https://images.ygoprodeck.com/images/cards_cropped/97639441.jpg
97642679,Dark Master - Zorc,Fiend,DARK,8.0,2700.0,1500.0,https://images.ygoprodeck.com/images/cards_cropped/97642679.jpg
97651498,Fabled Lurrie,Fiend,LIGHT,1.0,200.0,400.0,https://images.ygoprodeck.com/images/cards_cropped/97651498.jpg
97662494,Heraldic Beast Stad Whale,Fish,WATER,4.0,900.0,1900.0,https://images.ygoprodeck.com/images/cards_cropped/97662494.jpg
97682931,Revolution Synchron,Machine,EARTH,3.0,900.0,1400.0,https://images.ygoprodeck.com/images/cards_cropped/97682931.jpg
97688360,Gouki Twistcobra,Warrior,EARTH,3.0,1600.0,0.0,https://images.ygoprodeck.com/images/cards_cropped/97688360.jpg
97692972,Amazoness Golden Whip Master,Warrior,EARTH,5.0,2000.0,1200.0,https://images.ygoprodeck.com/images/cards_cropped/97692972.jpg
97697678,Flying Saucer Muusik'i,Machine,LIGHT,5.0,1000.0,2000.0,https://images.ygoprodeck.com/images/cards_cropped/97697678.jpg
97698279,Centur-Ion Gargoyle II,Dragon,DARK,8.0,2000.0,3000.0,https://images.ygoprodeck.com/images/cards_cropped/97698279.jpg
97750534,The Agent of Entropy - Uranus,Fairy,DARK,5.0,2200.0,1200.0,https://images.ygoprodeck.com/images/cards_cropped/97750534.jpg
97783659,Blood Sucker,Zombie,DARK,4.0,1300.0,1500.0,https://images.ygoprodeck.com/images/cards_cropped/97783659.jpg
97811903,Clear Vice Dragon,Dragon,DARK,8.0,-1.0,0.0,https://images.ygoprodeck.com/images/cards_cropped/97811903.jpg
97818130,Black Skull Dragon the Archfiend Dragon of Unity,Dragon,DARK,9.0,3200.0,2500.0,https://images.ygoprodeck.com/images/cards_cropped/97818130.jpg
97843505,Djinn the Watcher of the Wind,Spellcaster,WIND,3.0,700.0,900.0,https://images.ygoprodeck.com/images/cards_cropped/97843505.jpg
97854941,Valkyrie Sigrun,Fairy,LIGHT,9.0,2200.0,2400.0,https://images.ygoprodeck.com/images/cards_cropped/97854941.jpg
97870394,Amazoness Spiritualist,Warrior,EARTH,2.0,800.0,1800.0,https://images.ygoprodeck.com/images/cards_cropped/97870394.jpg
97885363,Wattdragonfly,Thunder,LIGHT,2.0,900.0,100.0,https://images.ygoprodeck.com/images/cards_cropped/97885363.jpg
97896503,Zubaba Knight,Warrior,EARTH,3.0,1600.0,900.0,https://images.ygoprodeck.com/images/cards_cropped/97896503.jpg
97904474,Handcuffs Dragon,Dragon,WIND,5.0,1800.0,1800.0,https://images.ygoprodeck.com/images/cards_cropped/97904474.jpg
97923414,Inpachi,Machine,EARTH,4.0,1600.0,1900.0,https://images.ygoprodeck.com/images/cards_cropped/97923414.jpg
97940434,Chaos Hunter,Fiend,DARK,7.0,2500.0,1600.0,https://images.ygoprodeck.com/images/cards_cropped/97940434.jpg
97947705,Backup Operator,Cyberse,LIGHT,3.0,1200.0,800.0,https://images.ygoprodeck.com/images/cards_cropped/97947705.jpg
97949165,Lyrilusc - Turquoise Warbler,Winged Beast,WIND,1.0,100.0,100.0,https://images.ygoprodeck.com/images/cards_cropped/97949165.jpg
97973387,Droll Bird,Winged Beast,WIND,2.0,600.0,500.0,https://images.ygoprodeck.com/images/cards_cropped/97973387.jpg
98007437,"Knight Armed Dragon, the Armored Knight Dragon",Dragon,WIND,3.0,1400.0,1900.0,https://images.ygoprodeck.com/images/cards_cropped/98007437.jpg
98022050,Animadorned Archosaur,Dinosaur,LIGHT,1.0,0.0,0.0,https://images.ygoprodeck.com/images/cards_cropped/98022050.jpg
98024118,White Potan,Fairy,LIGHT,1.0,100.0,200.0,https://images.ygoprodeck.com/images/cards_cropped/98024118.jpg
98049038,Stealthroid,Machine,DARK,4.0,1200.0,0.0,https://images.ygoprodeck.com/images/cards_cropped/98049038.jpg
98049915,Mystic Lamp,Spellcaster,DARK,1.0,400.0,300.0,https://images.ygoprodeck.com/images/cards_cropped/98049915.jpg
98075147,Spiked Snail,Insect,DARK,3.0,700.0,1300.0,https://images.ygoprodeck.com/images/cards_cropped/98075147.jpg
98093548,Brotherhood of the Fire Fist - Elephant,Beast-Warrior,FIRE,4.0,1000.0,1800.0,https://images.ygoprodeck.com/images/cards_cropped/98093548.jpg
98126725,Shien's Advisor,Warrior,EARTH,4.0,1200.0,400.0,https://images.ygoprodeck.com/images/cards_cropped/98126725.jpg
98147766,Genetic Woman,Psychic,WIND,4.0,1700.0,1200.0,https://images.ygoprodeck.com/images/cards_cropped/98147766.jpg
98154550,Primitive Butterfly,Insect,WIND,5.0,1200.0,900.0,https://images.ygoprodeck.com/images/cards_cropped/98154550.jpg
98159737,Tenyi Spirit - Adhara,Wyrm,EARTH,1.0,0.0,0.0,https://images.ygoprodeck.com/images/cards_cropped/98159737.jpg
98162021,Shien's Daredevil,Warrior,EARTH,4.0,1600.0,1000.0,https://images.ygoprodeck.com/images/cards_cropped/98162021.jpg
98162242,Needle Burrower,Machine,DARK,5.0,1700.0,1700.0,https://images.ygoprodeck.com/images/cards_cropped/98162242.jpg
98169343,Trickstar Corobane,Fairy,LIGHT,5.0,2000.0,1000.0,https://images.ygoprodeck.com/images/cards_cropped/98169343.jpg
98225108,Leotaur,Beast-Warrior,EARTH,4.0,1500.0,1600.0,https://images.ygoprodeck.com/images/cards_cropped/98225108.jpg
98229575,U.A. Playmaker,Warrior,EARTH,8.0,2600.0,2000.0,https://images.ygoprodeck.com/images/cards_cropped/98229575.jpg
98234196,"Clavkiys, the Magikey Skyblaster",Warrior,DARK,4.0,1900.0,1900.0,https://images.ygoprodeck.com/images/cards_cropped/98234196.jpg
98248208,"Driangle, Dragon of the Dark Deep",Sea Serpent,WATER,10.0,2100.0,3100.0,https://images.ygoprodeck.com/images/cards_cropped/98248208.jpg
98263709,Galaxy Mirror Sage,Spellcaster,LIGHT,3.0,0.0,800.0,https://images.ygoprodeck.com/images/cards_cropped/98263709.jpg
98266377,Elemental HERO Heat,Pyro,FIRE,4.0,1600.0,1200.0,https://images.ygoprodeck.com/images/cards_cropped/98266377.jpg
98280324,Fluffal Sheep,Fairy,EARTH,2.0,400.0,800.0,https://images.ygoprodeck.com/images/cards_cropped/98280324.jpg
98287529,"Amorphactor Pain, the Imagination Dracoverlord",Dragon,EARTH,8.0,2950.0,2500.0,https://images.ygoprodeck.com/images/cards_cropped/98287529.jpg
98301564,Guiding Ariadne,Fairy,LIGHT,4.0,1700.0,800.0,https://images.ygoprodeck.com/images/cards_cropped/98301564.jpg
98336111,Fusion Devourer,Fiend,DARK,4.0,1400.0,1200.0,https://images.ygoprodeck.com/images/cards_cropped/98336111.jpg
98358303,Serene Psychic Witch,Psychic,EARTH,3.0,1400.0,1200.0,https://images.ygoprodeck.com/images/cards_cropped/98358303.jpg
98371278,DMZ Dragon,Dragon,DARK,4.0,0.0,2000.0,https://images.ygoprodeck.com/images/cards_cropped/98371278.jpg
98385955,Silvy of the White Forest,Spellcaster,LIGHT,4.0,1500.0,200.0,https://images.ygoprodeck.com/images/cards_cropped/98385955.jpg
98396890,Vision Resonator,Fiend,DARK,2.0,400.0,400.0,https://images.ygoprodeck.com/images/cards_cropped/98396890.jpg
98416533,Melffy Wally,Beast,EARTH,2.0,0.0,400.0,https://images.ygoprodeck.com/images/cards_cropped/98416533.jpg
98434877,Suijin,Aqua,WATER,7.0,2500.0,2400.0,https://images.ygoprodeck.com/images/cards_cropped/98434877.jpg
98437424,Naturia Cosmobeet,Plant,EARTH,2.0,1000.0,700.0,https://images.ygoprodeck.com/images/cards_cropped/98437424.jpg
98439949,Infinitrack Crab Crane,Machine,EARTH,5.0,2100.0,500.0,https://images.ygoprodeck.com/images/cards_cropped/98439949.jpg
98446407,Hand of Nephthys,Spellcaster,WIND,2.0,600.0,600.0,https://images.ygoprodeck.com/images/cards_cropped/98446407.jpg
98456117,Boneheimer,Aqua,WATER,3.0,850.0,400.0,https://images.ygoprodeck.com/images/cards_cropped/98456117.jpg
98520301,Asset Mountis,Insect,LIGHT,7.0,2300.0,2000.0,https://images.ygoprodeck.com/images/cards_cropped/98520301.jpg
98555327,Galaxy Wizard,Spellcaster,LIGHT,4.0,0.0,1800.0,https://images.ygoprodeck.com/images/cards_cropped/98555327.jpg
98582704,Wing Egg Elf,Fairy,LIGHT,3.0,500.0,1300.0,https://images.ygoprodeck.com/images/cards_cropped/98582704.jpg
98585345,Winged Kuriboh LV10,Fairy,LIGHT,10.0,300.0,200.0,https://images.ygoprodeck.com/images/cards_cropped/98585345.jpg
98588427,Steam Knight - BULLauncher,Beast-Warrior,FIRE,4.0,1800.0,200.0,https://images.ygoprodeck.com/images/cards_cropped/98588427.jpg
98649372,Skull Kraken,Aqua,DARK,3.0,600.0,1600.0,https://images.ygoprodeck.com/images/cards_cropped/98649372.jpg
98684051,White Sardine,Fish,WATER,2.0,800.0,0.0,https://images.ygoprodeck.com/images/cards_cropped/98684051.jpg
98684220,Black Chaos,Spellcaster,DARK,8.0,3000.0,2500.0,https://images.ygoprodeck.com/images/cards_cropped/98684220.jpg
98700941,Trickstar Lilybell,Fairy,LIGHT,2.0,800.0,2000.0,https://images.ygoprodeck.com/images/cards_cropped/98700941.jpg
98707192,Ghostrick Mary,Fiend,DARK,1.0,100.0,1600.0,https://images.ygoprodeck.com/images/cards_cropped/98707192.jpg
98719226,Alien Warrior,Reptile,EARTH,4.0,1800.0,1000.0,https://images.ygoprodeck.com/images/cards_cropped/98719226.jpg
98745000,Mystical Knight of Jackal,Beast-Warrior,LIGHT,7.0,2700.0,1200.0,https://images.ygoprodeck.com/images/cards_cropped/98745000.jpg
98777036,Tragoedia,Fiend,DARK,10.0,-1.0,-1.0,https://images.ygoprodeck.com/images/cards_cropped/98777036.jpg
98780137,Malicevorous Knife,Fiend,DARK,2.0,600.0,100.0,https://images.ygoprodeck.com/images/cards_cropped/98780137.jpg
98787535,"Aleirtt, the Ogdoadic Dark",Reptile,DARK,8.0,2000.0,800.0,https://images.ygoprodeck.com/images/cards_cropped/98787535.jpg
98795934,Mabarrel,Fiend,DARK,5.0,1700.0,1400.0,https://images.ygoprodeck.com/images/cards_cropped/98795934.jpg
98806751,Obsessive Uvualoop,Fiend,EARTH,4.0,1200.0,1800.0,https://images.ygoprodeck.com/images/cards_cropped/98806751.jpg
98818516,Frenzied Panda,Beast,EARTH,4.0,1200.0,1000.0,https://images.ygoprodeck.com/images/cards_cropped/98818516.jpg
98865920,Achacha Archer,Warrior,FIRE,3.0,1200.0,600.0,https://images.ygoprodeck.com/images/cards_cropped/98865920.jpg
98875863,G Golem Rock Hammer,Cyberse,EARTH,6.0,1800.0,2400.0,https://images.ygoprodeck.com/images/cards_cropped/98875863.jpg
98881700,Crystal Shark,Fish,WATER,5.0,1100.0,800.0,https://images.ygoprodeck.com/images/cards_cropped/98881700.jpg
98881931,Photon Advancer,Warrior,LIGHT,4.0,1000.0,1000.0,https://images.ygoprodeck.com/images/cards_cropped/98881931.jpg
98884569,Blue Rose Dragon,Dragon,DARK,4.0,1600.0,1200.0,https://images.ygoprodeck.com/images/cards_cropped/98884569.jpg
98888032,Spore the Fairy Seed,Plant,LIGHT,1.0,400.0,800.0,https://images.ygoprodeck.com/images/cards_cropped/98888032.jpg
98898163,Grandtusk Dragon,Dragon,EARTH,8.0,1400.0,2400.0,https://images.ygoprodeck.com/images/cards_cropped/98898163.jpg
98898173,The Melting Red Shadow,Aqua,WATER,2.0,500.0,700.0,https://images.ygoprodeck.com/images/cards_cropped/98898173.jpg
98931282,Destiny HERO - Dreadnought Servant,Warrior,DARK,3.0,400.0,700.0,https://images.ygoprodeck.com/images/cards_cropped/98931282.jpg
98937206,Rokket Detonator,Dragon,DARK,7.0,1800.0,2500.0,https://images.ygoprodeck.com/images/cards_cropped/98937206.jpg
98954375,Infernity Destroyer,Fiend,DARK,6.0,2300.0,1000.0,https://images.ygoprodeck.com/images/cards_cropped/98954375.jpg
98999181,Disciple of Nephthys,Spellcaster,WIND,2.0,0.0,2000.0,https://images.ygoprodeck.com/images/cards_cropped/98999181.jpg
99000107,Gendo the Ascetic Monk,Spellcaster,WATER,4.0,300.0,1800.0,https://images.ygoprodeck.com/images/cards_cropped/99000107.jpg
99000151,Necro Fleur,Plant,DARK,1.0,0.0,0.0,https://images.ygoprodeck.com/images/cards_cropped/99000151.jpg
99030164,Happy Lover,Fairy,LIGHT,2.0,800.0,500.0,https://images.ygoprodeck.com/images/cards_cropped/99030164.jpg
99050989,Drillago,Machine,DARK,4.0,1600.0,1100.0,https://images.ygoprodeck.com/images/cards_cropped/99050989.jpg
99054885,The Agent of Destruction - Venus,Fairy,DARK,3.0,0.0,1600.0,https://images.ygoprodeck.com/images/cards_cropped/99054885.jpg
99070951,Esper Girl,Psychic,EARTH,2.0,500.0,300.0,https://images.ygoprodeck.com/images/cards_cropped/99070951.jpg
99150062,Naturia Antjaw,Insect,EARTH,2.0,400.0,200.0,https://images.ygoprodeck.com/images/cards_cropped/99150062.jpg
99153051,Ragnaraika the Evil Seed,Plant,EARTH,1.0,0.0,0.0,https://images.ygoprodeck.com/images/cards_cropped/99153051.jpg
99171160,Kozaky,Fiend,DARK,1.0,400.0,400.0,https://images.ygoprodeck.com/images/cards_cropped/99171160.jpg
99177923,Infernity Archfiend,Fiend,DARK,4.0,1800.0,1200.0,https://images.ygoprodeck.com/images/cards_cropped/99177923.jpg
99185129,Nekroz of Clausolas,Warrior,WATER,3.0,1200.0,2300.0,https://images.ygoprodeck.com/images/cards_cropped/99185129.jpg
99193444,"Poseidra, the Storming Atlantean",Sea Serpent,WATER,7.0,2800.0,1600.0,https://images.ygoprodeck.com/images/cards_cropped/99193444.jpg
99212922,White Dragon Ninja,Dragon,LIGHT,7.0,2700.0,1200.0,https://images.ygoprodeck.com/images/cards_cropped/99212922.jpg
99214782,Steelswarm Sentinel,Fiend,DARK,3.0,1100.0,0.0,https://images.ygoprodeck.com/images/cards_cropped/99214782.jpg
99229085,Gimmick Puppet Cattle Scream,Machine,DARK,8.0,2000.0,2000.0,https://images.ygoprodeck.com/images/cards_cropped/99229085.jpg
99234526,White Dragon Wyverburster,Dragon,LIGHT,4.0,1700.0,1800.0,https://images.ygoprodeck.com/images/cards_cropped/99234526.jpg
99249638,Union Driver,Machine,LIGHT,5.0,2100.0,1000.0,https://images.ygoprodeck.com/images/cards_cropped/99249638.jpg
99261403,Dark Rabbit,Beast,DARK,4.0,1100.0,1500.0,https://images.ygoprodeck.com/images/cards_cropped/99261403.jpg
99284890,Avatar of The Pot,Rock,EARTH,3.0,1200.0,1300.0,https://images.ygoprodeck.com/images/cards_cropped/99284890.jpg
99307040,Horus the Black Flame Deity,Dragon,FIRE,8.0,3000.0,1800.0,https://images.ygoprodeck.com/images/cards_cropped/99307040.jpg
99315585,The Phantom Knights of Cloven Helm,Warrior,DARK,4.0,1500.0,500.0,https://images.ygoprodeck.com/images/cards_cropped/99315585.jpg
99328137,Ice Knight,Aqua,WATER,4.0,1300.0,1200.0,https://images.ygoprodeck.com/images/cards_cropped/99328137.jpg
99348756,Valkyrian Knight,Warrior,FIRE,4.0,1900.0,1200.0,https://images.ygoprodeck.com/images/cards_cropped/99348756.jpg
99357565,D Cubed,Machine,DARK,1.0,0.0,0.0,https://images.ygoprodeck.com/images/cards_cropped/99357565.jpg
99365553,Lightpulsar Dragon,Dragon,LIGHT,6.0,2500.0,1500.0,https://images.ygoprodeck.com/images/cards_cropped/99365553.jpg
99370594,"Ghost Sleeper, the Underworld Princess",Zombie,DARK,3.0,1300.0,0.0,https://images.ygoprodeck.com/images/cards_cropped/99370594.jpg
99414168,Elemental Mistress Doriado,Spellcaster,LIGHT,3.0,1200.0,1400.0,https://images.ygoprodeck.com/images/cards_cropped/99414168.jpg
99423156,Shiranui Spiritmaster,Zombie,FIRE,4.0,1500.0,0.0,https://images.ygoprodeck.com/images/cards_cropped/99423156.jpg
99426834,Beastking of the Swamps,Aqua,WATER,4.0,1000.0,1100.0,https://images.ygoprodeck.com/images/cards_cropped/99426834.jpg
99427357,Cyber Angel Natasha,Fairy,LIGHT,5.0,1000.0,1000.0,https://images.ygoprodeck.com/images/cards_cropped/99427357.jpg
99429730,Sylvan Guardioak,Plant,EARTH,6.0,2400.0,1500.0,https://images.ygoprodeck.com/images/cards_cropped/99429730.jpg
99456344,Dramaturge of Despia,Fairy,DARK,8.0,3000.0,1500.0,https://images.ygoprodeck.com/images/cards_cropped/99456344.jpg
99458769,"Reign-Beaux, Overlord of Dark World",Fiend,DARK,7.0,2500.0,1800.0,https://images.ygoprodeck.com/images/cards_cropped/99458769.jpg
99471856,Crystron Tristaros,Machine,WATER,2.0,800.0,2000.0,https://images.ygoprodeck.com/images/cards_cropped/99471856.jpg
99510761,Lord of the Lamp,Fiend,DARK,4.0,1400.0,1200.0,https://images.ygoprodeck.com/images/cards_cropped/99510761.jpg
99529628,"Keaf, Murk of the Ghoti",Fish,WATER,2.0,0.0,1500.0,https://images.ygoprodeck.com/images/cards_cropped/99529628.jpg
99532708,Alien Mars,Reptile,FIRE,3.0,1000.0,1000.0,https://images.ygoprodeck.com/images/cards_cropped/99532708.jpg
99581584,Guard Penguin,Winged Beast,WATER,4.0,0.0,1200.0,https://images.ygoprodeck.com/images/cards_cropped/99581584.jpg
99594764,Dragunity Corsesca,Dragon,WIND,1.0,800.0,700.0,https://images.ygoprodeck.com/images/cards_cropped/99594764.jpg
99628747,Megalith Bethor,Rock,EARTH,8.0,1500.0,2600.0,https://images.ygoprodeck.com/images/cards_cropped/99628747.jpg
99634927,Abyss Actor - Funky Comedian,Fiend,DARK,1.0,300.0,200.0,https://images.ygoprodeck.com/images/cards_cropped/99634927.jpg
99641328,Sylvan Komushroomo,Plant,FIRE,2.0,100.0,2000.0,https://images.ygoprodeck.com/images/cards_cropped/99641328.jpg
99645428,Gem-Knight Lapis,Rock,EARTH,3.0,1200.0,100.0,https://images.ygoprodeck.com/images/cards_cropped/99645428.jpg
99668578,Satellarknight Procyon,Warrior,LIGHT,4.0,1300.0,1200.0,https://images.ygoprodeck.com/images/cards_cropped/99668578.jpg
99675356,Shien's Footsoldier,Warrior,EARTH,2.0,700.0,300.0,https://images.ygoprodeck.com/images/cards_cropped/99675356.jpg
99690140,Gravekeeper's Vassal,Spellcaster,DARK,3.0,700.0,500.0,https://images.ygoprodeck.com/images/cards_cropped/99690140.jpg
99707692,Raidraptor - Noir Lanius,Winged Beast,DARK,4.0,1600.0,500.0,https://images.ygoprodeck.com/images/cards_cropped/99707692.jpg
99721536,Dokurorider,Zombie,DARK,6.0,1900.0,1850.0,https://images.ygoprodeck.com/images/cards_cropped/99721536.jpg
99733359,Stegocyber,Dinosaur,DARK,6.0,1200.0,2400.0,https://images.ygoprodeck.com/images/cards_cropped/99733359.jpg
99742859,Rescue Hedgehog,Beast,EARTH,4.0,300.0,100.0,https://images.ygoprodeck.com/images/cards_cropped/99742859.jpg
99745551,Danger!? Tsuchinoko?,Reptile,DARK,3.0,1300.0,0.0,https://images.ygoprodeck.com/images/cards_cropped/99745551.jpg
99747800,Legendary Fiend,Fiend,DARK,6.0,1500.0,1800.0,https://images.ygoprodeck.com/images/cards_cropped/99747800.jpg
99748883,Meteor Rush - Monochroid,Machine,EARTH,10.0,0.0,0.0,https://images.ygoprodeck.com/images/cards_cropped/99748883.jpg
99753860,Ars Magna of Unification and Separation,Spellcaster,FIRE,8.0,1000.0,1800.0,https://images.ygoprodeck.com/images/cards_cropped/99753860.jpg
99785935,Alpha The Magnet Warrior,Rock,EARTH,4.0,1400.0,1700.0,https://images.ygoprodeck.com/images/cards_cropped/99785935.jpg
99792080,"Phantasos, the Dream Mirror Foe",Beast-Warrior,DARK,4.0,1900.0,900.0,https://images.ygoprodeck.com/images/cards_cropped/99792080.jpg
99801464,Sari of the Silverwing Axe,Machine,LIGHT,3.0,500.0,100.0,https://images.ygoprodeck.com/images/cards_cropped/99801464.jpg
99861526,Submarineroid,Machine,WATER,4.0,800.0,1800.0,https://images.ygoprodeck.com/images/cards_cropped/99861526.jpg
99865167,Wind Effigy,Winged Beast,WIND,4.0,1800.0,200.0,https://images.ygoprodeck.com/images/cards_cropped/99865167.jpg
99877698,Gravekeeper's Cannonholder,Spellcaster,DARK,4.0,1400.0,1200.0,https://images.ygoprodeck.com/images/cards_cropped/99877698.jpg
99885917,Marincess Pascalus,Cyberse,WATER,4.0,1200.0,2000.0,https://images.ygoprodeck.com/images/cards_cropped/99885917.jpg
99899504,Skull Flame,Zombie,FIRE,8.0,2600.0,2000.0,https://images.ygoprodeck.com/images/cards_cropped/99899504.jpg
99902789,Chow Chow Chan,Beast,EARTH,2.0,800.0,800.0,https://images.ygoprodeck.com/images/cards_cropped/99902789.jpg
99910751,Mokey Mokey Adrift,Fairy,LIGHT,1.0,300.0,100.0,https://images.ygoprodeck.com/images/cards_cropped/99910751.jpg
99913726,Predaplant Drosophyllum Hydra,Plant,DARK,5.0,800.0,2300.0,https://images.ygoprodeck.com/images/cards_cropped/99913726.jpg
99937011,Mudora the Sword Oracle,Fairy,EARTH,4.0,1500.0,1800.0,https://images.ygoprodeck.com/images/cards_cropped/99937011.jpg
99946920,"Taotie, Shadow of the Yang Zing",Wyrm,DARK,5.0,2200.0,0.0,https://images.ygoprodeck.com/images/cards_cropped/99946920.jpg
100200292,Thoroughbred Elf,Spellcaster,LIGHT,4.0,1800.0,1500.0,https://images.ygoprodeck.com/images/cards_cropped/100200292.jpg
100200293,Assault Lion,Beast-Warrior,EARTH,7.0,2600.0,2500.0,https://images.ygoprodeck.com/images/cards_cropped/100200293.jpg
100200297,Armor Wizard Pazoo,Spellcaster,LIGHT,3.0,0.0,700.0,https://images.ygoprodeck.com/images/cards_cropped/100200297.jpg
100459002,Perfect Eclosion - Perfectly Ultimate Great Moth,Insect,EARTH,8.0,3500.0,3000.0,https://images.ygoprodeck.com/images/cards_cropped/100459002.jpg
100459005,Barrel Dragon the Machine Dragon,Machine,DARK,7.0,2600.0,2200.0,https://images.ygoprodeck.com/images/cards_cropped/100459005.jpg
100459006,Relinquished the Wicked Eye of Illusion,Illusion,DARK,1.0,0.0,0.0,https://images.ygoprodeck.com/images/cards_cropped/100459006.jpg
100459008,"Gilford the Lightning, the Warrior of Thunderbolts",Warrior,LIGHT,8.0,2800.0,1400.0,https://images.ygoprodeck.com/images/cards_cropped/100459008.jpg
100459012,Zombyra,Warrior,DARK,4.0,2100.0,500.0,https://images.ygoprodeck.com/images/cards_cropped/100459012.jpg
100459013,Evil Dragon Cards - Earth Dragon,Dragon,EARTH,4.0,1200.0,2000.0,https://images.ygoprodeck.com/images/cards_cropped/100459013.jpg
100459014,Evil Dragon Cards - Metal Dragon,Dragon,LIGHT,5.0,2100.0,1500.0,https://images.ygoprodeck.com/images/cards_cropped/100459014.jpg
100459018,King of Yamimado,Fiend,DARK,7.0,2600.0,2300.0,https://images.ygoprodeck.com/images/cards_cropped/100459018.jpg
100459020,Knight of Twin Swords,Warrior,EARTH,3.0,350.0,200.0,https://images.ygoprodeck.com/images/cards_cropped/100459020.jpg
100459022,Archfiend of Gilfer - Flame Attack,Fiend,DARK,6.0,2200.0,2500.0,https://images.ygoprodeck.com/images/cards_cropped/100459022.jpg
100459023,Gearfried the Steel Knight,Warrior,EARTH,4.0,1800.0,1600.0,https://images.ygoprodeck.com/images/cards_cropped/100459023.jpg
101304014,Elvennotes Regina,Spellcaster,WIND,6.0,2000.0,1800.0,https://images.ygoprodeck.com/images/cards_cropped/101304014.jpg
101402101,"Audhumla, Progenitor of the Frozen Expanse",Aqua,WATER,9.0,2500.0,3200.0,https://images.ygoprodeck.com/images/cards_cropped/101402101.jpg
101403001,The Sun God's Poet - Helpoemer,Fiend,DARK,5.0,2000.0,1400.0,https://images.ygoprodeck.com/images/cards_cropped/101403001.jpg
101403002,The Sun God's Destructor - Makyura,Warrior,DARK,4.0,1600.0,1200.0,https://images.ygoprodeck.com/images/cards_cropped/101403002.jpg
101403003,The Sun God's Terror Machine - Gil Garth,Fiend,DARK,4.0,1800.0,1200.0,https://images.ygoprodeck.com/images/cards_cropped/101403003.jpg
101403004,The Sun God's Torture Device - Viser Des Shock,Fiend,DARK,4.0,800.0,1200.0,https://images.ygoprodeck.com/images/cards_cropped/101403004.jpg
101403013,Salamangreat Markhor,Cyberse,FIRE,4.0,300.0,2100.0,https://images.ygoprodeck.com/images/cards_cropped/101403013.jpg
101403014,Salamangreat Bastella,Cyberse,FIRE,3.0,1600.0,1000.0,https://images.ygoprodeck.com/images/cards_cropped/101403014.jpg
101403024,Reindsurm Amurusa,Insect,WIND,4.0,1000.0,2200.0,https://images.ygoprodeck.com/images/cards_cropped/101403024.jpg
101403025,Reindsurm Luvian,Insect,WATER,4.0,1900.0,1100.0,https://images.ygoprodeck.com/images/cards_cropped/101403025.jpg
101403026,Reindsurm Carcasas,Insect,LIGHT,4.0,2000.0,1300.0,https://images.ygoprodeck.com/images/cards_cropped/101403026.jpg
101403027,Reindsurm Gigalovendra,Insect,FIRE,8.0,3000.0,1100.0,https://images.ygoprodeck.com/images/cards_cropped/101403027.jpg
101403028,Reindsurm Giriakarma,Insect,DARK,8.0,3300.0,1300.0,https://images.ygoprodeck.com/images/cards_cropped/101403028.jpg
501000000,Ulevo,Winged Beast,EARTH,10.0,3000.0,2500.0,https://images.ygoprodeck.com/images/cards_cropped/501000000.jpg
501000001,Meteo the Matchless,Beast-Warrior,DARK,8.0,2400.0,2000.0,https://images.ygoprodeck.com/images/cards_cropped/501000001.jpg
501000002,King of Destruction - Xexex,Fiend,DARK,10.0,3000.0,2500.0,https://images.ygoprodeck.com/images/cards_cropped/501000002.jpg
501000003,Queen of Fate - Eternia,Fairy,LIGHT,8.0,2400.0,2000.0,https://images.ygoprodeck.com/images/cards_cropped/501000003.jpg
501000004,Testament of the Arcane Lords,Spellcaster,LIGHT,10.0,3000.0,3000.0,https://images.ygoprodeck.com/images/cards_cropped/501000004.jpg
501000006,"Chimaera, the Master of Beasts",Beast,LIGHT,9.0,3000.0,3000.0,https://images.ygoprodeck.com/images/cards_cropped/501000006.jpg
501000007,Emperor of Lightning,Thunder,LIGHT,8.0,2600.0,2600.0,https://images.ygoprodeck.com/images/cards_cropped/501000007.jpg
